method,repeat,metric,value
Alternating Diffusion,0,chs,6.028426438383708
Alternating Diffusion,0,ami,0.7455297395638235
Alternating Diffusion,0,ari,0.504542976558241
Alternating Diffusion,1,chs,6.009016230735528
Alternating Diffusion,1,ami,0.764935072911601
Alternating Diffusion,1,ari,0.5495298689098596
Alternating Diffusion,2,chs,6.035198146296816
Alternating Diffusion,2,ami,0.7408385502729818
Alternating Diffusion,2,ari,0.48938731607539887
Alternating Diffusion,3,chs,6.035324103602613
Alternating Diffusion,3,ami,0.7502600697113552
Alternating Diffusion,3,ari,0.48847744302459345
Alternating Diffusion,4,chs,5.992702821698787
Alternating Diffusion,4,ami,0.7601248693636734
Alternating Diffusion,4,ari,0.5619921652815346
Alternating Diffusion,5,chs,5.935583275496191
Alternating Diffusion,5,ami,0.7515578527646426
Alternating Diffusion,5,ari,0.49715808170515097
Alternating Diffusion,6,chs,6.017095334417258
Alternating Diffusion,6,ami,0.7576763807726469
Alternating Diffusion,6,ari,0.5150255604823805
Alternating Diffusion,7,chs,6.031666651310525
Alternating Diffusion,7,ami,0.7474283178208333
Alternating Diffusion,7,ari,0.5348923131913548
Alternating Diffusion,8,chs,6.032951212488177
Alternating Diffusion,8,ami,0.7509551232158075
Alternating Diffusion,8,ari,0.5216741280928927
Alternating Diffusion,9,chs,6.043071702847092
Alternating Diffusion,9,ami,0.7603314312134445
Alternating Diffusion,9,ari,0.5100887015150187
Alternating Diffusion,10,chs,6.0265114525593555
Alternating Diffusion,10,ami,0.7574658649503643
Alternating Diffusion,10,ari,0.5407700110313831
Alternating Diffusion,11,chs,6.0258304718364375
Alternating Diffusion,11,ami,0.739093669098394
Alternating Diffusion,11,ari,0.5040450977640951
Alternating Diffusion,12,chs,6.044542067969416
Alternating Diffusion,12,ami,0.7622487647958334
Alternating Diffusion,12,ari,0.5547752492463235
Alternating Diffusion,13,chs,5.976561926188184
Alternating Diffusion,13,ami,0.740157826277913
Alternating Diffusion,13,ari,0.528824922092463
Alternating Diffusion,14,chs,6.027114895867825
Alternating Diffusion,14,ami,0.7490265057530074
Alternating Diffusion,14,ari,0.5281018818179045
Alternating Diffusion,15,chs,6.017568395994115
Alternating Diffusion,15,ami,0.7591503148528874
Alternating Diffusion,15,ari,0.542107078791224
Alternating Diffusion,16,chs,6.005069216909934
Alternating Diffusion,16,ami,0.7472841694807082
Alternating Diffusion,16,ari,0.4770869239926213
Alternating Diffusion,17,chs,6.038205072891035
Alternating Diffusion,17,ami,0.7488716594276217
Alternating Diffusion,17,ari,0.47456381109188867
Alternating Diffusion,18,chs,6.035950298136134
Alternating Diffusion,18,ami,0.7539842211292402
Alternating Diffusion,18,ari,0.5385807841731229
Alternating Diffusion,19,chs,6.04745603891992
Alternating Diffusion,19,ami,0.7465194873896952
Alternating Diffusion,19,ari,0.4913485660685001
Alternating Diffusion,20,chs,6.039285083845542
Alternating Diffusion,20,ami,0.7572491685279736
Alternating Diffusion,20,ari,0.5188318536682525
Alternating Diffusion,21,chs,5.995619419093211
Alternating Diffusion,21,ami,0.7560946863779735
Alternating Diffusion,21,ari,0.540144773598554
Alternating Diffusion,22,chs,6.025425508848123
Alternating Diffusion,22,ami,0.7468237125834243
Alternating Diffusion,22,ari,0.5230325170856173
Alternating Diffusion,23,chs,6.041530728504588
Alternating Diffusion,23,ami,0.7425726555092269
Alternating Diffusion,23,ari,0.491678864992681
Alternating Diffusion,24,chs,6.032893490735795
Alternating Diffusion,24,ami,0.7464616508915418
Alternating Diffusion,24,ari,0.5120039961287502
Alternating Diffusion,25,chs,5.956270221162811
Alternating Diffusion,25,ami,0.7492426064454992
Alternating Diffusion,25,ari,0.5642137182495671
Alternating Diffusion,26,chs,6.034565874203728
Alternating Diffusion,26,ami,0.745520231203787
Alternating Diffusion,26,ari,0.49219787516600266
Alternating Diffusion,27,chs,6.019495956501658
Alternating Diffusion,27,ami,0.7593046364401324
Alternating Diffusion,27,ari,0.5509527161449099
Alternating Diffusion,28,chs,5.978421857472018
Alternating Diffusion,28,ami,0.7428647549219215
Alternating Diffusion,28,ari,0.5395070990556899
Alternating Diffusion,29,chs,5.97970437207609
Alternating Diffusion,29,ami,0.7492796662349908
Alternating Diffusion,29,ari,0.5274233266174166
Alternating Diffusion,30,chs,6.041901802461605
Alternating Diffusion,30,ami,0.7488692474703698
Alternating Diffusion,30,ari,0.5016116041932254
Alternating Diffusion,31,chs,5.976452215645542
Alternating Diffusion,31,ami,0.7570542784487049
Alternating Diffusion,31,ari,0.5593821571238349
Alternating Diffusion,32,chs,6.042597618943402
Alternating Diffusion,32,ami,0.7527496770379886
Alternating Diffusion,32,ari,0.4762815735239538
Alternating Diffusion,33,chs,5.957353607608741
Alternating Diffusion,33,ami,0.7432605956862882
Alternating Diffusion,33,ari,0.5366340936812147
Alternating Diffusion,34,chs,6.035440953861986
Alternating Diffusion,34,ami,0.7528203306471473
Alternating Diffusion,34,ari,0.52124495063486
Alternating Diffusion,35,chs,5.983429305708435
Alternating Diffusion,35,ami,0.7715232277930033
Alternating Diffusion,35,ari,0.5921733440616426
Alternating Diffusion,36,chs,6.0230879384682225
Alternating Diffusion,36,ami,0.7490039146006082
Alternating Diffusion,36,ari,0.53054189567062
Alternating Diffusion,37,chs,5.97981625465861
Alternating Diffusion,37,ami,0.7523746554828661
Alternating Diffusion,37,ari,0.5777240922808815
Alternating Diffusion,38,chs,6.033439324184941
Alternating Diffusion,38,ami,0.7495814949478502
Alternating Diffusion,38,ari,0.5274752366575145
Alternating Diffusion,39,chs,5.887554467321655
Alternating Diffusion,39,ami,0.7366684238257468
Alternating Diffusion,39,ari,0.5067117537541352
Alternating Diffusion,40,chs,5.956016055796915
Alternating Diffusion,40,ami,0.736170950661369
Alternating Diffusion,40,ari,0.49503277976279253
Alternating Diffusion,41,chs,6.034714324949654
Alternating Diffusion,41,ami,0.7578052541692604
Alternating Diffusion,41,ari,0.542423289890466
Alternating Diffusion,42,chs,6.007168408482304
Alternating Diffusion,42,ami,0.7404167520374206
Alternating Diffusion,42,ari,0.5158063492593644
Alternating Diffusion,43,chs,5.994124367859914
Alternating Diffusion,43,ami,0.7601435104937146
Alternating Diffusion,43,ari,0.5813982425899291
Alternating Diffusion,44,chs,6.040651398781179
Alternating Diffusion,44,ami,0.7683552159722173
Alternating Diffusion,44,ari,0.5293931037848654
Alternating Diffusion,45,chs,5.998975189549935
Alternating Diffusion,45,ami,0.7495799006228737
Alternating Diffusion,45,ari,0.5318508451541664
Alternating Diffusion,46,chs,6.061471322987279
Alternating Diffusion,46,ami,0.7628984778934242
Alternating Diffusion,46,ari,0.4569321946361771
Alternating Diffusion,47,chs,6.0012199277958835
Alternating Diffusion,47,ami,0.7482667081024945
Alternating Diffusion,47,ari,0.5174133179945423
Alternating Diffusion,48,chs,6.042733732671284
Alternating Diffusion,48,ami,0.7674162888140641
Alternating Diffusion,48,ari,0.5575420524617788
Alternating Diffusion,49,chs,5.917997289388984
Alternating Diffusion,49,ami,0.735995910630951
Alternating Diffusion,49,ari,0.4968758560415335
Alternating Diffusion,50,chs,6.00893963155497
Alternating Diffusion,50,ami,0.7536951531769319
Alternating Diffusion,50,ari,0.53697575064685
Alternating Diffusion,51,chs,5.996716853204074
Alternating Diffusion,51,ami,0.7421058024759247
Alternating Diffusion,51,ari,0.5202509135940774
Alternating Diffusion,52,chs,5.973618679592
Alternating Diffusion,52,ami,0.7470212098099717
Alternating Diffusion,52,ari,0.5411491364454755
Alternating Diffusion,53,chs,6.009861827429951
Alternating Diffusion,53,ami,0.7297043373390084
Alternating Diffusion,53,ari,0.4987724038383007
Alternating Diffusion,54,chs,5.929017698130579
Alternating Diffusion,54,ami,0.7412575504223698
Alternating Diffusion,54,ari,0.5271811923949694
Alternating Diffusion,55,chs,5.9298541823114315
Alternating Diffusion,55,ami,0.7488417268262946
Alternating Diffusion,55,ari,0.516914749661705
Alternating Diffusion,56,chs,5.985664724988045
Alternating Diffusion,56,ami,0.7622495534245172
Alternating Diffusion,56,ari,0.5771717713999807
Alternating Diffusion,57,chs,6.0355173589595825
Alternating Diffusion,57,ami,0.7377301251138462
Alternating Diffusion,57,ari,0.4809478705525656
Alternating Diffusion,58,chs,6.00004972603211
Alternating Diffusion,58,ami,0.7520367167048039
Alternating Diffusion,58,ari,0.560007660744646
Alternating Diffusion,59,chs,6.032917745515729
Alternating Diffusion,59,ami,0.764041618991109
Alternating Diffusion,59,ari,0.5431388494282234
Alternating Diffusion,60,chs,6.033657284053819
Alternating Diffusion,60,ami,0.7549219502006762
Alternating Diffusion,60,ari,0.5119324997785955
Alternating Diffusion,61,chs,6.007577254987051
Alternating Diffusion,61,ami,0.7465977630698118
Alternating Diffusion,61,ari,0.5202509135940774
Alternating Diffusion,62,chs,5.922778747251908
Alternating Diffusion,62,ami,0.7405670580157291
Alternating Diffusion,62,ari,0.5251228270865193
Alternating Diffusion,63,chs,5.965817139910979
Alternating Diffusion,63,ami,0.7686529089044885
Alternating Diffusion,63,ari,0.5443889922553518
Alternating Diffusion,64,chs,5.9920893776571456
Alternating Diffusion,64,ami,0.7580633519787932
Alternating Diffusion,64,ari,0.5477743638363097
Alternating Diffusion,65,chs,6.027214320315493
Alternating Diffusion,65,ami,0.7407507044472134
Alternating Diffusion,65,ari,0.5114232306540448
Alternating Diffusion,66,chs,6.008012737533971
Alternating Diffusion,66,ami,0.7293447619603803
Alternating Diffusion,66,ari,0.4684561971599897
Alternating Diffusion,67,chs,6.02347764462241
Alternating Diffusion,67,ami,0.7476908167941644
Alternating Diffusion,67,ari,0.4994209612044007
Alternating Diffusion,68,chs,6.0326836661389684
Alternating Diffusion,68,ami,0.7602204591612679
Alternating Diffusion,68,ari,0.525999719377017
Alternating Diffusion,69,chs,5.9943909522743795
Alternating Diffusion,69,ami,0.7475673143459
Alternating Diffusion,69,ari,0.5331134085870408
Alternating Diffusion,70,chs,5.965383120506812
Alternating Diffusion,70,ami,0.7637264621212402
Alternating Diffusion,70,ari,0.5830568133902873
Alternating Diffusion,71,chs,6.020024452053986
Alternating Diffusion,71,ami,0.7485178791329838
Alternating Diffusion,71,ari,0.5284735491943784
Alternating Diffusion,72,chs,6.008886050845332
Alternating Diffusion,72,ami,0.7607877933382119
Alternating Diffusion,72,ari,0.5680638455317355
Alternating Diffusion,73,chs,6.039803477459415
Alternating Diffusion,73,ami,0.7370350539616404
Alternating Diffusion,73,ari,0.49383976206937036
Alternating Diffusion,74,chs,5.9101177632096755
Alternating Diffusion,74,ami,0.7353206575859454
Alternating Diffusion,74,ari,0.5032823262909712
Alternating Diffusion,75,chs,6.038658331707218
Alternating Diffusion,75,ami,0.7447246349912676
Alternating Diffusion,75,ari,0.5082660831913639
Alternating Diffusion,76,chs,5.972800257621963
Alternating Diffusion,76,ami,0.7392462683782745
Alternating Diffusion,76,ari,0.5188317762562582
Alternating Diffusion,77,chs,6.013976610014924
Alternating Diffusion,77,ami,0.7534171551177554
Alternating Diffusion,77,ari,0.5422362080833907
Alternating Diffusion,78,chs,6.002551159293908
Alternating Diffusion,78,ami,0.7642460830566434
Alternating Diffusion,78,ari,0.5634175466942302
Alternating Diffusion,79,chs,6.022690081402972
Alternating Diffusion,79,ami,0.7410612828257704
Alternating Diffusion,79,ari,0.47782619284363625
Alternating Diffusion,80,chs,5.957224858995228
Alternating Diffusion,80,ami,0.7501232967118219
Alternating Diffusion,80,ari,0.5191647426949717
Alternating Diffusion,81,chs,6.023923917875431
Alternating Diffusion,81,ami,0.7397282308248636
Alternating Diffusion,81,ari,0.5013888957012084
Alternating Diffusion,82,chs,6.033730753925245
Alternating Diffusion,82,ami,0.745544078929696
Alternating Diffusion,82,ari,0.4978977699543676
Alternating Diffusion,83,chs,5.9659757086068765
Alternating Diffusion,83,ami,0.7525795016287519
Alternating Diffusion,83,ari,0.5499330331699532
Alternating Diffusion,84,chs,6.023675295815786
Alternating Diffusion,84,ami,0.7476008626003043
Alternating Diffusion,84,ari,0.5011828764246811
Alternating Diffusion,85,chs,5.990308634908674
Alternating Diffusion,85,ami,0.7547204780301351
Alternating Diffusion,85,ari,0.5431540302225719
Alternating Diffusion,86,chs,6.013874555542107
Alternating Diffusion,86,ami,0.7636222797239381
Alternating Diffusion,86,ari,0.5925061277274026
Alternating Diffusion,87,chs,6.025706637414929
Alternating Diffusion,87,ami,0.7616538015858842
Alternating Diffusion,87,ari,0.523883931155017
Alternating Diffusion,88,chs,6.02771752421269
Alternating Diffusion,88,ami,0.7549798364061917
Alternating Diffusion,88,ari,0.5407306471643438
Alternating Diffusion,89,chs,5.963251216597667
Alternating Diffusion,89,ami,0.7583625833011708
Alternating Diffusion,89,ari,0.5091611027986561
Alternating Diffusion,90,chs,5.997082561914283
Alternating Diffusion,90,ami,0.73609801384606
Alternating Diffusion,90,ari,0.5190171057697597
Alternating Diffusion,91,chs,5.90961523792508
Alternating Diffusion,91,ami,0.751070093443256
Alternating Diffusion,91,ari,0.5182183389747134
Alternating Diffusion,92,chs,6.036115798295335
Alternating Diffusion,92,ami,0.7420123206442725
Alternating Diffusion,92,ari,0.5071833403611757
Alternating Diffusion,93,chs,6.0066648489662615
Alternating Diffusion,93,ami,0.745161501279358
Alternating Diffusion,93,ari,0.549398855537305
Alternating Diffusion,94,chs,6.008536820144517
Alternating Diffusion,94,ami,0.7498381460033163
Alternating Diffusion,94,ari,0.5456404091097338
Alternating Diffusion,95,chs,6.013394908122375
Alternating Diffusion,95,ami,0.7690120753672762
Alternating Diffusion,95,ari,0.5660924009247432
Alternating Diffusion,96,chs,6.029748340451377
Alternating Diffusion,96,ami,0.7763394370099034
Alternating Diffusion,96,ari,0.55947479844015
Alternating Diffusion,97,chs,6.022623040138393
Alternating Diffusion,97,ami,0.7687714432939898
Alternating Diffusion,97,ari,0.5599078341013825
Alternating Diffusion,98,chs,6.023890854033015
Alternating Diffusion,98,ami,0.7413560687364917
Alternating Diffusion,98,ari,0.48883914751756163
Alternating Diffusion,99,chs,5.958483212106969
Alternating Diffusion,99,ami,0.7435140076648743
Alternating Diffusion,99,ari,0.5238802459364006
Multi-view Diffusion Maps,0,chs,6.012221648804791
Multi-view Diffusion Maps,0,ami,0.7695011150165105
Multi-view Diffusion Maps,0,ari,0.5651410785196351
Multi-view Diffusion Maps,1,chs,5.970027373102519
Multi-view Diffusion Maps,1,ami,0.7700519018857189
Multi-view Diffusion Maps,1,ari,0.6022620579172971
Multi-view Diffusion Maps,2,chs,5.927699813370939
Multi-view Diffusion Maps,2,ami,0.7678579846241488
Multi-view Diffusion Maps,2,ari,0.5825148047309401
Multi-view Diffusion Maps,3,chs,5.965942865175391
Multi-view Diffusion Maps,3,ami,0.7343800591605982
Multi-view Diffusion Maps,3,ari,0.5216812397908059
Multi-view Diffusion Maps,4,chs,5.970032309300635
Multi-view Diffusion Maps,4,ami,0.7789597943451316
Multi-view Diffusion Maps,4,ari,0.6096331138287865
Multi-view Diffusion Maps,5,chs,5.9500091320557935
Multi-view Diffusion Maps,5,ami,0.7748351304779357
Multi-view Diffusion Maps,5,ari,0.6045253946661695
Multi-view Diffusion Maps,6,chs,5.962438901273982
Multi-view Diffusion Maps,6,ami,0.7442711481567418
Multi-view Diffusion Maps,6,ari,0.5478719674975057
Multi-view Diffusion Maps,7,chs,5.962448293714653
Multi-view Diffusion Maps,7,ami,0.7438951875783502
Multi-view Diffusion Maps,7,ari,0.5087899442906924
Multi-view Diffusion Maps,8,chs,5.989849724106231
Multi-view Diffusion Maps,8,ami,0.7561073411886163
Multi-view Diffusion Maps,8,ari,0.5691969990556343
Multi-view Diffusion Maps,9,chs,5.967440509839447
Multi-view Diffusion Maps,9,ami,0.7526707998685536
Multi-view Diffusion Maps,9,ari,0.5582313632047584
Multi-view Diffusion Maps,10,chs,5.911175104295371
Multi-view Diffusion Maps,10,ami,0.7723820404476017
Multi-view Diffusion Maps,10,ari,0.5727861224547174
Multi-view Diffusion Maps,11,chs,5.951991588519316
Multi-view Diffusion Maps,11,ami,0.7601916301411441
Multi-view Diffusion Maps,11,ari,0.5814941351058671
Multi-view Diffusion Maps,12,chs,5.977438202896863
Multi-view Diffusion Maps,12,ami,0.7609642086914771
Multi-view Diffusion Maps,12,ari,0.5559104867770971
Multi-view Diffusion Maps,13,chs,5.987110265641196
Multi-view Diffusion Maps,13,ami,0.7698578538185483
Multi-view Diffusion Maps,13,ari,0.5962469958853861
Multi-view Diffusion Maps,14,chs,5.994422176099478
Multi-view Diffusion Maps,14,ami,0.7453493026868094
Multi-view Diffusion Maps,14,ari,0.5340526263159165
Multi-view Diffusion Maps,15,chs,5.999495680239312
Multi-view Diffusion Maps,15,ami,0.7534190888820469
Multi-view Diffusion Maps,15,ari,0.5548429714697503
Multi-view Diffusion Maps,16,chs,5.961290179355538
Multi-view Diffusion Maps,16,ami,0.7566005270082127
Multi-view Diffusion Maps,16,ari,0.5535350016113719
Multi-view Diffusion Maps,17,chs,5.962098700905511
Multi-view Diffusion Maps,17,ami,0.737126296183954
Multi-view Diffusion Maps,17,ari,0.5101174311803726
Multi-view Diffusion Maps,18,chs,5.886382729493449
Multi-view Diffusion Maps,18,ami,0.7414044604220218
Multi-view Diffusion Maps,18,ari,0.5275085319577647
Multi-view Diffusion Maps,19,chs,5.968816817331646
Multi-view Diffusion Maps,19,ami,0.7731792099976875
Multi-view Diffusion Maps,19,ari,0.6128023030799882
Multi-view Diffusion Maps,20,chs,5.98420767173166
Multi-view Diffusion Maps,20,ami,0.7518154420207036
Multi-view Diffusion Maps,20,ari,0.5496819832711598
Multi-view Diffusion Maps,21,chs,5.984671603569614
Multi-view Diffusion Maps,21,ami,0.7381511224578221
Multi-view Diffusion Maps,21,ari,0.5072218997140183
Multi-view Diffusion Maps,22,chs,5.980266592878412
Multi-view Diffusion Maps,22,ami,0.7583164242915298
Multi-view Diffusion Maps,22,ari,0.587009673647284
Multi-view Diffusion Maps,23,chs,5.9713865936545085
Multi-view Diffusion Maps,23,ami,0.7721653930842433
Multi-view Diffusion Maps,23,ari,0.5932087244770049
Multi-view Diffusion Maps,24,chs,5.933137728358675
Multi-view Diffusion Maps,24,ami,0.7753721969536963
Multi-view Diffusion Maps,24,ari,0.6029850746268657
Multi-view Diffusion Maps,25,chs,5.96804692992287
Multi-view Diffusion Maps,25,ami,0.7740392657328592
Multi-view Diffusion Maps,25,ari,0.5947752436348793
Multi-view Diffusion Maps,26,chs,5.994064538044533
Multi-view Diffusion Maps,26,ami,0.7382131564874022
Multi-view Diffusion Maps,26,ari,0.4989500854126319
Multi-view Diffusion Maps,27,chs,5.969286666269415
Multi-view Diffusion Maps,27,ami,0.7503614074131442
Multi-view Diffusion Maps,27,ari,0.5500734026935598
Multi-view Diffusion Maps,28,chs,5.985997918805367
Multi-view Diffusion Maps,28,ami,0.7642260872511067
Multi-view Diffusion Maps,28,ari,0.5767876470163793
Multi-view Diffusion Maps,29,chs,5.945650132567641
Multi-view Diffusion Maps,29,ami,0.7577687398542872
Multi-view Diffusion Maps,29,ari,0.5668114247536329
Multi-view Diffusion Maps,30,chs,5.987252522255758
Multi-view Diffusion Maps,30,ami,0.7598617997810214
Multi-view Diffusion Maps,30,ari,0.5741455507581374
Multi-view Diffusion Maps,31,chs,5.971605631200989
Multi-view Diffusion Maps,31,ami,0.731441134115084
Multi-view Diffusion Maps,31,ari,0.5302014252973493
Multi-view Diffusion Maps,32,chs,6.007401200461176
Multi-view Diffusion Maps,32,ami,0.7718245509406606
Multi-view Diffusion Maps,32,ari,0.5779412313118093
Multi-view Diffusion Maps,33,chs,5.9971557580415
Multi-view Diffusion Maps,33,ami,0.7656875247400596
Multi-view Diffusion Maps,33,ari,0.5869992246058413
Multi-view Diffusion Maps,34,chs,5.957028981068804
Multi-view Diffusion Maps,34,ami,0.7643433034945254
Multi-view Diffusion Maps,34,ari,0.5911533614309595
Multi-view Diffusion Maps,35,chs,6.001222112991911
Multi-view Diffusion Maps,35,ami,0.7681332608881238
Multi-view Diffusion Maps,35,ari,0.5849523847872918
Multi-view Diffusion Maps,36,chs,5.900017054237205
Multi-view Diffusion Maps,36,ami,0.7479729943907871
Multi-view Diffusion Maps,36,ari,0.5606757484992417
Multi-view Diffusion Maps,37,chs,5.947500525241828
Multi-view Diffusion Maps,37,ami,0.7682050137413241
Multi-view Diffusion Maps,37,ari,0.595887843425353
Multi-view Diffusion Maps,38,chs,5.980147601416922
Multi-view Diffusion Maps,38,ami,0.7508836065057449
Multi-view Diffusion Maps,38,ari,0.5432198811453268
Multi-view Diffusion Maps,39,chs,5.946319067065731
Multi-view Diffusion Maps,39,ami,0.7538239060005659
Multi-view Diffusion Maps,39,ari,0.5668844272668194
Multi-view Diffusion Maps,40,chs,5.956482643081702
Multi-view Diffusion Maps,40,ami,0.7681458275979458
Multi-view Diffusion Maps,40,ari,0.5625091760757857
Multi-view Diffusion Maps,41,chs,5.957682862865468
Multi-view Diffusion Maps,41,ami,0.7694640865712109
Multi-view Diffusion Maps,41,ari,0.6039596295282244
Multi-view Diffusion Maps,42,chs,5.97297933895659
Multi-view Diffusion Maps,42,ami,0.7636647745272631
Multi-view Diffusion Maps,42,ari,0.5935809968325573
Multi-view Diffusion Maps,43,chs,5.941886746251898
Multi-view Diffusion Maps,43,ami,0.7804371373492933
Multi-view Diffusion Maps,43,ari,0.6294993598814096
Multi-view Diffusion Maps,44,chs,5.999089603930639
Multi-view Diffusion Maps,44,ami,0.7578762766092734
Multi-view Diffusion Maps,44,ari,0.5668267515969463
Multi-view Diffusion Maps,45,chs,5.9622887921885255
Multi-view Diffusion Maps,45,ami,0.7653561535322148
Multi-view Diffusion Maps,45,ari,0.5812525328096262
Multi-view Diffusion Maps,46,chs,5.937129658405235
Multi-view Diffusion Maps,46,ami,0.7618005477403968
Multi-view Diffusion Maps,46,ari,0.5426444297839321
Multi-view Diffusion Maps,47,chs,5.991729814880033
Multi-view Diffusion Maps,47,ami,0.7365253209952743
Multi-view Diffusion Maps,47,ari,0.47413030195294403
Multi-view Diffusion Maps,48,chs,5.918808840032245
Multi-view Diffusion Maps,48,ami,0.7596170892302231
Multi-view Diffusion Maps,48,ari,0.5520806599450045
Multi-view Diffusion Maps,49,chs,5.983831628542811
Multi-view Diffusion Maps,49,ami,0.7426674800593915
Multi-view Diffusion Maps,49,ari,0.5061975458536577
Multi-view Diffusion Maps,50,chs,5.949658193565016
Multi-view Diffusion Maps,50,ami,0.7549706886440708
Multi-view Diffusion Maps,50,ari,0.5797799949402899
Multi-view Diffusion Maps,51,chs,6.011934760061408
Multi-view Diffusion Maps,51,ami,0.7470672293991765
Multi-view Diffusion Maps,51,ari,0.5173818866328118
Multi-view Diffusion Maps,52,chs,6.021208595155864
Multi-view Diffusion Maps,52,ami,0.7708080551297076
Multi-view Diffusion Maps,52,ari,0.5585708707536119
Multi-view Diffusion Maps,53,chs,5.961777179886324
Multi-view Diffusion Maps,53,ami,0.7791794126149244
Multi-view Diffusion Maps,53,ari,0.5935139009705556
Multi-view Diffusion Maps,54,chs,5.978702464163585
Multi-view Diffusion Maps,54,ami,0.7458914972492603
Multi-view Diffusion Maps,54,ari,0.5260621407202443
Multi-view Diffusion Maps,55,chs,5.983623117294923
Multi-view Diffusion Maps,55,ami,0.7710104284387155
Multi-view Diffusion Maps,55,ari,0.5346837812762129
Multi-view Diffusion Maps,56,chs,5.917219441516343
Multi-view Diffusion Maps,56,ami,0.7607787137933432
Multi-view Diffusion Maps,56,ari,0.5907217093421587
Multi-view Diffusion Maps,57,chs,6.013103173413134
Multi-view Diffusion Maps,57,ami,0.7563672212945978
Multi-view Diffusion Maps,57,ari,0.5319568755085435
Multi-view Diffusion Maps,58,chs,5.998129028843506
Multi-view Diffusion Maps,58,ami,0.7623644536342498
Multi-view Diffusion Maps,58,ari,0.5638704226763896
Multi-view Diffusion Maps,59,chs,5.991710505823594
Multi-view Diffusion Maps,59,ami,0.774475413449615
Multi-view Diffusion Maps,59,ari,0.6032049625226157
Multi-view Diffusion Maps,60,chs,5.963220717783381
Multi-view Diffusion Maps,60,ami,0.7584986232325053
Multi-view Diffusion Maps,60,ari,0.568658999694041
Multi-view Diffusion Maps,61,chs,5.968243761889199
Multi-view Diffusion Maps,61,ami,0.7602509767791706
Multi-view Diffusion Maps,61,ari,0.5651073131179797
Multi-view Diffusion Maps,62,chs,5.925477324388826
Multi-view Diffusion Maps,62,ami,0.7741592808502668
Multi-view Diffusion Maps,62,ari,0.6003034845204389
Multi-view Diffusion Maps,63,chs,5.974172998908363
Multi-view Diffusion Maps,63,ami,0.7612133945263998
Multi-view Diffusion Maps,63,ari,0.5870270069743285
Multi-view Diffusion Maps,64,chs,5.968072908138059
Multi-view Diffusion Maps,64,ami,0.7684544128918097
Multi-view Diffusion Maps,64,ari,0.572232836172342
Multi-view Diffusion Maps,65,chs,5.81809765197276
Multi-view Diffusion Maps,65,ami,0.7616505336341303
Multi-view Diffusion Maps,65,ari,0.567644426194374
Multi-view Diffusion Maps,66,chs,5.93570488650307
Multi-view Diffusion Maps,66,ami,0.7405583730441383
Multi-view Diffusion Maps,66,ari,0.5479085776052112
Multi-view Diffusion Maps,67,chs,5.967109783808882
Multi-view Diffusion Maps,67,ami,0.7478230659974103
Multi-view Diffusion Maps,67,ari,0.5453135981409082
Multi-view Diffusion Maps,68,chs,5.9507634758242824
Multi-view Diffusion Maps,68,ami,0.7461239022588685
Multi-view Diffusion Maps,68,ari,0.5112460120083551
Multi-view Diffusion Maps,69,chs,5.987957451911354
Multi-view Diffusion Maps,69,ami,0.7347031113665311
Multi-view Diffusion Maps,69,ari,0.4883734530698178
Multi-view Diffusion Maps,70,chs,5.9974693317064
Multi-view Diffusion Maps,70,ami,0.7716269951341466
Multi-view Diffusion Maps,70,ari,0.6013961234541654
Multi-view Diffusion Maps,71,chs,5.944714628810344
Multi-view Diffusion Maps,71,ami,0.7550076836885689
Multi-view Diffusion Maps,71,ari,0.557030092769591
Multi-view Diffusion Maps,72,chs,5.960294447417944
Multi-view Diffusion Maps,72,ami,0.7545970403306609
Multi-view Diffusion Maps,72,ari,0.5678002614302718
Multi-view Diffusion Maps,73,chs,5.877833323268351
Multi-view Diffusion Maps,73,ami,0.7467608437980793
Multi-view Diffusion Maps,73,ari,0.5075897815623843
Multi-view Diffusion Maps,74,chs,5.954114599048532
Multi-view Diffusion Maps,74,ami,0.7596950607430826
Multi-view Diffusion Maps,74,ari,0.5829228091482446
Multi-view Diffusion Maps,75,chs,6.002157681733889
Multi-view Diffusion Maps,75,ami,0.7714957335999068
Multi-view Diffusion Maps,75,ari,0.572662504849575
Multi-view Diffusion Maps,76,chs,5.988686530592932
Multi-view Diffusion Maps,76,ami,0.7685630628405664
Multi-view Diffusion Maps,76,ari,0.5732873722933312
Multi-view Diffusion Maps,77,chs,5.99147030608095
Multi-view Diffusion Maps,77,ami,0.77092275923517
Multi-view Diffusion Maps,77,ari,0.5839719956393836
Multi-view Diffusion Maps,78,chs,5.8906762599477265
Multi-view Diffusion Maps,78,ami,0.7377024021076944
Multi-view Diffusion Maps,78,ari,0.5398833646337847
Multi-view Diffusion Maps,79,chs,5.939429184171592
Multi-view Diffusion Maps,79,ami,0.7746244231171996
Multi-view Diffusion Maps,79,ari,0.6033804613585628
Multi-view Diffusion Maps,80,chs,5.991891560636047
Multi-view Diffusion Maps,80,ami,0.7571588034100656
Multi-view Diffusion Maps,80,ari,0.5617163704283262
Multi-view Diffusion Maps,81,chs,6.015859498717907
Multi-view Diffusion Maps,81,ami,0.7653664287056889
Multi-view Diffusion Maps,81,ari,0.5328023391967611
Multi-view Diffusion Maps,82,chs,5.92500346143815
Multi-view Diffusion Maps,82,ami,0.7421537085212238
Multi-view Diffusion Maps,82,ari,0.5286647884249374
Multi-view Diffusion Maps,83,chs,5.956338283435747
Multi-view Diffusion Maps,83,ami,0.7394026567331171
Multi-view Diffusion Maps,83,ari,0.5376669461976431
Multi-view Diffusion Maps,84,chs,5.961129193194042
Multi-view Diffusion Maps,84,ami,0.7491585446699028
Multi-view Diffusion Maps,84,ari,0.5122736611717882
Multi-view Diffusion Maps,85,chs,5.987797689219843
Multi-view Diffusion Maps,85,ami,0.7657871256098859
Multi-view Diffusion Maps,85,ari,0.5527986051171127
Multi-view Diffusion Maps,86,chs,6.019707973237063
Multi-view Diffusion Maps,86,ami,0.7739593256003592
Multi-view Diffusion Maps,86,ari,0.5953085192664042
Multi-view Diffusion Maps,87,chs,5.978651035516933
Multi-view Diffusion Maps,87,ami,0.7680111712941596
Multi-view Diffusion Maps,87,ari,0.5918866271848976
Multi-view Diffusion Maps,88,chs,5.948727729144197
Multi-view Diffusion Maps,88,ami,0.7624134343123611
Multi-view Diffusion Maps,88,ari,0.5919354540239457
Multi-view Diffusion Maps,89,chs,5.956879538102479
Multi-view Diffusion Maps,89,ami,0.7418899311161721
Multi-view Diffusion Maps,89,ari,0.5377930211854994
Multi-view Diffusion Maps,90,chs,5.9863509267525306
Multi-view Diffusion Maps,90,ami,0.7438882474249238
Multi-view Diffusion Maps,90,ari,0.5251990203125053
Multi-view Diffusion Maps,91,chs,5.964510923365489
Multi-view Diffusion Maps,91,ami,0.7439718270938961
Multi-view Diffusion Maps,91,ari,0.48482081645854647
Multi-view Diffusion Maps,92,chs,5.949340360803199
Multi-view Diffusion Maps,92,ami,0.7426387458723703
Multi-view Diffusion Maps,92,ari,0.5162664075522906
Multi-view Diffusion Maps,93,chs,5.973712708669636
Multi-view Diffusion Maps,93,ami,0.770919512725185
Multi-view Diffusion Maps,93,ari,0.6044833873316107
Multi-view Diffusion Maps,94,chs,5.964710930353034
Multi-view Diffusion Maps,94,ami,0.7445201101210124
Multi-view Diffusion Maps,94,ari,0.571238314289954
Multi-view Diffusion Maps,95,chs,6.015058441861347
Multi-view Diffusion Maps,95,ami,0.7645051347425786
Multi-view Diffusion Maps,95,ari,0.561476207253777
Multi-view Diffusion Maps,96,chs,5.981936747012219
Multi-view Diffusion Maps,96,ami,0.7504069978917463
Multi-view Diffusion Maps,96,ari,0.5561548452269284
Multi-view Diffusion Maps,97,chs,5.9874633574635965
Multi-view Diffusion Maps,97,ami,0.7701914102642445
Multi-view Diffusion Maps,97,ari,0.6020910568064785
Multi-view Diffusion Maps,98,chs,5.923026890502377
Multi-view Diffusion Maps,98,ami,0.7470423659435034
Multi-view Diffusion Maps,98,ari,0.5445277656972721
Multi-view Diffusion Maps,99,chs,5.966899160000624
Multi-view Diffusion Maps,99,ami,0.7578154663188482
Multi-view Diffusion Maps,99,ari,0.567644426194374
Single-view Diffusion Maps (view 1),0,chs,5.787875920518086
Single-view Diffusion Maps (view 1),0,ami,0.7213696296195924
Single-view Diffusion Maps (view 1),0,ari,0.5276757577110208
Single-view Diffusion Maps (view 1),1,chs,5.721989957696709
Single-view Diffusion Maps (view 1),1,ami,0.708493984235611
Single-view Diffusion Maps (view 1),1,ari,0.4792303954271783
Single-view Diffusion Maps (view 1),2,chs,5.825724549972447
Single-view Diffusion Maps (view 1),2,ami,0.7143687700852668
Single-view Diffusion Maps (view 1),2,ari,0.4860276146749224
Single-view Diffusion Maps (view 1),3,chs,5.811074175582009
Single-view Diffusion Maps (view 1),3,ami,0.7063996127714525
Single-view Diffusion Maps (view 1),3,ari,0.4550950821524233
Single-view Diffusion Maps (view 1),4,chs,5.74781525622747
Single-view Diffusion Maps (view 1),4,ami,0.7102866109355419
Single-view Diffusion Maps (view 1),4,ari,0.49329510523183556
Single-view Diffusion Maps (view 1),5,chs,5.808761643655365
Single-view Diffusion Maps (view 1),5,ami,0.7185432136239585
Single-view Diffusion Maps (view 1),5,ari,0.4826004033707738
Single-view Diffusion Maps (view 1),6,chs,5.811003450985179
Single-view Diffusion Maps (view 1),6,ami,0.7160619026897308
Single-view Diffusion Maps (view 1),6,ari,0.48523120798533304
Single-view Diffusion Maps (view 1),7,chs,5.8385264252699764
Single-view Diffusion Maps (view 1),7,ami,0.7243859303986782
Single-view Diffusion Maps (view 1),7,ari,0.4907279237641998
Single-view Diffusion Maps (view 1),8,chs,5.765716065729968
Single-view Diffusion Maps (view 1),8,ami,0.7136352261597323
Single-view Diffusion Maps (view 1),8,ari,0.5195566106828097
Single-view Diffusion Maps (view 1),9,chs,5.775665768956302
Single-view Diffusion Maps (view 1),9,ami,0.703448747505709
Single-view Diffusion Maps (view 1),9,ari,0.47770511641014163
Single-view Diffusion Maps (view 1),10,chs,5.7810004238391715
Single-view Diffusion Maps (view 1),10,ami,0.7031222514107108
Single-view Diffusion Maps (view 1),10,ari,0.43927358602542543
Single-view Diffusion Maps (view 1),11,chs,5.7908247339263905
Single-view Diffusion Maps (view 1),11,ami,0.7124087619541392
Single-view Diffusion Maps (view 1),11,ari,0.5063561929758563
Single-view Diffusion Maps (view 1),12,chs,5.797369014042882
Single-view Diffusion Maps (view 1),12,ami,0.6971311292207695
Single-view Diffusion Maps (view 1),12,ari,0.4438291603482515
Single-view Diffusion Maps (view 1),13,chs,5.792851185321904
Single-view Diffusion Maps (view 1),13,ami,0.7085152299337114
Single-view Diffusion Maps (view 1),13,ari,0.5097901036660777
Single-view Diffusion Maps (view 1),14,chs,5.791152533762884
Single-view Diffusion Maps (view 1),14,ami,0.7164828228895266
Single-view Diffusion Maps (view 1),14,ari,0.489757381932301
Single-view Diffusion Maps (view 1),15,chs,5.767185291220541
Single-view Diffusion Maps (view 1),15,ami,0.7085220017180611
Single-view Diffusion Maps (view 1),15,ari,0.5181967992002416
Single-view Diffusion Maps (view 1),16,chs,5.799094149203006
Single-view Diffusion Maps (view 1),16,ami,0.7217158880589153
Single-view Diffusion Maps (view 1),16,ari,0.5141289769924982
Single-view Diffusion Maps (view 1),17,chs,5.795895046247921
Single-view Diffusion Maps (view 1),17,ami,0.7150322264550141
Single-view Diffusion Maps (view 1),17,ari,0.5069286974048879
Single-view Diffusion Maps (view 1),18,chs,5.651054452841845
Single-view Diffusion Maps (view 1),18,ami,0.6989347605517686
Single-view Diffusion Maps (view 1),18,ari,0.47671808265375154
Single-view Diffusion Maps (view 1),19,chs,5.769609752953659
Single-view Diffusion Maps (view 1),19,ami,0.708736230494659
Single-view Diffusion Maps (view 1),19,ari,0.5019948255434389
Single-view Diffusion Maps (view 1),20,chs,5.7856872944046795
Single-view Diffusion Maps (view 1),20,ami,0.7084918318913112
Single-view Diffusion Maps (view 1),20,ari,0.3972801502176449
Single-view Diffusion Maps (view 1),21,chs,5.789148838172837
Single-view Diffusion Maps (view 1),21,ami,0.7042805575448695
Single-view Diffusion Maps (view 1),21,ari,0.45561358320097034
Single-view Diffusion Maps (view 1),22,chs,5.7724352192339445
Single-view Diffusion Maps (view 1),22,ami,0.7227621700368064
Single-view Diffusion Maps (view 1),22,ari,0.5084267310981664
Single-view Diffusion Maps (view 1),23,chs,5.804284505064686
Single-view Diffusion Maps (view 1),23,ami,0.7153900460964718
Single-view Diffusion Maps (view 1),23,ari,0.49075525747451687
Single-view Diffusion Maps (view 1),24,chs,5.764586486561775
Single-view Diffusion Maps (view 1),24,ami,0.7078671209218079
Single-view Diffusion Maps (view 1),24,ari,0.5066534160109387
Single-view Diffusion Maps (view 1),25,chs,5.759774166228327
Single-view Diffusion Maps (view 1),25,ami,0.6971077557074724
Single-view Diffusion Maps (view 1),25,ari,0.4881196771595524
Single-view Diffusion Maps (view 1),26,chs,5.791521045306398
Single-view Diffusion Maps (view 1),26,ami,0.7239419584298105
Single-view Diffusion Maps (view 1),26,ari,0.49754747163305735
Single-view Diffusion Maps (view 1),27,chs,5.707881654746158
Single-view Diffusion Maps (view 1),27,ami,0.7053014360168657
Single-view Diffusion Maps (view 1),27,ari,0.4976133506613387
Single-view Diffusion Maps (view 1),28,chs,5.745441529730699
Single-view Diffusion Maps (view 1),28,ami,0.7221893982653798
Single-view Diffusion Maps (view 1),28,ari,0.48206784407606484
Single-view Diffusion Maps (view 1),29,chs,5.792757774050365
Single-view Diffusion Maps (view 1),29,ami,0.7146577937372567
Single-view Diffusion Maps (view 1),29,ari,0.5129630968269724
Single-view Diffusion Maps (view 1),30,chs,5.809753540526335
Single-view Diffusion Maps (view 1),30,ami,0.7136321286515678
Single-view Diffusion Maps (view 1),30,ari,0.47972558750547367
Single-view Diffusion Maps (view 1),31,chs,5.859716247411908
Single-view Diffusion Maps (view 1),31,ami,0.7158447322741325
Single-view Diffusion Maps (view 1),31,ari,0.5013057943880654
Single-view Diffusion Maps (view 1),32,chs,5.820583246163462
Single-view Diffusion Maps (view 1),32,ami,0.7107873182011843
Single-view Diffusion Maps (view 1),32,ari,0.4866623227239181
Single-view Diffusion Maps (view 1),33,chs,5.812863675846694
Single-view Diffusion Maps (view 1),33,ami,0.7081644555881411
Single-view Diffusion Maps (view 1),33,ari,0.4656657359393698
Single-view Diffusion Maps (view 1),34,chs,5.814023194728064
Single-view Diffusion Maps (view 1),34,ami,0.7194686442433099
Single-view Diffusion Maps (view 1),34,ari,0.5010919150991675
Single-view Diffusion Maps (view 1),35,chs,5.805662729574723
Single-view Diffusion Maps (view 1),35,ami,0.7105338090709071
Single-view Diffusion Maps (view 1),35,ari,0.47890440776346815
Single-view Diffusion Maps (view 1),36,chs,5.781329015669124
Single-view Diffusion Maps (view 1),36,ami,0.7021841650578408
Single-view Diffusion Maps (view 1),36,ari,0.4682833518449957
Single-view Diffusion Maps (view 1),37,chs,5.803375866378252
Single-view Diffusion Maps (view 1),37,ami,0.7095409898012598
Single-view Diffusion Maps (view 1),37,ari,0.5005388257231768
Single-view Diffusion Maps (view 1),38,chs,5.773484648824359
Single-view Diffusion Maps (view 1),38,ami,0.7192388513504064
Single-view Diffusion Maps (view 1),38,ari,0.5169640319630643
Single-view Diffusion Maps (view 1),39,chs,5.775786237100213
Single-view Diffusion Maps (view 1),39,ami,0.7163856167194089
Single-view Diffusion Maps (view 1),39,ari,0.5068979602478643
Single-view Diffusion Maps (view 1),40,chs,5.791038869451935
Single-view Diffusion Maps (view 1),40,ami,0.7189593182109056
Single-view Diffusion Maps (view 1),40,ari,0.49982459024450593
Single-view Diffusion Maps (view 1),41,chs,5.789371007869336
Single-view Diffusion Maps (view 1),41,ami,0.7018931127034133
Single-view Diffusion Maps (view 1),41,ari,0.4869204869204869
Single-view Diffusion Maps (view 1),42,chs,5.746355747632134
Single-view Diffusion Maps (view 1),42,ami,0.719492662193051
Single-view Diffusion Maps (view 1),42,ari,0.4838393031268283
Single-view Diffusion Maps (view 1),43,chs,5.810050944792517
Single-view Diffusion Maps (view 1),43,ami,0.7141496942416765
Single-view Diffusion Maps (view 1),43,ari,0.5152120668586203
Single-view Diffusion Maps (view 1),44,chs,5.778364675932634
Single-view Diffusion Maps (view 1),44,ami,0.7198796763568236
Single-view Diffusion Maps (view 1),44,ari,0.5298518688308526
Single-view Diffusion Maps (view 1),45,chs,5.6724516138219165
Single-view Diffusion Maps (view 1),45,ami,0.7113621300761918
Single-view Diffusion Maps (view 1),45,ari,0.4836060851947009
Single-view Diffusion Maps (view 1),46,chs,5.795585884387723
Single-view Diffusion Maps (view 1),46,ami,0.7213119901423073
Single-view Diffusion Maps (view 1),46,ari,0.5402265808696165
Single-view Diffusion Maps (view 1),47,chs,5.784081740999215
Single-view Diffusion Maps (view 1),47,ami,0.7091600118556337
Single-view Diffusion Maps (view 1),47,ari,0.41818077982895735
Single-view Diffusion Maps (view 1),48,chs,5.803406812695355
Single-view Diffusion Maps (view 1),48,ami,0.7125284116037198
Single-view Diffusion Maps (view 1),48,ari,0.47627494170727536
Single-view Diffusion Maps (view 1),49,chs,5.801041876553176
Single-view Diffusion Maps (view 1),49,ami,0.7102253760989083
Single-view Diffusion Maps (view 1),49,ari,0.4797959893358062
Single-view Diffusion Maps (view 1),50,chs,5.669293266086649
Single-view Diffusion Maps (view 1),50,ami,0.7086722977289436
Single-view Diffusion Maps (view 1),50,ari,0.49598549598549596
Single-view Diffusion Maps (view 1),51,chs,5.8146767413248135
Single-view Diffusion Maps (view 1),51,ami,0.7188574551340319
Single-view Diffusion Maps (view 1),51,ari,0.49765497570005013
Single-view Diffusion Maps (view 1),52,chs,5.817155469473153
Single-view Diffusion Maps (view 1),52,ami,0.7080286653403989
Single-view Diffusion Maps (view 1),52,ari,0.48158417687178995
Single-view Diffusion Maps (view 1),53,chs,5.782266207375143
Single-view Diffusion Maps (view 1),53,ami,0.7064297603522881
Single-view Diffusion Maps (view 1),53,ari,0.5047581560925994
Single-view Diffusion Maps (view 1),54,chs,5.806841160420508
Single-view Diffusion Maps (view 1),54,ami,0.7183627870125705
Single-view Diffusion Maps (view 1),54,ari,0.5186190575624695
Single-view Diffusion Maps (view 1),55,chs,5.780795182462891
Single-view Diffusion Maps (view 1),55,ami,0.7180521674818809
Single-view Diffusion Maps (view 1),55,ari,0.5097605225596079
Single-view Diffusion Maps (view 1),56,chs,5.7828290088707295
Single-view Diffusion Maps (view 1),56,ami,0.7086991429280017
Single-view Diffusion Maps (view 1),56,ari,0.4714220623073468
Single-view Diffusion Maps (view 1),57,chs,5.8182698631234695
Single-view Diffusion Maps (view 1),57,ami,0.7173960630408629
Single-view Diffusion Maps (view 1),57,ari,0.5124820649954094
Single-view Diffusion Maps (view 1),58,chs,5.76767742492717
Single-view Diffusion Maps (view 1),58,ami,0.7106162129667334
Single-view Diffusion Maps (view 1),58,ari,0.41554399008674103
Single-view Diffusion Maps (view 1),59,chs,5.76440523014511
Single-view Diffusion Maps (view 1),59,ami,0.7241877207763222
Single-view Diffusion Maps (view 1),59,ari,0.49831046479288416
Single-view Diffusion Maps (view 1),60,chs,5.787971934315525
Single-view Diffusion Maps (view 1),60,ami,0.7190072609547348
Single-view Diffusion Maps (view 1),60,ari,0.48349305358661754
Single-view Diffusion Maps (view 1),61,chs,5.771646683164233
Single-view Diffusion Maps (view 1),61,ami,0.7188878614331645
Single-view Diffusion Maps (view 1),61,ari,0.511825582999862
Single-view Diffusion Maps (view 1),62,chs,5.816303663536375
Single-view Diffusion Maps (view 1),62,ami,0.7210867784452812
Single-view Diffusion Maps (view 1),62,ari,0.521751821223785
Single-view Diffusion Maps (view 1),63,chs,5.74078843868555
Single-view Diffusion Maps (view 1),63,ami,0.7275089018938359
Single-view Diffusion Maps (view 1),63,ari,0.539534328444602
Single-view Diffusion Maps (view 1),64,chs,5.805856783261568
Single-view Diffusion Maps (view 1),64,ami,0.7240868986296821
Single-view Diffusion Maps (view 1),64,ari,0.5263690998716997
Single-view Diffusion Maps (view 1),65,chs,5.804239859750101
Single-view Diffusion Maps (view 1),65,ami,0.7197334846905664
Single-view Diffusion Maps (view 1),65,ari,0.5011556925265217
Single-view Diffusion Maps (view 1),66,chs,5.739033856499577
Single-view Diffusion Maps (view 1),66,ami,0.6864609528577491
Single-view Diffusion Maps (view 1),66,ari,0.42014704102626166
Single-view Diffusion Maps (view 1),67,chs,5.766602025265573
Single-view Diffusion Maps (view 1),67,ami,0.7160152857335866
Single-view Diffusion Maps (view 1),67,ari,0.49110525977779207
Single-view Diffusion Maps (view 1),68,chs,5.791633901833102
Single-view Diffusion Maps (view 1),68,ami,0.7083871909456121
Single-view Diffusion Maps (view 1),68,ari,0.5024940537103284
Single-view Diffusion Maps (view 1),69,chs,5.772406474124264
Single-view Diffusion Maps (view 1),69,ami,0.7129950834548702
Single-view Diffusion Maps (view 1),69,ari,0.49897971617403003
Single-view Diffusion Maps (view 1),70,chs,5.814291181057066
Single-view Diffusion Maps (view 1),70,ami,0.7077596401929602
Single-view Diffusion Maps (view 1),70,ari,0.5022203502015765
Single-view Diffusion Maps (view 1),71,chs,5.805041928511077
Single-view Diffusion Maps (view 1),71,ami,0.7165922654578641
Single-view Diffusion Maps (view 1),71,ari,0.49362725369912286
Single-view Diffusion Maps (view 1),72,chs,5.8247786573160525
Single-view Diffusion Maps (view 1),72,ami,0.7253820991126798
Single-view Diffusion Maps (view 1),72,ari,0.5218993611670371
Single-view Diffusion Maps (view 1),73,chs,5.81007920121357
Single-view Diffusion Maps (view 1),73,ami,0.7187761590133355
Single-view Diffusion Maps (view 1),73,ari,0.4951777042181164
Single-view Diffusion Maps (view 1),74,chs,5.814613936052668
Single-view Diffusion Maps (view 1),74,ami,0.7066012868434256
Single-view Diffusion Maps (view 1),74,ari,0.44299824904884255
Single-view Diffusion Maps (view 1),75,chs,5.8050713914193
Single-view Diffusion Maps (view 1),75,ami,0.7206155346196536
Single-view Diffusion Maps (view 1),75,ari,0.5260790579966327
Single-view Diffusion Maps (view 1),76,chs,5.750207843837366
Single-view Diffusion Maps (view 1),76,ami,0.7179611772967651
Single-view Diffusion Maps (view 1),76,ari,0.4950116641848661
Single-view Diffusion Maps (view 1),77,chs,5.803552893225286
Single-view Diffusion Maps (view 1),77,ami,0.7063706358736046
Single-view Diffusion Maps (view 1),77,ari,0.5047145497070281
Single-view Diffusion Maps (view 1),78,chs,5.767862155265648
Single-view Diffusion Maps (view 1),78,ami,0.7052993447483468
Single-view Diffusion Maps (view 1),78,ari,0.5059991972905034
Single-view Diffusion Maps (view 1),79,chs,5.799367297027313
Single-view Diffusion Maps (view 1),79,ami,0.7086852592160413
Single-view Diffusion Maps (view 1),79,ari,0.47423004043774386
Single-view Diffusion Maps (view 1),80,chs,5.754236186032861
Single-view Diffusion Maps (view 1),80,ami,0.7074219322428975
Single-view Diffusion Maps (view 1),80,ari,0.5137667906918081
Single-view Diffusion Maps (view 1),81,chs,5.7382603530482115
Single-view Diffusion Maps (view 1),81,ami,0.6917244634434544
Single-view Diffusion Maps (view 1),81,ari,0.41332930818199937
Single-view Diffusion Maps (view 1),82,chs,5.768475771967679
Single-view Diffusion Maps (view 1),82,ami,0.7153580159800145
Single-view Diffusion Maps (view 1),82,ari,0.49119750214887686
Single-view Diffusion Maps (view 1),83,chs,5.714070157935833
Single-view Diffusion Maps (view 1),83,ami,0.7068173294414861
Single-view Diffusion Maps (view 1),83,ari,0.4797331456663884
Single-view Diffusion Maps (view 1),84,chs,5.657532401115732
Single-view Diffusion Maps (view 1),84,ami,0.7099068525067006
Single-view Diffusion Maps (view 1),84,ari,0.44923887632406584
Single-view Diffusion Maps (view 1),85,chs,5.773295357478709
Single-view Diffusion Maps (view 1),85,ami,0.709799455897427
Single-view Diffusion Maps (view 1),85,ari,0.49474303147022985
Single-view Diffusion Maps (view 1),86,chs,5.741051338597351
Single-view Diffusion Maps (view 1),86,ami,0.7066824683297684
Single-view Diffusion Maps (view 1),86,ari,0.4976210699315669
Single-view Diffusion Maps (view 1),87,chs,5.806854898406733
Single-view Diffusion Maps (view 1),87,ami,0.7041200824484072
Single-view Diffusion Maps (view 1),87,ari,0.45898404562984535
Single-view Diffusion Maps (view 1),88,chs,5.790854777332477
Single-view Diffusion Maps (view 1),88,ami,0.716712640494585
Single-view Diffusion Maps (view 1),88,ari,0.4669694743170129
Single-view Diffusion Maps (view 1),89,chs,5.78128489708084
Single-view Diffusion Maps (view 1),89,ami,0.7112739668156
Single-view Diffusion Maps (view 1),89,ari,0.5007448563243337
Single-view Diffusion Maps (view 1),90,chs,5.7754166948163785
Single-view Diffusion Maps (view 1),90,ami,0.7157907615508451
Single-view Diffusion Maps (view 1),90,ari,0.5158123029087014
Single-view Diffusion Maps (view 1),91,chs,5.812045431005309
Single-view Diffusion Maps (view 1),91,ami,0.7180043722004406
Single-view Diffusion Maps (view 1),91,ari,0.4790685048378027
Single-view Diffusion Maps (view 1),92,chs,5.805592081067197
Single-view Diffusion Maps (view 1),92,ami,0.7165340889227952
Single-view Diffusion Maps (view 1),92,ari,0.4833725607422603
Single-view Diffusion Maps (view 1),93,chs,5.804365287125975
Single-view Diffusion Maps (view 1),93,ami,0.7032940884208759
Single-view Diffusion Maps (view 1),93,ari,0.46908885050296845
Single-view Diffusion Maps (view 1),94,chs,5.764564436362314
Single-view Diffusion Maps (view 1),94,ami,0.7162939379059302
Single-view Diffusion Maps (view 1),94,ari,0.4787622928817199
Single-view Diffusion Maps (view 1),95,chs,5.757256206133913
Single-view Diffusion Maps (view 1),95,ami,0.7177511198379338
Single-view Diffusion Maps (view 1),95,ari,0.48703668780071796
Single-view Diffusion Maps (view 1),96,chs,5.815452664324987
Single-view Diffusion Maps (view 1),96,ami,0.7273759439098485
Single-view Diffusion Maps (view 1),96,ari,0.5369289095773873
Single-view Diffusion Maps (view 1),97,chs,5.801136954183502
Single-view Diffusion Maps (view 1),97,ami,0.7113046566827734
Single-view Diffusion Maps (view 1),97,ari,0.47824411388819354
Single-view Diffusion Maps (view 1),98,chs,5.771992819237547
Single-view Diffusion Maps (view 1),98,ami,0.7105494031541959
Single-view Diffusion Maps (view 1),98,ari,0.48841952833398417
Single-view Diffusion Maps (view 1),99,chs,5.801724516348997
Single-view Diffusion Maps (view 1),99,ami,0.7162019524239414
Single-view Diffusion Maps (view 1),99,ari,0.49472351203039255
Single-view Diffusion Maps (view 2),0,chs,5.736039969733497
Single-view Diffusion Maps (view 2),0,ami,0.7462528906502325
Single-view Diffusion Maps (view 2),0,ari,0.581720757099249
Single-view Diffusion Maps (view 2),1,chs,5.776779631264844
Single-view Diffusion Maps (view 2),1,ami,0.7719966839874149
Single-view Diffusion Maps (view 2),1,ari,0.6046981561000253
Single-view Diffusion Maps (view 2),2,chs,5.693480040923237
Single-view Diffusion Maps (view 2),2,ami,0.762355113105044
Single-view Diffusion Maps (view 2),2,ari,0.6118260309379591
Single-view Diffusion Maps (view 2),3,chs,5.806877776431593
Single-view Diffusion Maps (view 2),3,ami,0.7459559043325753
Single-view Diffusion Maps (view 2),3,ari,0.5745611441629265
Single-view Diffusion Maps (view 2),4,chs,5.664606796977376
Single-view Diffusion Maps (view 2),4,ami,0.7274076995588699
Single-view Diffusion Maps (view 2),4,ari,0.5414932836057946
Single-view Diffusion Maps (view 2),5,chs,5.767048419624402
Single-view Diffusion Maps (view 2),5,ami,0.7400381573370827
Single-view Diffusion Maps (view 2),5,ari,0.5710810978831867
Single-view Diffusion Maps (view 2),6,chs,5.694612503196806
Single-view Diffusion Maps (view 2),6,ami,0.7310438805851549
Single-view Diffusion Maps (view 2),6,ari,0.558471688537664
Single-view Diffusion Maps (view 2),7,chs,5.695443329000337
Single-view Diffusion Maps (view 2),7,ami,0.7599615123125314
Single-view Diffusion Maps (view 2),7,ari,0.6115357970664393
Single-view Diffusion Maps (view 2),8,chs,5.79458253965723
Single-view Diffusion Maps (view 2),8,ami,0.7509574529652014
Single-view Diffusion Maps (view 2),8,ari,0.573620681787067
Single-view Diffusion Maps (view 2),9,chs,5.763371374111896
Single-view Diffusion Maps (view 2),9,ami,0.7546269241937988
Single-view Diffusion Maps (view 2),9,ari,0.5828813284653441
Single-view Diffusion Maps (view 2),10,chs,5.714470174468328
Single-view Diffusion Maps (view 2),10,ami,0.7372175510036727
Single-view Diffusion Maps (view 2),10,ari,0.5733586153285277
Single-view Diffusion Maps (view 2),11,chs,5.7506020768919015
Single-view Diffusion Maps (view 2),11,ami,0.7634496927261392
Single-view Diffusion Maps (view 2),11,ari,0.6092294871620135
Single-view Diffusion Maps (view 2),12,chs,5.827919845006846
Single-view Diffusion Maps (view 2),12,ami,0.7682395994654214
Single-view Diffusion Maps (view 2),12,ari,0.5982484188434698
Single-view Diffusion Maps (view 2),13,chs,5.796709934706357
Single-view Diffusion Maps (view 2),13,ami,0.7557795743590644
Single-view Diffusion Maps (view 2),13,ari,0.585570226626086
Single-view Diffusion Maps (view 2),14,chs,5.8134646017252045
Single-view Diffusion Maps (view 2),14,ami,0.757339921930529
Single-view Diffusion Maps (view 2),14,ari,0.576644660589396
Single-view Diffusion Maps (view 2),15,chs,5.8204533182456615
Single-view Diffusion Maps (view 2),15,ami,0.7508113783014368
Single-view Diffusion Maps (view 2),15,ari,0.5817698330624907
Single-view Diffusion Maps (view 2),16,chs,5.79721608346469
Single-view Diffusion Maps (view 2),16,ami,0.7499694211178828
Single-view Diffusion Maps (view 2),16,ari,0.5418051617295591
Single-view Diffusion Maps (view 2),17,chs,5.7884696802757105
Single-view Diffusion Maps (view 2),17,ami,0.7504832539560631
Single-view Diffusion Maps (view 2),17,ari,0.567919085999294
Single-view Diffusion Maps (view 2),18,chs,5.6505384240315895
Single-view Diffusion Maps (view 2),18,ami,0.751940122217604
Single-view Diffusion Maps (view 2),18,ari,0.5853045449821196
Single-view Diffusion Maps (view 2),19,chs,5.766642043937357
Single-view Diffusion Maps (view 2),19,ami,0.7497558343727984
Single-view Diffusion Maps (view 2),19,ari,0.5414054485352787
Single-view Diffusion Maps (view 2),20,chs,5.7710010959698135
Single-view Diffusion Maps (view 2),20,ami,0.7510142171150918
Single-view Diffusion Maps (view 2),20,ari,0.567273014007506
Single-view Diffusion Maps (view 2),21,chs,5.802550122037152
Single-view Diffusion Maps (view 2),21,ami,0.7492955917077979
Single-view Diffusion Maps (view 2),21,ari,0.5641281181296635
Single-view Diffusion Maps (view 2),22,chs,5.745196192257591
Single-view Diffusion Maps (view 2),22,ami,0.7672244051691957
Single-view Diffusion Maps (view 2),22,ari,0.5983698556921433
Single-view Diffusion Maps (view 2),23,chs,5.821009396814452
Single-view Diffusion Maps (view 2),23,ami,0.7614355637475663
Single-view Diffusion Maps (view 2),23,ari,0.5970000908828984
Single-view Diffusion Maps (view 2),24,chs,5.8026162249708655
Single-view Diffusion Maps (view 2),24,ami,0.7679405562466929
Single-view Diffusion Maps (view 2),24,ari,0.5950727900458573
Single-view Diffusion Maps (view 2),25,chs,5.783684034872119
Single-view Diffusion Maps (view 2),25,ami,0.7481885485723347
Single-view Diffusion Maps (view 2),25,ari,0.5631522840635406
Single-view Diffusion Maps (view 2),26,chs,5.800872437739162
Single-view Diffusion Maps (view 2),26,ami,0.7695878781540221
Single-view Diffusion Maps (view 2),26,ari,0.5855967939048962
Single-view Diffusion Maps (view 2),27,chs,5.773194252009734
Single-view Diffusion Maps (view 2),27,ami,0.7384321368521161
Single-view Diffusion Maps (view 2),27,ari,0.5652268220723704
Single-view Diffusion Maps (view 2),28,chs,5.765228103520534
Single-view Diffusion Maps (view 2),28,ami,0.7600040015968539
Single-view Diffusion Maps (view 2),28,ari,0.5965678783282842
Single-view Diffusion Maps (view 2),29,chs,5.727990345230936
Single-view Diffusion Maps (view 2),29,ami,0.7404288870846929
Single-view Diffusion Maps (view 2),29,ari,0.5702088231014864
Single-view Diffusion Maps (view 2),30,chs,5.813898168660422
Single-view Diffusion Maps (view 2),30,ami,0.7496342571011307
Single-view Diffusion Maps (view 2),30,ari,0.5664741388281819
Single-view Diffusion Maps (view 2),31,chs,5.807617861016935
Single-view Diffusion Maps (view 2),31,ami,0.737003813105659
Single-view Diffusion Maps (view 2),31,ari,0.549434095709962
Single-view Diffusion Maps (view 2),32,chs,5.78313679108348
Single-view Diffusion Maps (view 2),32,ami,0.7653981539561894
Single-view Diffusion Maps (view 2),32,ari,0.5993751148685903
Single-view Diffusion Maps (view 2),33,chs,5.709940901163712
Single-view Diffusion Maps (view 2),33,ami,0.7495486601616301
Single-view Diffusion Maps (view 2),33,ari,0.5775348141328116
Single-view Diffusion Maps (view 2),34,chs,5.776138960138885
Single-view Diffusion Maps (view 2),34,ami,0.7533382018998234
Single-view Diffusion Maps (view 2),34,ari,0.5747335895099631
Single-view Diffusion Maps (view 2),35,chs,5.784484939335734
Single-view Diffusion Maps (view 2),35,ami,0.7645454196162202
Single-view Diffusion Maps (view 2),35,ari,0.6007515166782124
Single-view Diffusion Maps (view 2),36,chs,5.737365247033656
Single-view Diffusion Maps (view 2),36,ami,0.7369414756297737
Single-view Diffusion Maps (view 2),36,ari,0.5467601503241061
Single-view Diffusion Maps (view 2),37,chs,5.7428889035721244
Single-view Diffusion Maps (view 2),37,ami,0.7550776478635486
Single-view Diffusion Maps (view 2),37,ari,0.5874919580184558
Single-view Diffusion Maps (view 2),38,chs,5.754997734675147
Single-view Diffusion Maps (view 2),38,ami,0.7674199820788696
Single-view Diffusion Maps (view 2),38,ari,0.5991543150176559
Single-view Diffusion Maps (view 2),39,chs,5.788820139480489
Single-view Diffusion Maps (view 2),39,ami,0.7518627762062461
Single-view Diffusion Maps (view 2),39,ari,0.5806987906577642
Single-view Diffusion Maps (view 2),40,chs,5.747571513751797
Single-view Diffusion Maps (view 2),40,ami,0.7531212891646127
Single-view Diffusion Maps (view 2),40,ari,0.5871157973458807
Single-view Diffusion Maps (view 2),41,chs,5.78629774061623
Single-view Diffusion Maps (view 2),41,ami,0.7580580782574681
Single-view Diffusion Maps (view 2),41,ari,0.5786158340199236
Single-view Diffusion Maps (view 2),42,chs,5.756025000418433
Single-view Diffusion Maps (view 2),42,ami,0.729919357316531
Single-view Diffusion Maps (view 2),42,ari,0.5440544920868468
Single-view Diffusion Maps (view 2),43,chs,5.7414046886799115
Single-view Diffusion Maps (view 2),43,ami,0.748571645287745
Single-view Diffusion Maps (view 2),43,ari,0.5699897420310779
Single-view Diffusion Maps (view 2),44,chs,5.739454725118604
Single-view Diffusion Maps (view 2),44,ami,0.7488957789566928
Single-view Diffusion Maps (view 2),44,ari,0.5693616314701043
Single-view Diffusion Maps (view 2),45,chs,5.782147585363937
Single-view Diffusion Maps (view 2),45,ami,0.7514201074018673
Single-view Diffusion Maps (view 2),45,ari,0.5678356748999874
Single-view Diffusion Maps (view 2),46,chs,5.804694311647994
Single-view Diffusion Maps (view 2),46,ami,0.7491222332767231
Single-view Diffusion Maps (view 2),46,ari,0.5685064886242313
Single-view Diffusion Maps (view 2),47,chs,5.801890017893289
Single-view Diffusion Maps (view 2),47,ami,0.7519692430284187
Single-view Diffusion Maps (view 2),47,ari,0.5679225697853837
Single-view Diffusion Maps (view 2),48,chs,5.659733415218076
Single-view Diffusion Maps (view 2),48,ami,0.7614006711537527
Single-view Diffusion Maps (view 2),48,ari,0.5991972795631975
Single-view Diffusion Maps (view 2),49,chs,5.799282532147513
Single-view Diffusion Maps (view 2),49,ami,0.7648270249618896
Single-view Diffusion Maps (view 2),49,ari,0.5922385436806793
Single-view Diffusion Maps (view 2),50,chs,5.7728039785942755
Single-view Diffusion Maps (view 2),50,ami,0.7572124136025264
Single-view Diffusion Maps (view 2),50,ari,0.5746229084840242
Single-view Diffusion Maps (view 2),51,chs,5.8066477748557475
Single-view Diffusion Maps (view 2),51,ami,0.7575574084613192
Single-view Diffusion Maps (view 2),51,ari,0.5816079814420158
Single-view Diffusion Maps (view 2),52,chs,5.714882093733904
Single-view Diffusion Maps (view 2),52,ami,0.7583477381567006
Single-view Diffusion Maps (view 2),52,ari,0.6037564428048053
Single-view Diffusion Maps (view 2),53,chs,5.764744093139704
Single-view Diffusion Maps (view 2),53,ami,0.7275370781455537
Single-view Diffusion Maps (view 2),53,ari,0.5266287912338197
Single-view Diffusion Maps (view 2),54,chs,5.778114774516369
Single-view Diffusion Maps (view 2),54,ami,0.7329968052504602
Single-view Diffusion Maps (view 2),54,ari,0.5390117273842132
Single-view Diffusion Maps (view 2),55,chs,5.799186534468431
Single-view Diffusion Maps (view 2),55,ami,0.7407638427205718
Single-view Diffusion Maps (view 2),55,ari,0.5579071434922689
Single-view Diffusion Maps (view 2),56,chs,5.757783372430675
Single-view Diffusion Maps (view 2),56,ami,0.7488803510267432
Single-view Diffusion Maps (view 2),56,ari,0.5820352358302069
Single-view Diffusion Maps (view 2),57,chs,5.792497433272295
Single-view Diffusion Maps (view 2),57,ami,0.7558123415864294
Single-view Diffusion Maps (view 2),57,ari,0.581664476281852
Single-view Diffusion Maps (view 2),58,chs,5.693309575633213
Single-view Diffusion Maps (view 2),58,ami,0.7371533199274624
Single-view Diffusion Maps (view 2),58,ari,0.529417615755707
Single-view Diffusion Maps (view 2),59,chs,5.764126460882604
Single-view Diffusion Maps (view 2),59,ami,0.7291662443549501
Single-view Diffusion Maps (view 2),59,ari,0.532316998169439
Single-view Diffusion Maps (view 2),60,chs,5.769526692652393
Single-view Diffusion Maps (view 2),60,ami,0.7553216739867011
Single-view Diffusion Maps (view 2),60,ari,0.5817103540151234
Single-view Diffusion Maps (view 2),61,chs,5.786609921049863
Single-view Diffusion Maps (view 2),61,ami,0.7617734187386863
Single-view Diffusion Maps (view 2),61,ari,0.594017094017094
Single-view Diffusion Maps (view 2),62,chs,5.729201979478887
Single-view Diffusion Maps (view 2),62,ami,0.7519749168900028
Single-view Diffusion Maps (view 2),62,ari,0.5927854278698207
Single-view Diffusion Maps (view 2),63,chs,5.80578779628694
Single-view Diffusion Maps (view 2),63,ami,0.7697224260608326
Single-view Diffusion Maps (view 2),63,ari,0.6016951905894944
Single-view Diffusion Maps (view 2),64,chs,5.819199786345317
Single-view Diffusion Maps (view 2),64,ami,0.7537733475054468
Single-view Diffusion Maps (view 2),64,ari,0.5778708620473386
Single-view Diffusion Maps (view 2),65,chs,5.761486333387615
Single-view Diffusion Maps (view 2),65,ami,0.7596379750553496
Single-view Diffusion Maps (view 2),65,ari,0.57344827017125
Single-view Diffusion Maps (view 2),66,chs,5.8187286422106705
Single-view Diffusion Maps (view 2),66,ami,0.7571762303054649
Single-view Diffusion Maps (view 2),66,ari,0.5817586393587661
Single-view Diffusion Maps (view 2),67,chs,5.799562095330355
Single-view Diffusion Maps (view 2),67,ami,0.7531420902175154
Single-view Diffusion Maps (view 2),67,ari,0.5819672287193234
Single-view Diffusion Maps (view 2),68,chs,5.690350588412718
Single-view Diffusion Maps (view 2),68,ami,0.742293713767661
Single-view Diffusion Maps (view 2),68,ari,0.5634850683874085
Single-view Diffusion Maps (view 2),69,chs,5.732208737730826
Single-view Diffusion Maps (view 2),69,ami,0.7454946868763711
Single-view Diffusion Maps (view 2),69,ari,0.5783829833267975
Single-view Diffusion Maps (view 2),70,chs,5.703689755933333
Single-view Diffusion Maps (view 2),70,ami,0.743253343057376
Single-view Diffusion Maps (view 2),70,ari,0.5751762363450466
Single-view Diffusion Maps (view 2),71,chs,5.716647917145715
Single-view Diffusion Maps (view 2),71,ami,0.7423461038983117
Single-view Diffusion Maps (view 2),71,ari,0.5770046260601388
Single-view Diffusion Maps (view 2),72,chs,5.804983346614792
Single-view Diffusion Maps (view 2),72,ami,0.766848044171965
Single-view Diffusion Maps (view 2),72,ari,0.5991096536800663
Single-view Diffusion Maps (view 2),73,chs,5.7152580418543115
Single-view Diffusion Maps (view 2),73,ami,0.7435823635390788
Single-view Diffusion Maps (view 2),73,ari,0.5543527446134567
Single-view Diffusion Maps (view 2),74,chs,5.794191540872102
Single-view Diffusion Maps (view 2),74,ami,0.7374169936402718
Single-view Diffusion Maps (view 2),74,ari,0.5536501585881052
Single-view Diffusion Maps (view 2),75,chs,5.682156051666963
Single-view Diffusion Maps (view 2),75,ami,0.7542646846173707
Single-view Diffusion Maps (view 2),75,ari,0.6000854627139508
Single-view Diffusion Maps (view 2),76,chs,5.767680545687042
Single-view Diffusion Maps (view 2),76,ami,0.7508322145125592
Single-view Diffusion Maps (view 2),76,ari,0.5721894115165577
Single-view Diffusion Maps (view 2),77,chs,5.779088270168044
Single-view Diffusion Maps (view 2),77,ami,0.7437270014366207
Single-view Diffusion Maps (view 2),77,ari,0.5437789856517624
Single-view Diffusion Maps (view 2),78,chs,5.776875133400434
Single-view Diffusion Maps (view 2),78,ami,0.7531628563560854
Single-view Diffusion Maps (view 2),78,ari,0.5875846410223465
Single-view Diffusion Maps (view 2),79,chs,5.694807545105894
Single-view Diffusion Maps (view 2),79,ami,0.7525433893904746
Single-view Diffusion Maps (view 2),79,ari,0.5852768169773596
Single-view Diffusion Maps (view 2),80,chs,5.760253587750924
Single-view Diffusion Maps (view 2),80,ami,0.7503990809997588
Single-view Diffusion Maps (view 2),80,ari,0.573808906907273
Single-view Diffusion Maps (view 2),81,chs,5.820556747192633
Single-view Diffusion Maps (view 2),81,ami,0.7669143521933782
Single-view Diffusion Maps (view 2),81,ari,0.5956099795909867
Single-view Diffusion Maps (view 2),82,chs,5.699305105133675
Single-view Diffusion Maps (view 2),82,ami,0.7522072128984413
Single-view Diffusion Maps (view 2),82,ari,0.5645477899522753
Single-view Diffusion Maps (view 2),83,chs,5.668507356376166
Single-view Diffusion Maps (view 2),83,ami,0.7603172683936247
Single-view Diffusion Maps (view 2),83,ari,0.5808592625607027
Single-view Diffusion Maps (view 2),84,chs,5.74270112911765
Single-view Diffusion Maps (view 2),84,ami,0.7371724093838362
Single-view Diffusion Maps (view 2),84,ari,0.559454947638948
Single-view Diffusion Maps (view 2),85,chs,5.764224776701488
Single-view Diffusion Maps (view 2),85,ami,0.7442328491751339
Single-view Diffusion Maps (view 2),85,ari,0.5555627233669217
Single-view Diffusion Maps (view 2),86,chs,5.770142279949157
Single-view Diffusion Maps (view 2),86,ami,0.7618743143740287
Single-view Diffusion Maps (view 2),86,ari,0.5932752595382317
Single-view Diffusion Maps (view 2),87,chs,5.772561784961846
Single-view Diffusion Maps (view 2),87,ami,0.7362639789193811
Single-view Diffusion Maps (view 2),87,ari,0.5550883792458129
Single-view Diffusion Maps (view 2),88,chs,5.7978811859378805
Single-view Diffusion Maps (view 2),88,ami,0.7489089159517314
Single-view Diffusion Maps (view 2),88,ari,0.5621242130249838
Single-view Diffusion Maps (view 2),89,chs,5.796418419835584
Single-view Diffusion Maps (view 2),89,ami,0.7585542187922701
Single-view Diffusion Maps (view 2),89,ari,0.5910436323578715
Single-view Diffusion Maps (view 2),90,chs,5.765653251697568
Single-view Diffusion Maps (view 2),90,ami,0.7518131352625282
Single-view Diffusion Maps (view 2),90,ari,0.576441906112298
Single-view Diffusion Maps (view 2),91,chs,5.7882593222156995
Single-view Diffusion Maps (view 2),91,ami,0.745466919993354
Single-view Diffusion Maps (view 2),91,ari,0.5731700786437773
Single-view Diffusion Maps (view 2),92,chs,5.813533675416846
Single-view Diffusion Maps (view 2),92,ami,0.7785681973707719
Single-view Diffusion Maps (view 2),92,ari,0.6124627705718099
Single-view Diffusion Maps (view 2),93,chs,5.763112225186937
Single-view Diffusion Maps (view 2),93,ami,0.7468131894710955
Single-view Diffusion Maps (view 2),93,ari,0.561455089540375
Single-view Diffusion Maps (view 2),94,chs,5.794148386516112
Single-view Diffusion Maps (view 2),94,ami,0.747965390757659
Single-view Diffusion Maps (view 2),94,ari,0.5544520408653757
Single-view Diffusion Maps (view 2),95,chs,5.766989630590807
Single-view Diffusion Maps (view 2),95,ami,0.7585355862367992
Single-view Diffusion Maps (view 2),95,ari,0.5943124501359008
Single-view Diffusion Maps (view 2),96,chs,5.818036553669768
Single-view Diffusion Maps (view 2),96,ami,0.7541678862578938
Single-view Diffusion Maps (view 2),96,ari,0.5811063313687961
Single-view Diffusion Maps (view 2),97,chs,5.75578632352686
Single-view Diffusion Maps (view 2),97,ami,0.7624880279873176
Single-view Diffusion Maps (view 2),97,ari,0.6033672011951998
Single-view Diffusion Maps (view 2),98,chs,5.783496065998605
Single-view Diffusion Maps (view 2),98,ami,0.7507157292418987
Single-view Diffusion Maps (view 2),98,ari,0.5408223781753484
Single-view Diffusion Maps (view 2),99,chs,5.740351641411463
Single-view Diffusion Maps (view 2),99,ami,0.7491067091629185
Single-view Diffusion Maps (view 2),99,ari,0.5815693349498887
Integrated Diffusion Maps,0,chs,5.902089230231049
Integrated Diffusion Maps,0,ami,0.7528166026695042
Integrated Diffusion Maps,0,ari,0.5391173860318278
Integrated Diffusion Maps,1,chs,5.9495486853645705
Integrated Diffusion Maps,1,ami,0.7496182668448287
Integrated Diffusion Maps,1,ari,0.5637925111645483
Integrated Diffusion Maps,2,chs,5.908410260041098
Integrated Diffusion Maps,2,ami,0.7553900834278552
Integrated Diffusion Maps,2,ari,0.5706693299566621
Integrated Diffusion Maps,3,chs,5.964016185760601
Integrated Diffusion Maps,3,ami,0.7567230847499391
Integrated Diffusion Maps,3,ari,0.5756097917775255
Integrated Diffusion Maps,4,chs,5.9033630226076514
Integrated Diffusion Maps,4,ami,0.7505957582616503
Integrated Diffusion Maps,4,ari,0.5573960248007845
Integrated Diffusion Maps,5,chs,5.916284468634018
Integrated Diffusion Maps,5,ami,0.7336774227146797
Integrated Diffusion Maps,5,ari,0.5202826001816275
Integrated Diffusion Maps,6,chs,5.932639696757072
Integrated Diffusion Maps,6,ami,0.7470433869048084
Integrated Diffusion Maps,6,ari,0.5539162100002839
Integrated Diffusion Maps,7,chs,5.959575324299745
Integrated Diffusion Maps,7,ami,0.7651504944468621
Integrated Diffusion Maps,7,ari,0.5691591693543824
Integrated Diffusion Maps,8,chs,5.926019028232192
Integrated Diffusion Maps,8,ami,0.7393392475322479
Integrated Diffusion Maps,8,ari,0.5548710399118147
Integrated Diffusion Maps,9,chs,5.838125156298158
Integrated Diffusion Maps,9,ami,0.7433399516697321
Integrated Diffusion Maps,9,ari,0.5649311877035338
Integrated Diffusion Maps,10,chs,5.976580493224887
Integrated Diffusion Maps,10,ami,0.7555209005492306
Integrated Diffusion Maps,10,ari,0.49339776728393736
Integrated Diffusion Maps,11,chs,5.811689938451872
Integrated Diffusion Maps,11,ami,0.7621310595479098
Integrated Diffusion Maps,11,ari,0.5674515415636789
Integrated Diffusion Maps,12,chs,5.905567938626975
Integrated Diffusion Maps,12,ami,0.7608821344490247
Integrated Diffusion Maps,12,ari,0.5869542324753039
Integrated Diffusion Maps,13,chs,5.936349007161867
Integrated Diffusion Maps,13,ami,0.760311902302569
Integrated Diffusion Maps,13,ari,0.5418484914552132
Integrated Diffusion Maps,14,chs,5.983729843273154
Integrated Diffusion Maps,14,ami,0.735723615994755
Integrated Diffusion Maps,14,ari,0.5039755171124363
Integrated Diffusion Maps,15,chs,5.970106880530583
Integrated Diffusion Maps,15,ami,0.7601147148619413
Integrated Diffusion Maps,15,ari,0.5712166358641673
Integrated Diffusion Maps,16,chs,5.9612468654638056
Integrated Diffusion Maps,16,ami,0.752967981970952
Integrated Diffusion Maps,16,ari,0.5750423755299239
Integrated Diffusion Maps,17,chs,6.003826171621542
Integrated Diffusion Maps,17,ami,0.7633949443504976
Integrated Diffusion Maps,17,ari,0.56879939907504
Integrated Diffusion Maps,18,chs,5.833809940691153
Integrated Diffusion Maps,18,ami,0.7399033178305332
Integrated Diffusion Maps,18,ari,0.5352249206568235
Integrated Diffusion Maps,19,chs,5.839238169170784
Integrated Diffusion Maps,19,ami,0.7335890034364917
Integrated Diffusion Maps,19,ari,0.5050781160271577
Integrated Diffusion Maps,20,chs,5.935292932096306
Integrated Diffusion Maps,20,ami,0.7559031273883126
Integrated Diffusion Maps,20,ari,0.5817934210963364
Integrated Diffusion Maps,21,chs,5.913070004239804
Integrated Diffusion Maps,21,ami,0.7534266094300125
Integrated Diffusion Maps,21,ari,0.5899625113096212
Integrated Diffusion Maps,22,chs,5.936764163320397
Integrated Diffusion Maps,22,ami,0.7533228120618336
Integrated Diffusion Maps,22,ari,0.5864174021719437
Integrated Diffusion Maps,23,chs,5.923583698479314
Integrated Diffusion Maps,23,ami,0.7471847166768187
Integrated Diffusion Maps,23,ari,0.5656921271493444
Integrated Diffusion Maps,24,chs,5.908233338963109
Integrated Diffusion Maps,24,ami,0.749989626899291
Integrated Diffusion Maps,24,ari,0.5093837593878007
Integrated Diffusion Maps,25,chs,5.944644992408687
Integrated Diffusion Maps,25,ami,0.7556169135283423
Integrated Diffusion Maps,25,ari,0.5753738222132883
Integrated Diffusion Maps,26,chs,5.974137947482256
Integrated Diffusion Maps,26,ami,0.7553041959310213
Integrated Diffusion Maps,26,ari,0.5421873249620645
Integrated Diffusion Maps,27,chs,5.979084678381022
Integrated Diffusion Maps,27,ami,0.748428237823541
Integrated Diffusion Maps,27,ari,0.5562124083015612
Integrated Diffusion Maps,28,chs,5.946166964110466
Integrated Diffusion Maps,28,ami,0.7515123002808729
Integrated Diffusion Maps,28,ari,0.5585976538492371
Integrated Diffusion Maps,29,chs,5.870640639259045
Integrated Diffusion Maps,29,ami,0.7378064670847462
Integrated Diffusion Maps,29,ari,0.5028431417872498
Integrated Diffusion Maps,30,chs,5.841909007386024
Integrated Diffusion Maps,30,ami,0.7471691202042898
Integrated Diffusion Maps,30,ari,0.581950817743264
Integrated Diffusion Maps,31,chs,5.86624947412
Integrated Diffusion Maps,31,ami,0.7463017994834384
Integrated Diffusion Maps,31,ari,0.541372132695488
Integrated Diffusion Maps,32,chs,5.988307965255985
Integrated Diffusion Maps,32,ami,0.7429266065197239
Integrated Diffusion Maps,32,ari,0.5636929418732798
Integrated Diffusion Maps,33,chs,5.942404053133876
Integrated Diffusion Maps,33,ami,0.7640721992594373
Integrated Diffusion Maps,33,ari,0.5520628683693517
Integrated Diffusion Maps,34,chs,5.8926158926114915
Integrated Diffusion Maps,34,ami,0.7406806129104077
Integrated Diffusion Maps,34,ari,0.5606110166165118
Integrated Diffusion Maps,35,chs,5.833749091218785
Integrated Diffusion Maps,35,ami,0.739269773770525
Integrated Diffusion Maps,35,ari,0.5200728734218161
Integrated Diffusion Maps,36,chs,5.977781899573268
Integrated Diffusion Maps,36,ami,0.7522209197733525
Integrated Diffusion Maps,36,ari,0.5689133195759738
Integrated Diffusion Maps,37,chs,5.9455663930110205
Integrated Diffusion Maps,37,ami,0.7445908335560375
Integrated Diffusion Maps,37,ari,0.5522265602897075
Integrated Diffusion Maps,38,chs,6.017396328151563
Integrated Diffusion Maps,38,ami,0.7534909622621223
Integrated Diffusion Maps,38,ari,0.47958322489217314
Integrated Diffusion Maps,39,chs,5.95201767648024
Integrated Diffusion Maps,39,ami,0.7348828866289498
Integrated Diffusion Maps,39,ari,0.5279196209758391
Integrated Diffusion Maps,40,chs,5.763649845068869
Integrated Diffusion Maps,40,ami,0.7487196330401791
Integrated Diffusion Maps,40,ari,0.5649463546522129
Integrated Diffusion Maps,41,chs,5.966878063343049
Integrated Diffusion Maps,41,ami,0.7546390106538385
Integrated Diffusion Maps,41,ari,0.5439423209603974
Integrated Diffusion Maps,42,chs,5.907427225507996
Integrated Diffusion Maps,42,ami,0.7317062368145079
Integrated Diffusion Maps,42,ari,0.49666739528313275
Integrated Diffusion Maps,43,chs,5.981348352934571
Integrated Diffusion Maps,43,ami,0.7499880767310012
Integrated Diffusion Maps,43,ari,0.5569300628076728
Integrated Diffusion Maps,44,chs,5.879183107873063
Integrated Diffusion Maps,44,ami,0.7321729872178994
Integrated Diffusion Maps,44,ari,0.49520962152612624
Integrated Diffusion Maps,45,chs,5.961313053517985
Integrated Diffusion Maps,45,ami,0.7525572291910907
Integrated Diffusion Maps,45,ari,0.5612158668096109
Integrated Diffusion Maps,46,chs,5.918080017353235
Integrated Diffusion Maps,46,ami,0.7399424013210782
Integrated Diffusion Maps,46,ari,0.542472412416287
Integrated Diffusion Maps,47,chs,5.80458882778891
Integrated Diffusion Maps,47,ami,0.7525430562606943
Integrated Diffusion Maps,47,ari,0.5501607655535674
Integrated Diffusion Maps,48,chs,5.957165940726632
Integrated Diffusion Maps,48,ami,0.764282649259019
Integrated Diffusion Maps,48,ari,0.5857227677551953
Integrated Diffusion Maps,49,chs,5.948266677452275
Integrated Diffusion Maps,49,ami,0.7494504489496888
Integrated Diffusion Maps,49,ari,0.5696562240088716
Integrated Diffusion Maps,50,chs,5.820861293261029
Integrated Diffusion Maps,50,ami,0.7406459145199237
Integrated Diffusion Maps,50,ari,0.5380530354065144
Integrated Diffusion Maps,51,chs,5.913239443157057
Integrated Diffusion Maps,51,ami,0.7487297943145697
Integrated Diffusion Maps,51,ari,0.5475684888448051
Integrated Diffusion Maps,52,chs,5.9423212362855935
Integrated Diffusion Maps,52,ami,0.7546302358758133
Integrated Diffusion Maps,52,ari,0.5803738746593006
Integrated Diffusion Maps,53,chs,5.946542251775049
Integrated Diffusion Maps,53,ami,0.7633740695054227
Integrated Diffusion Maps,53,ari,0.5892911435991927
Integrated Diffusion Maps,54,chs,6.0024443107908265
Integrated Diffusion Maps,54,ami,0.7601903066695893
Integrated Diffusion Maps,54,ari,0.5750661972813076
Integrated Diffusion Maps,55,chs,5.866877765122704
Integrated Diffusion Maps,55,ami,0.7545765182954466
Integrated Diffusion Maps,55,ari,0.5671778357194045
Integrated Diffusion Maps,56,chs,5.941083218895845
Integrated Diffusion Maps,56,ami,0.7456281769608781
Integrated Diffusion Maps,56,ari,0.5213080874387863
Integrated Diffusion Maps,57,chs,5.971411266020409
Integrated Diffusion Maps,57,ami,0.7603628619064023
Integrated Diffusion Maps,57,ari,0.5758037041064115
Integrated Diffusion Maps,58,chs,5.967733483325427
Integrated Diffusion Maps,58,ami,0.7577381577304619
Integrated Diffusion Maps,58,ari,0.5747636371518683
Integrated Diffusion Maps,59,chs,5.897689019080903
Integrated Diffusion Maps,59,ami,0.7432838358802585
Integrated Diffusion Maps,59,ari,0.5528553590906481
Integrated Diffusion Maps,60,chs,5.982810864563077
Integrated Diffusion Maps,60,ami,0.7448761251715279
Integrated Diffusion Maps,60,ari,0.5085586086877982
Integrated Diffusion Maps,61,chs,5.981841402049671
Integrated Diffusion Maps,61,ami,0.7448632950371634
Integrated Diffusion Maps,61,ari,0.568572265450887
Integrated Diffusion Maps,62,chs,5.77436504433119
Integrated Diffusion Maps,62,ami,0.7242928921289213
Integrated Diffusion Maps,62,ari,0.45756988987050706
Integrated Diffusion Maps,63,chs,5.861228716638256
Integrated Diffusion Maps,63,ami,0.7602641121459606
Integrated Diffusion Maps,63,ari,0.5744038298867952
Integrated Diffusion Maps,64,chs,5.965486238667058
Integrated Diffusion Maps,64,ami,0.7632068445246463
Integrated Diffusion Maps,64,ari,0.5901807723911258
Integrated Diffusion Maps,65,chs,5.820225786022323
Integrated Diffusion Maps,65,ami,0.7502805198329562
Integrated Diffusion Maps,65,ari,0.5834635915053445
Integrated Diffusion Maps,66,chs,5.9237177195229975
Integrated Diffusion Maps,66,ami,0.7539830704186522
Integrated Diffusion Maps,66,ari,0.5506233251776768
Integrated Diffusion Maps,67,chs,5.956537241795905
Integrated Diffusion Maps,67,ami,0.7428264978758236
Integrated Diffusion Maps,67,ari,0.5466110927582887
Integrated Diffusion Maps,68,chs,5.916317905804396
Integrated Diffusion Maps,68,ami,0.7694756682070355
Integrated Diffusion Maps,68,ari,0.5844041263640595
Integrated Diffusion Maps,69,chs,5.838696666244092
Integrated Diffusion Maps,69,ami,0.7262499296612336
Integrated Diffusion Maps,69,ari,0.4896342507806427
Integrated Diffusion Maps,70,chs,5.88954247755666
Integrated Diffusion Maps,70,ami,0.7276805031162931
Integrated Diffusion Maps,70,ari,0.5546384484898331
Integrated Diffusion Maps,71,chs,5.832043550935163
Integrated Diffusion Maps,71,ami,0.7410151267951333
Integrated Diffusion Maps,71,ari,0.4947806439405383
Integrated Diffusion Maps,72,chs,5.973285309518257
Integrated Diffusion Maps,72,ami,0.7376578639454259
Integrated Diffusion Maps,72,ari,0.5383837299918903
Integrated Diffusion Maps,73,chs,5.9103440266014
Integrated Diffusion Maps,73,ami,0.7495332487391347
Integrated Diffusion Maps,73,ari,0.5523649337953377
Integrated Diffusion Maps,74,chs,5.941643100242699
Integrated Diffusion Maps,74,ami,0.7636589103597315
Integrated Diffusion Maps,74,ari,0.5798447463265872
Integrated Diffusion Maps,75,chs,5.966431540212561
Integrated Diffusion Maps,75,ami,0.7632281964447691
Integrated Diffusion Maps,75,ari,0.5765123658892862
Integrated Diffusion Maps,76,chs,5.923162757512394
Integrated Diffusion Maps,76,ami,0.752882580058988
Integrated Diffusion Maps,76,ari,0.5665036679246377
Integrated Diffusion Maps,77,chs,5.864185992115093
Integrated Diffusion Maps,77,ami,0.7533770678177399
Integrated Diffusion Maps,77,ari,0.5577358596235766
Integrated Diffusion Maps,78,chs,5.901840520465694
Integrated Diffusion Maps,78,ami,0.7720489090907815
Integrated Diffusion Maps,78,ari,0.5789928057553957
Integrated Diffusion Maps,79,chs,5.956161286701785
Integrated Diffusion Maps,79,ami,0.7625759865843361
Integrated Diffusion Maps,79,ari,0.588384501329271
Integrated Diffusion Maps,80,chs,5.866695153862566
Integrated Diffusion Maps,80,ami,0.751636023451465
Integrated Diffusion Maps,80,ari,0.5716633179989973
Integrated Diffusion Maps,81,chs,5.901849108098574
Integrated Diffusion Maps,81,ami,0.7362475183271343
Integrated Diffusion Maps,81,ari,0.5042954765202393
Integrated Diffusion Maps,82,chs,5.866557639775666
Integrated Diffusion Maps,82,ami,0.7281820366838859
Integrated Diffusion Maps,82,ari,0.5204741545897869
Integrated Diffusion Maps,83,chs,5.93200768744283
Integrated Diffusion Maps,83,ami,0.7404330014584803
Integrated Diffusion Maps,83,ari,0.5566846477465884
Integrated Diffusion Maps,84,chs,5.985527614366856
Integrated Diffusion Maps,84,ami,0.7458807837684447
Integrated Diffusion Maps,84,ari,0.5542771099419513
Integrated Diffusion Maps,85,chs,5.832831876570625
Integrated Diffusion Maps,85,ami,0.7381203858470683
Integrated Diffusion Maps,85,ari,0.5462694662917339
Integrated Diffusion Maps,86,chs,5.939838078033683
Integrated Diffusion Maps,86,ami,0.7360685917675321
Integrated Diffusion Maps,86,ari,0.5350557591415992
Integrated Diffusion Maps,87,chs,5.858556276088392
Integrated Diffusion Maps,87,ami,0.7438264461249509
Integrated Diffusion Maps,87,ari,0.5220505932393105
Integrated Diffusion Maps,88,chs,5.988579878766673
Integrated Diffusion Maps,88,ami,0.7620902036062297
Integrated Diffusion Maps,88,ari,0.57749413072143
Integrated Diffusion Maps,89,chs,5.945181180824736
Integrated Diffusion Maps,89,ami,0.7665231117243461
Integrated Diffusion Maps,89,ari,0.5999973766019124
Integrated Diffusion Maps,90,chs,6.001564505816495
Integrated Diffusion Maps,90,ami,0.7592336648305219
Integrated Diffusion Maps,90,ari,0.569464894142911
Integrated Diffusion Maps,91,chs,5.909722141128077
Integrated Diffusion Maps,91,ami,0.7404352671928179
Integrated Diffusion Maps,91,ari,0.5365820755905903
Integrated Diffusion Maps,92,chs,5.95555233170596
Integrated Diffusion Maps,92,ami,0.7420060811670268
Integrated Diffusion Maps,92,ari,0.5188197617548138
Integrated Diffusion Maps,93,chs,5.861406043643344
Integrated Diffusion Maps,93,ami,0.7414697363579187
Integrated Diffusion Maps,93,ari,0.5211749250378571
Integrated Diffusion Maps,94,chs,5.923523029955526
Integrated Diffusion Maps,94,ami,0.7605957179040641
Integrated Diffusion Maps,94,ari,0.5759072861584345
Integrated Diffusion Maps,95,chs,5.970143377911292
Integrated Diffusion Maps,95,ami,0.7632301833484576
Integrated Diffusion Maps,95,ari,0.5235326185716882
Integrated Diffusion Maps,96,chs,5.962670319203251
Integrated Diffusion Maps,96,ami,0.7641316947610794
Integrated Diffusion Maps,96,ari,0.5924011372447661
Integrated Diffusion Maps,97,chs,5.984419513851551
Integrated Diffusion Maps,97,ami,0.7622521027973203
Integrated Diffusion Maps,97,ari,0.5769908829899764
Integrated Diffusion Maps,98,chs,5.966849694862669
Integrated Diffusion Maps,98,ami,0.7458812591659576
Integrated Diffusion Maps,98,ari,0.5592470517463938
Integrated Diffusion Maps,99,chs,5.811470620509576
Integrated Diffusion Maps,99,ami,0.7483614561501609
Integrated Diffusion Maps,99,ari,0.5778801929302447
Composite Diffusion Maps,0,chs,6.086609968943977
Composite Diffusion Maps,0,ami,0.7457928918150922
Composite Diffusion Maps,0,ari,0.44639557300250715
Composite Diffusion Maps,1,chs,6.078992699038843
Composite Diffusion Maps,1,ami,0.7576008050990973
Composite Diffusion Maps,1,ari,0.5017251832662735
Composite Diffusion Maps,2,chs,5.99346981378832
Composite Diffusion Maps,2,ami,0.7454415779410768
Composite Diffusion Maps,2,ari,0.532902840183737
Composite Diffusion Maps,3,chs,6.033060601621534
Composite Diffusion Maps,3,ami,0.7511063240818655
Composite Diffusion Maps,3,ari,0.5359858520103771
Composite Diffusion Maps,4,chs,6.038729361499314
Composite Diffusion Maps,4,ami,0.763673463464325
Composite Diffusion Maps,4,ari,0.5499694828334454
Composite Diffusion Maps,5,chs,6.022902602779936
Composite Diffusion Maps,5,ami,0.7644456747372377
Composite Diffusion Maps,5,ari,0.5604931013904105
Composite Diffusion Maps,6,chs,6.026099902548321
Composite Diffusion Maps,6,ami,0.7596504138529352
Composite Diffusion Maps,6,ari,0.5263239733675199
Composite Diffusion Maps,7,chs,6.041254407242201
Composite Diffusion Maps,7,ami,0.751029787938157
Composite Diffusion Maps,7,ari,0.47468538688484246
Composite Diffusion Maps,8,chs,5.944703247505995
Composite Diffusion Maps,8,ami,0.7522382370230364
Composite Diffusion Maps,8,ari,0.5255446553701109
Composite Diffusion Maps,9,chs,6.078435007998948
Composite Diffusion Maps,9,ami,0.7676884791173241
Composite Diffusion Maps,9,ari,0.4358697387824878
Composite Diffusion Maps,10,chs,6.044416013849432
Composite Diffusion Maps,10,ami,0.7565760171579405
Composite Diffusion Maps,10,ari,0.47928810392115495
Composite Diffusion Maps,11,chs,5.928880383487964
Composite Diffusion Maps,11,ami,0.7445886858662368
Composite Diffusion Maps,11,ari,0.49886096025376075
Composite Diffusion Maps,12,chs,6.052141953673164
Composite Diffusion Maps,12,ami,0.7447312069562044
Composite Diffusion Maps,12,ari,0.49047746149377464
Composite Diffusion Maps,13,chs,6.069891294080753
Composite Diffusion Maps,13,ami,0.7682134852162719
Composite Diffusion Maps,13,ari,0.5312934677005802
Composite Diffusion Maps,14,chs,6.042785419323272
Composite Diffusion Maps,14,ami,0.7420876094461907
Composite Diffusion Maps,14,ari,0.48737449595732746
Composite Diffusion Maps,15,chs,6.067668780189424
Composite Diffusion Maps,15,ami,0.731283022120314
Composite Diffusion Maps,15,ari,0.4553968458661731
Composite Diffusion Maps,16,chs,6.018664996667093
Composite Diffusion Maps,16,ami,0.7541196689773595
Composite Diffusion Maps,16,ari,0.5197602054246817
Composite Diffusion Maps,17,chs,6.020985648039702
Composite Diffusion Maps,17,ami,0.762082876302868
Composite Diffusion Maps,17,ari,0.4976153387118024
Composite Diffusion Maps,18,chs,6.04161757098082
Composite Diffusion Maps,18,ami,0.7598322184947192
Composite Diffusion Maps,18,ari,0.5479942036111434
Composite Diffusion Maps,19,chs,5.981806549046934
Composite Diffusion Maps,19,ami,0.7775053669276712
Composite Diffusion Maps,19,ari,0.6013452394330908
Composite Diffusion Maps,20,chs,5.957731962243161
Composite Diffusion Maps,20,ami,0.754078304151059
Composite Diffusion Maps,20,ari,0.5364063271945255
Composite Diffusion Maps,21,chs,6.04617350599707
Composite Diffusion Maps,21,ami,0.750512933638299
Composite Diffusion Maps,21,ari,0.5040413569780339
Composite Diffusion Maps,22,chs,6.074652157372093
Composite Diffusion Maps,22,ami,0.7543060080863291
Composite Diffusion Maps,22,ari,0.5040873775475735
Composite Diffusion Maps,23,chs,6.030079973592622
Composite Diffusion Maps,23,ami,0.7521431114714631
Composite Diffusion Maps,23,ari,0.5191423890685178
Composite Diffusion Maps,24,chs,6.0284514184701035
Composite Diffusion Maps,24,ami,0.757099349952402
Composite Diffusion Maps,24,ari,0.511588731969563
Composite Diffusion Maps,25,chs,6.014245419953852
Composite Diffusion Maps,25,ami,0.758499201486983
Composite Diffusion Maps,25,ari,0.5427468625094095
Composite Diffusion Maps,26,chs,6.046157947794928
Composite Diffusion Maps,26,ami,0.7601499043699342
Composite Diffusion Maps,26,ari,0.5296541503460499
Composite Diffusion Maps,27,chs,6.079374938642248
Composite Diffusion Maps,27,ami,0.7568399803889371
Composite Diffusion Maps,27,ari,0.4742116029614861
Composite Diffusion Maps,28,chs,6.035880689349931
Composite Diffusion Maps,28,ami,0.7534062457755744
Composite Diffusion Maps,28,ari,0.517017330328989
Composite Diffusion Maps,29,chs,6.037931779612952
Composite Diffusion Maps,29,ami,0.7558491884045315
Composite Diffusion Maps,29,ari,0.5332284381688982
Composite Diffusion Maps,30,chs,6.04428037759292
Composite Diffusion Maps,30,ami,0.7488408128116323
Composite Diffusion Maps,30,ari,0.5024768248645651
Composite Diffusion Maps,31,chs,6.0566562603205325
Composite Diffusion Maps,31,ami,0.7522951088508455
Composite Diffusion Maps,31,ari,0.4955667851470448
Composite Diffusion Maps,32,chs,6.055091038697002
Composite Diffusion Maps,32,ami,0.76440002903177
Composite Diffusion Maps,32,ari,0.4942704470571071
Composite Diffusion Maps,33,chs,5.992422142508054
Composite Diffusion Maps,33,ami,0.7490427722886825
Composite Diffusion Maps,33,ari,0.5290297097715954
Composite Diffusion Maps,34,chs,6.01066645882136
Composite Diffusion Maps,34,ami,0.7666892344884984
Composite Diffusion Maps,34,ari,0.5655565790406009
Composite Diffusion Maps,35,chs,6.048405924639475
Composite Diffusion Maps,35,ami,0.765043546853931
Composite Diffusion Maps,35,ari,0.5188318684434363
Composite Diffusion Maps,36,chs,6.015429368910768
Composite Diffusion Maps,36,ami,0.7527631648967426
Composite Diffusion Maps,36,ari,0.5188912050266429
Composite Diffusion Maps,37,chs,5.979632662334473
Composite Diffusion Maps,37,ami,0.7543969049712331
Composite Diffusion Maps,37,ari,0.5253039650240771
Composite Diffusion Maps,38,chs,6.024290991007668
Composite Diffusion Maps,38,ami,0.7443437534357511
Composite Diffusion Maps,38,ari,0.48940427366489425
Composite Diffusion Maps,39,chs,6.052292745613807
Composite Diffusion Maps,39,ami,0.7519653623811182
Composite Diffusion Maps,39,ari,0.5153960623653823
Composite Diffusion Maps,40,chs,6.050909450303713
Composite Diffusion Maps,40,ami,0.7572838234873341
Composite Diffusion Maps,40,ari,0.5166605172678385
Composite Diffusion Maps,41,chs,6.002556921849804
Composite Diffusion Maps,41,ami,0.7641830962105001
Composite Diffusion Maps,41,ari,0.5544668467223584
Composite Diffusion Maps,42,chs,6.056315142322436
Composite Diffusion Maps,42,ami,0.7503605351280217
Composite Diffusion Maps,42,ari,0.48940737722899497
Composite Diffusion Maps,43,chs,6.07491333843093
Composite Diffusion Maps,43,ami,0.7791158998486244
Composite Diffusion Maps,43,ari,0.5439352244910095
Composite Diffusion Maps,44,chs,5.984252931685646
Composite Diffusion Maps,44,ami,0.7819913236480828
Composite Diffusion Maps,44,ari,0.5515968937934256
Composite Diffusion Maps,45,chs,6.034211504430663
Composite Diffusion Maps,45,ami,0.7459621113304188
Composite Diffusion Maps,45,ari,0.5260871886458084
Composite Diffusion Maps,46,chs,6.045281431970629
Composite Diffusion Maps,46,ami,0.7434983972409795
Composite Diffusion Maps,46,ari,0.4902254922213924
Composite Diffusion Maps,47,chs,6.060879422987199
Composite Diffusion Maps,47,ami,0.7649181536701167
Composite Diffusion Maps,47,ari,0.5254680017414018
Composite Diffusion Maps,48,chs,6.0437508990595585
Composite Diffusion Maps,48,ami,0.7472303423814868
Composite Diffusion Maps,48,ari,0.47030834049510556
Composite Diffusion Maps,49,chs,6.070892376892072
Composite Diffusion Maps,49,ami,0.7561496152929866
Composite Diffusion Maps,49,ari,0.5086015070886429
Composite Diffusion Maps,50,chs,6.025301878916169
Composite Diffusion Maps,50,ami,0.7488785227995239
Composite Diffusion Maps,50,ari,0.516085285420374
Composite Diffusion Maps,51,chs,6.043621906886775
Composite Diffusion Maps,51,ami,0.7509413421348626
Composite Diffusion Maps,51,ari,0.5223333990619349
Composite Diffusion Maps,52,chs,6.076075770153919
Composite Diffusion Maps,52,ami,0.7669934637740091
Composite Diffusion Maps,52,ari,0.5146904603907377
Composite Diffusion Maps,53,chs,6.039358851955213
Composite Diffusion Maps,53,ami,0.7436377654713001
Composite Diffusion Maps,53,ari,0.5022570812290922
Composite Diffusion Maps,54,chs,6.049422727285174
Composite Diffusion Maps,54,ami,0.7346400917149699
Composite Diffusion Maps,54,ari,0.46778129681608294
Composite Diffusion Maps,55,chs,6.068463187233061
Composite Diffusion Maps,55,ami,0.768154566603263
Composite Diffusion Maps,55,ari,0.5139189487019711
Composite Diffusion Maps,56,chs,6.0145633540697805
Composite Diffusion Maps,56,ami,0.7563784885590498
Composite Diffusion Maps,56,ari,0.5296941176470589
Composite Diffusion Maps,57,chs,6.080596161894364
Composite Diffusion Maps,57,ami,0.7543893051639072
Composite Diffusion Maps,57,ari,0.43944201806706057
Composite Diffusion Maps,58,chs,6.020445336391422
Composite Diffusion Maps,58,ami,0.7586339674700253
Composite Diffusion Maps,58,ari,0.5287774718381248
Composite Diffusion Maps,59,chs,6.063473387358432
Composite Diffusion Maps,59,ami,0.7769873429116112
Composite Diffusion Maps,59,ari,0.5519861143207032
Composite Diffusion Maps,60,chs,6.031513983948468
Composite Diffusion Maps,60,ami,0.7456861908666162
Composite Diffusion Maps,60,ari,0.5234275116003941
Composite Diffusion Maps,61,chs,6.050526267248989
Composite Diffusion Maps,61,ami,0.7608202850836654
Composite Diffusion Maps,61,ari,0.5213568680623055
Composite Diffusion Maps,62,chs,6.055882470365356
Composite Diffusion Maps,62,ami,0.7657286166053132
Composite Diffusion Maps,62,ari,0.5392075283295762
Composite Diffusion Maps,63,chs,6.042414677711142
Composite Diffusion Maps,63,ami,0.758294936544016
Composite Diffusion Maps,63,ari,0.516292456378473
Composite Diffusion Maps,64,chs,6.019946503215869
Composite Diffusion Maps,64,ami,0.7694904352836144
Composite Diffusion Maps,64,ari,0.5354950835579156
Composite Diffusion Maps,65,chs,6.038908579828355
Composite Diffusion Maps,65,ami,0.7602043644687587
Composite Diffusion Maps,65,ari,0.5399128629929505
Composite Diffusion Maps,66,chs,5.996879684899895
Composite Diffusion Maps,66,ami,0.759495957546759
Composite Diffusion Maps,66,ari,0.5647762318431151
Composite Diffusion Maps,67,chs,6.0263080561552425
Composite Diffusion Maps,67,ami,0.764909663537597
Composite Diffusion Maps,67,ari,0.5302712412135727
Composite Diffusion Maps,68,chs,6.015937299662893
Composite Diffusion Maps,68,ami,0.7709608117715936
Composite Diffusion Maps,68,ari,0.571746910662435
Composite Diffusion Maps,69,chs,6.049739215264283
Composite Diffusion Maps,69,ami,0.7323428816364549
Composite Diffusion Maps,69,ari,0.4896588441149068
Composite Diffusion Maps,70,chs,6.064853921152145
Composite Diffusion Maps,70,ami,0.7564528708602877
Composite Diffusion Maps,70,ari,0.5135143883727705
Composite Diffusion Maps,71,chs,5.991249865461624
Composite Diffusion Maps,71,ami,0.7752178539218328
Composite Diffusion Maps,71,ari,0.5617084816390312
Composite Diffusion Maps,72,chs,6.002805388044644
Composite Diffusion Maps,72,ami,0.7708739678179181
Composite Diffusion Maps,72,ari,0.5778126295351896
Composite Diffusion Maps,73,chs,6.05406382965256
Composite Diffusion Maps,73,ami,0.7669830621959022
Composite Diffusion Maps,73,ari,0.5299998357882982
Composite Diffusion Maps,74,chs,6.009288323042657
Composite Diffusion Maps,74,ami,0.7598096476976272
Composite Diffusion Maps,74,ari,0.5388426975728563
Composite Diffusion Maps,75,chs,6.042488975118313
Composite Diffusion Maps,75,ami,0.753004042445396
Composite Diffusion Maps,75,ari,0.5318484728350504
Composite Diffusion Maps,76,chs,5.969354274401568
Composite Diffusion Maps,76,ami,0.7540892794299207
Composite Diffusion Maps,76,ari,0.5308714201161163
Composite Diffusion Maps,77,chs,5.981865414025876
Composite Diffusion Maps,77,ami,0.7660950882884859
Composite Diffusion Maps,77,ari,0.5323238608863998
Composite Diffusion Maps,78,chs,6.084015949837511
Composite Diffusion Maps,78,ami,0.7469513303811877
Composite Diffusion Maps,78,ari,0.47699033138009217
Composite Diffusion Maps,79,chs,6.045711426478256
Composite Diffusion Maps,79,ami,0.7651375882364149
Composite Diffusion Maps,79,ari,0.5474431930076324
Composite Diffusion Maps,80,chs,6.0370810885563575
Composite Diffusion Maps,80,ami,0.7518471306129074
Composite Diffusion Maps,80,ari,0.5159780643525715
Composite Diffusion Maps,81,chs,6.053510799940005
Composite Diffusion Maps,81,ami,0.7586352316860872
Composite Diffusion Maps,81,ari,0.5241252418868763
Composite Diffusion Maps,82,chs,5.99213178118282
Composite Diffusion Maps,82,ami,0.7441246355602974
Composite Diffusion Maps,82,ari,0.4878681853619578
Composite Diffusion Maps,83,chs,5.982385339512964
Composite Diffusion Maps,83,ami,0.7451526463657948
Composite Diffusion Maps,83,ari,0.49932529708692786
Composite Diffusion Maps,84,chs,5.9519727209575874
Composite Diffusion Maps,84,ami,0.7450742306474653
Composite Diffusion Maps,84,ari,0.5086525374295159
Composite Diffusion Maps,85,chs,5.995819496164303
Composite Diffusion Maps,85,ami,0.7532613290046682
Composite Diffusion Maps,85,ari,0.48308979396584795
Composite Diffusion Maps,86,chs,6.071821444570146
Composite Diffusion Maps,86,ami,0.7434205446395913
Composite Diffusion Maps,86,ari,0.46741137062915866
Composite Diffusion Maps,87,chs,6.026016816233984
Composite Diffusion Maps,87,ami,0.7456396369588388
Composite Diffusion Maps,87,ari,0.5270040423228999
Composite Diffusion Maps,88,chs,6.026821204682868
Composite Diffusion Maps,88,ami,0.7629282891897048
Composite Diffusion Maps,88,ari,0.5479461961238068
Composite Diffusion Maps,89,chs,5.991221351006253
Composite Diffusion Maps,89,ami,0.7631515236076001
Composite Diffusion Maps,89,ari,0.5469040370929407
Composite Diffusion Maps,90,chs,6.05167918519981
Composite Diffusion Maps,90,ami,0.7519824586102766
Composite Diffusion Maps,90,ari,0.5217244908953776
Composite Diffusion Maps,91,chs,6.0087994415285415
Composite Diffusion Maps,91,ami,0.757981346439594
Composite Diffusion Maps,91,ari,0.545683113928616
Composite Diffusion Maps,92,chs,6.092070862099697
Composite Diffusion Maps,92,ami,0.7620435161979419
Composite Diffusion Maps,92,ari,0.5015240163415796
Composite Diffusion Maps,93,chs,6.062367645024306
Composite Diffusion Maps,93,ami,0.7492281333195943
Composite Diffusion Maps,93,ari,0.48034336861720817
Composite Diffusion Maps,94,chs,6.021471063415518
Composite Diffusion Maps,94,ami,0.7576998286092791
Composite Diffusion Maps,94,ari,0.5218669053505889
Composite Diffusion Maps,95,chs,6.065741273288895
Composite Diffusion Maps,95,ami,0.7557124332411523
Composite Diffusion Maps,95,ari,0.5276778179117577
Composite Diffusion Maps,96,chs,5.985676852027465
Composite Diffusion Maps,96,ami,0.7374009412129454
Composite Diffusion Maps,96,ari,0.5167657111186378
Composite Diffusion Maps,97,chs,6.064335014618509
Composite Diffusion Maps,97,ami,0.7592771931338229
Composite Diffusion Maps,97,ari,0.5240440848316126
Composite Diffusion Maps,98,chs,6.009298010132204
Composite Diffusion Maps,98,ami,0.7837549833169922
Composite Diffusion Maps,98,ari,0.6064330779010401
Composite Diffusion Maps,99,chs,5.970925215092301
Composite Diffusion Maps,99,ami,0.7444827211206713
Composite Diffusion Maps,99,ari,0.4949911305458212
Affinity Addition,0,chs,6.011559691031438
Affinity Addition,0,ami,0.7737827557407808
Affinity Addition,0,ari,0.6067589186926228
Affinity Addition,1,chs,6.027050344506952
Affinity Addition,1,ami,0.7659039731326626
Affinity Addition,1,ari,0.5618830116398998
Affinity Addition,2,chs,6.030350362444831
Affinity Addition,2,ami,0.7731275645792365
Affinity Addition,2,ari,0.5768557478916999
Affinity Addition,3,chs,6.060300130860466
Affinity Addition,3,ami,0.7528053688881664
Affinity Addition,3,ari,0.5176276656257618
Affinity Addition,4,chs,6.025374560158837
Affinity Addition,4,ami,0.7575196945136841
Affinity Addition,4,ari,0.5533575978482101
Affinity Addition,5,chs,6.025199265480582
Affinity Addition,5,ami,0.7525354912549864
Affinity Addition,5,ari,0.5570116584742413
Affinity Addition,6,chs,6.052264556635
Affinity Addition,6,ami,0.7734376697687164
Affinity Addition,6,ari,0.5670286512100775
Affinity Addition,7,chs,6.029922433080504
Affinity Addition,7,ami,0.7611104712513754
Affinity Addition,7,ari,0.530295654976316
Affinity Addition,8,chs,6.047386083976658
Affinity Addition,8,ami,0.7597741614761807
Affinity Addition,8,ari,0.5369904506345068
Affinity Addition,9,chs,6.045568196197905
Affinity Addition,9,ami,0.7677596916615883
Affinity Addition,9,ari,0.5758675702972694
Affinity Addition,10,chs,6.074969360733781
Affinity Addition,10,ami,0.7767095405936649
Affinity Addition,10,ari,0.5665584947716917
Affinity Addition,11,chs,6.046573135763646
Affinity Addition,11,ami,0.7729188493451775
Affinity Addition,11,ari,0.5639208309734007
Affinity Addition,12,chs,5.988072500246711
Affinity Addition,12,ami,0.7543757485179376
Affinity Addition,12,ari,0.5779029374438402
Affinity Addition,13,chs,6.023376181111493
Affinity Addition,13,ami,0.7643134709862673
Affinity Addition,13,ari,0.5620695839623611
Affinity Addition,14,chs,6.0224139283687546
Affinity Addition,14,ami,0.7711242949494759
Affinity Addition,14,ari,0.5279311415140311
Affinity Addition,15,chs,6.032400976441532
Affinity Addition,15,ami,0.7570252267668862
Affinity Addition,15,ari,0.5688848048969315
Affinity Addition,16,chs,6.043485800035948
Affinity Addition,16,ami,0.7457402307152218
Affinity Addition,16,ari,0.5177118309793796
Affinity Addition,17,chs,6.054656509013293
Affinity Addition,17,ami,0.7553470756971348
Affinity Addition,17,ari,0.5461827223003921
Affinity Addition,18,chs,6.023027481217207
Affinity Addition,18,ami,0.7676319758033757
Affinity Addition,18,ari,0.5710845241292783
Affinity Addition,19,chs,5.997278307841957
Affinity Addition,19,ami,0.7578995278096518
Affinity Addition,19,ari,0.5531456435316279
Affinity Addition,20,chs,5.9880469206419455
Affinity Addition,20,ami,0.7522557623665608
Affinity Addition,20,ari,0.5515577609893784
Affinity Addition,21,chs,6.027124055620593
Affinity Addition,21,ami,0.7725429435808092
Affinity Addition,21,ari,0.5541854020349667
Affinity Addition,22,chs,6.017151759494922
Affinity Addition,22,ami,0.7536486887237286
Affinity Addition,22,ari,0.5690263773522776
Affinity Addition,23,chs,6.018565956220506
Affinity Addition,23,ami,0.769696542497252
Affinity Addition,23,ari,0.5569301798377175
Affinity Addition,24,chs,6.064146960543281
Affinity Addition,24,ami,0.770467546390784
Affinity Addition,24,ari,0.5713060177662129
Affinity Addition,25,chs,6.070552527816234
Affinity Addition,25,ami,0.7561415164204767
Affinity Addition,25,ari,0.5431976877039787
Affinity Addition,26,chs,5.9333440125505525
Affinity Addition,26,ami,0.7611314133828675
Affinity Addition,26,ari,0.5288206688331144
Affinity Addition,27,chs,6.049438258801629
Affinity Addition,27,ami,0.7607321126934571
Affinity Addition,27,ari,0.5620783241062379
Affinity Addition,28,chs,6.028450659350476
Affinity Addition,28,ami,0.7629719986257772
Affinity Addition,28,ari,0.5417633251431003
Affinity Addition,29,chs,6.071078377919424
Affinity Addition,29,ami,0.759472731707369
Affinity Addition,29,ari,0.46344696423940296
Affinity Addition,30,chs,6.0179935868295376
Affinity Addition,30,ami,0.7654858454391991
Affinity Addition,30,ari,0.5617163704283262
Affinity Addition,31,chs,6.0446735196147525
Affinity Addition,31,ami,0.7564990622235734
Affinity Addition,31,ari,0.5489305707813908
Affinity Addition,32,chs,6.049122799215146
Affinity Addition,32,ami,0.7593651986006618
Affinity Addition,32,ari,0.5595543463262584
Affinity Addition,33,chs,6.036527804471117
Affinity Addition,33,ami,0.7707300182363611
Affinity Addition,33,ari,0.5687171262282796
Affinity Addition,34,chs,6.049514672271492
Affinity Addition,34,ami,0.7596549627344109
Affinity Addition,34,ari,0.545119463819184
Affinity Addition,35,chs,6.079085149830146
Affinity Addition,35,ami,0.779137143075329
Affinity Addition,35,ari,0.5616066409100152
Affinity Addition,36,chs,6.070151248040519
Affinity Addition,36,ami,0.7558858100148286
Affinity Addition,36,ari,0.5494237956901422
Affinity Addition,37,chs,6.0275675269387285
Affinity Addition,37,ami,0.766827837271716
Affinity Addition,37,ari,0.5647092486192334
Affinity Addition,38,chs,5.974482841865855
Affinity Addition,38,ami,0.7581815754000135
Affinity Addition,38,ari,0.5502899734103804
Affinity Addition,39,chs,6.03713838441405
Affinity Addition,39,ami,0.7776609887393884
Affinity Addition,39,ari,0.582057057057057
Affinity Addition,40,chs,5.973054596343461
Affinity Addition,40,ami,0.7510026701954238
Affinity Addition,40,ari,0.5465339490192349
Affinity Addition,41,chs,6.012053039999371
Affinity Addition,41,ami,0.7673106758572562
Affinity Addition,41,ari,0.5868912611505697
Affinity Addition,42,chs,6.022870295048309
Affinity Addition,42,ami,0.7608614928896208
Affinity Addition,42,ari,0.5480329975831575
Affinity Addition,43,chs,6.06766948871574
Affinity Addition,43,ami,0.7643182424260335
Affinity Addition,43,ari,0.5641047492232579
Affinity Addition,44,chs,6.05980291626758
Affinity Addition,44,ami,0.7732378686777283
Affinity Addition,44,ari,0.5712331430389367
Affinity Addition,45,chs,5.948461081646693
Affinity Addition,45,ami,0.7509315273470437
Affinity Addition,45,ari,0.4800083617233027
Affinity Addition,46,chs,6.034036982577238
Affinity Addition,46,ami,0.7643298283055957
Affinity Addition,46,ari,0.5674362197947582
Affinity Addition,47,chs,6.015728511131341
Affinity Addition,47,ami,0.7535654758830842
Affinity Addition,47,ari,0.5550305084626446
Affinity Addition,48,chs,6.074465010564346
Affinity Addition,48,ami,0.7496753468769405
Affinity Addition,48,ari,0.5050647217443333
Affinity Addition,49,chs,6.043175883927455
Affinity Addition,49,ami,0.7598723569944642
Affinity Addition,49,ari,0.5632576492427734
Affinity Addition,50,chs,6.005012565779999
Affinity Addition,50,ami,0.7537432740801802
Affinity Addition,50,ari,0.5499543983292808
Affinity Addition,51,chs,6.047890313080017
Affinity Addition,51,ami,0.7729188493451775
Affinity Addition,51,ari,0.5639208309734007
Affinity Addition,52,chs,6.061136044306496
Affinity Addition,52,ami,0.7597283042224515
Affinity Addition,52,ari,0.5557043385109802
Affinity Addition,53,chs,6.050670988784619
Affinity Addition,53,ami,0.7600513683209319
Affinity Addition,53,ari,0.5169426226715959
Affinity Addition,54,chs,6.027836089553923
Affinity Addition,54,ami,0.7525570348995951
Affinity Addition,54,ari,0.4909532291880133
Affinity Addition,55,chs,6.038598571399881
Affinity Addition,55,ami,0.7713825248335973
Affinity Addition,55,ari,0.5310690320801544
Affinity Addition,56,chs,5.991764014294477
Affinity Addition,56,ami,0.7630362972037285
Affinity Addition,56,ari,0.5359423055112646
Affinity Addition,57,chs,6.066816112016678
Affinity Addition,57,ami,0.7583392554173004
Affinity Addition,57,ari,0.5161479048855029
Affinity Addition,58,chs,6.0661986891359785
Affinity Addition,58,ami,0.7509544654028802
Affinity Addition,58,ari,0.511911102858176
Affinity Addition,59,chs,6.020818783642552
Affinity Addition,59,ami,0.7550185650374397
Affinity Addition,59,ari,0.5584606178046279
Affinity Addition,60,chs,5.986164388380617
Affinity Addition,60,ami,0.7598542126089711
Affinity Addition,60,ari,0.5368558866502225
Affinity Addition,61,chs,6.019322327321293
Affinity Addition,61,ami,0.7755283017592918
Affinity Addition,61,ari,0.6122550365402466
Affinity Addition,62,chs,6.022606831789689
Affinity Addition,62,ami,0.758425543696391
Affinity Addition,62,ari,0.5461131000984025
Affinity Addition,63,chs,6.039612823038539
Affinity Addition,63,ami,0.7644288023841993
Affinity Addition,63,ari,0.552270751583621
Affinity Addition,64,chs,6.072730474617407
Affinity Addition,64,ami,0.7610772152044226
Affinity Addition,64,ari,0.5185124238933685
Affinity Addition,65,chs,6.032918527912329
Affinity Addition,65,ami,0.7638280552609106
Affinity Addition,65,ari,0.5550644033722552
Affinity Addition,66,chs,6.075135155207268
Affinity Addition,66,ami,0.7716029269895072
Affinity Addition,66,ari,0.5638058568988094
Affinity Addition,67,chs,6.01271606388019
Affinity Addition,67,ami,0.7598294328735448
Affinity Addition,67,ari,0.5704570873584225
Affinity Addition,68,chs,5.930648491640788
Affinity Addition,68,ami,0.7569679861852102
Affinity Addition,68,ari,0.5533474341824193
Affinity Addition,69,chs,6.066370183630478
Affinity Addition,69,ami,0.7475634079520648
Affinity Addition,69,ari,0.5201847672849661
Affinity Addition,70,chs,5.967088922449856
Affinity Addition,70,ami,0.763317526689682
Affinity Addition,70,ari,0.5908107884472895
Affinity Addition,71,chs,5.932394009240436
Affinity Addition,71,ami,0.7558701992176631
Affinity Addition,71,ari,0.5269407881602939
Affinity Addition,72,chs,6.043863701029634
Affinity Addition,72,ami,0.7562388341071566
Affinity Addition,72,ari,0.5557538961643033
Affinity Addition,73,chs,6.040969922727596
Affinity Addition,73,ami,0.7795236798361918
Affinity Addition,73,ari,0.5833302200470729
Affinity Addition,74,chs,6.047279096644704
Affinity Addition,74,ami,0.7656443896262854
Affinity Addition,74,ari,0.5347090501518749
Affinity Addition,75,chs,6.081678181843703
Affinity Addition,75,ami,0.7776619579237734
Affinity Addition,75,ari,0.5632146435875967
Affinity Addition,76,chs,5.969168677329369
Affinity Addition,76,ami,0.7528465372705413
Affinity Addition,76,ari,0.5656799234559002
Affinity Addition,77,chs,6.039218058980435
Affinity Addition,77,ami,0.7655047898154957
Affinity Addition,77,ari,0.54976522394959
Affinity Addition,78,chs,6.008077764240337
Affinity Addition,78,ami,0.7570839753821739
Affinity Addition,78,ari,0.5178601091116358
Affinity Addition,79,chs,6.051607719094708
Affinity Addition,79,ami,0.7740620311875022
Affinity Addition,79,ari,0.5690992016256791
Affinity Addition,80,chs,6.064668495567193
Affinity Addition,80,ami,0.7772846467462009
Affinity Addition,80,ari,0.5437547129027521
Affinity Addition,81,chs,6.036275703399905
Affinity Addition,81,ami,0.7532510774599512
Affinity Addition,81,ari,0.5553192919640109
Affinity Addition,82,chs,6.026945535078617
Affinity Addition,82,ami,0.7549924851424203
Affinity Addition,82,ari,0.5502941007913891
Affinity Addition,83,chs,6.057871584019365
Affinity Addition,83,ami,0.7669953060669821
Affinity Addition,83,ari,0.5479756359727697
Affinity Addition,84,chs,6.080667719075981
Affinity Addition,84,ami,0.7615868915882518
Affinity Addition,84,ari,0.5151607410664952
Affinity Addition,85,chs,6.039179208674937
Affinity Addition,85,ami,0.7581545399852336
Affinity Addition,85,ari,0.5537563822027717
Affinity Addition,86,chs,6.039122629773476
Affinity Addition,86,ami,0.7665819401696907
Affinity Addition,86,ari,0.5429676324974169
Affinity Addition,87,chs,6.031248386742845
Affinity Addition,87,ami,0.7699093229068817
Affinity Addition,87,ari,0.5916257517646883
Affinity Addition,88,chs,5.935421078058323
Affinity Addition,88,ami,0.7469755186839643
Affinity Addition,88,ari,0.5275528484414188
Affinity Addition,89,chs,6.041842848288445
Affinity Addition,89,ami,0.762725265575593
Affinity Addition,89,ari,0.5427532806703144
Affinity Addition,90,chs,6.049500751155308
Affinity Addition,90,ami,0.7626769710680957
Affinity Addition,90,ari,0.5662032345090426
Affinity Addition,91,chs,6.0381946302615095
Affinity Addition,91,ami,0.7693972155437243
Affinity Addition,91,ari,0.5665403055556044
Affinity Addition,92,chs,6.045468412787188
Affinity Addition,92,ami,0.7575502460544692
Affinity Addition,92,ari,0.554767005891805
Affinity Addition,93,chs,5.99324043023603
Affinity Addition,93,ami,0.7565435235650508
Affinity Addition,93,ari,0.5661147619752962
Affinity Addition,94,chs,6.030107658229024
Affinity Addition,94,ami,0.773598114531773
Affinity Addition,94,ari,0.5900755497635083
Affinity Addition,95,chs,6.030349221412019
Affinity Addition,95,ami,0.7661682582081113
Affinity Addition,95,ari,0.5714121577589596
Affinity Addition,96,chs,6.0356167400144844
Affinity Addition,96,ami,0.7588206146755596
Affinity Addition,96,ari,0.5637115995526126
Affinity Addition,97,chs,6.018966494263493
Affinity Addition,97,ami,0.7520440580090891
Affinity Addition,97,ari,0.5272802702542524
Affinity Addition,98,chs,5.980230667477083
Affinity Addition,98,ami,0.7521374964963102
Affinity Addition,98,ari,0.5662797557647553
Affinity Addition,99,chs,6.052300547025236
Affinity Addition,99,ami,0.764838166116285
Affinity Addition,99,ari,0.55214189082409
Affinity Multiplication,0,chs,5.930324056937135
Affinity Multiplication,0,ami,0.7507007814486827
Affinity Multiplication,0,ari,0.5565306726250656
Affinity Multiplication,1,chs,5.9822358802270195
Affinity Multiplication,1,ami,0.7416373329344158
Affinity Multiplication,1,ari,0.47835639213823405
Affinity Multiplication,2,chs,5.922778909584583
Affinity Multiplication,2,ami,0.7443430947122631
Affinity Multiplication,2,ari,0.5463558561360788
Affinity Multiplication,3,chs,5.902633503373449
Affinity Multiplication,3,ami,0.7339830585249484
Affinity Multiplication,3,ari,0.5278763833785759
Affinity Multiplication,4,chs,5.912728512025328
Affinity Multiplication,4,ami,0.7415139541222531
Affinity Multiplication,4,ari,0.5307978979544836
Affinity Multiplication,5,chs,5.917967406530449
Affinity Multiplication,5,ami,0.7354967312728561
Affinity Multiplication,5,ari,0.5474104384438024
Affinity Multiplication,6,chs,5.881419191864696
Affinity Multiplication,6,ami,0.7358180242344691
Affinity Multiplication,6,ari,0.5205817157299414
Affinity Multiplication,7,chs,5.90788188862822
Affinity Multiplication,7,ami,0.7328552157176257
Affinity Multiplication,7,ari,0.5154549834825622
Affinity Multiplication,8,chs,5.966892770534367
Affinity Multiplication,8,ami,0.7630554764794618
Affinity Multiplication,8,ari,0.584560023742395
Affinity Multiplication,9,chs,5.935663435891312
Affinity Multiplication,9,ami,0.7298559283615151
Affinity Multiplication,9,ari,0.49851955690421784
Affinity Multiplication,10,chs,5.903071917929449
Affinity Multiplication,10,ami,0.7275273495392133
Affinity Multiplication,10,ari,0.4997382597366542
Affinity Multiplication,11,chs,5.898842811470239
Affinity Multiplication,11,ami,0.7418720804683966
Affinity Multiplication,11,ari,0.5278215701067492
Affinity Multiplication,12,chs,5.900962519082902
Affinity Multiplication,12,ami,0.7217673976122079
Affinity Multiplication,12,ari,0.4887703896890172
Affinity Multiplication,13,chs,5.891689017557164
Affinity Multiplication,13,ami,0.7474372745216402
Affinity Multiplication,13,ari,0.5593030441391932
Affinity Multiplication,14,chs,5.9066878493358
Affinity Multiplication,14,ami,0.7266499108290039
Affinity Multiplication,14,ari,0.4821479320438077
Affinity Multiplication,15,chs,5.935654117363454
Affinity Multiplication,15,ami,0.7374027262466815
Affinity Multiplication,15,ari,0.5385228356923605
Affinity Multiplication,16,chs,5.89124904626151
Affinity Multiplication,16,ami,0.7330666087851802
Affinity Multiplication,16,ari,0.5199396844466784
Affinity Multiplication,17,chs,5.9190126373325835
Affinity Multiplication,17,ami,0.7330533377301536
Affinity Multiplication,17,ari,0.503787501330059
Affinity Multiplication,18,chs,5.8918065320329145
Affinity Multiplication,18,ami,0.7273088593084586
Affinity Multiplication,18,ari,0.4990609050926159
Affinity Multiplication,19,chs,5.93274439005262
Affinity Multiplication,19,ami,0.7391680694451955
Affinity Multiplication,19,ari,0.5267281105990783
Affinity Multiplication,20,chs,5.921283571921395
Affinity Multiplication,20,ami,0.7305973494431326
Affinity Multiplication,20,ari,0.4808339376937606
Affinity Multiplication,21,chs,5.893301227276282
Affinity Multiplication,21,ami,0.7303584449635531
Affinity Multiplication,21,ari,0.46994581583002
Affinity Multiplication,22,chs,5.912016118730973
Affinity Multiplication,22,ami,0.7356222532020138
Affinity Multiplication,22,ari,0.5465057093390886
Affinity Multiplication,23,chs,5.914443200428122
Affinity Multiplication,23,ami,0.7297713390026216
Affinity Multiplication,23,ari,0.5252441400213009
Affinity Multiplication,24,chs,5.889555447582293
Affinity Multiplication,24,ami,0.7408388335265588
Affinity Multiplication,24,ari,0.5487583740492621
Affinity Multiplication,25,chs,5.901191134439449
Affinity Multiplication,25,ami,0.7353721668480263
Affinity Multiplication,25,ari,0.5052570637635253
Affinity Multiplication,26,chs,5.885195926337557
Affinity Multiplication,26,ami,0.7270114333416648
Affinity Multiplication,26,ari,0.5255162591977214
Affinity Multiplication,27,chs,5.811209093411561
Affinity Multiplication,27,ami,0.7376985908010605
Affinity Multiplication,27,ari,0.5293774363657842
Affinity Multiplication,28,chs,5.920845651178219
Affinity Multiplication,28,ami,0.7531188205635729
Affinity Multiplication,28,ari,0.5447208089944099
Affinity Multiplication,29,chs,5.896206646781126
Affinity Multiplication,29,ami,0.7335754515477498
Affinity Multiplication,29,ari,0.5265445991970289
Affinity Multiplication,30,chs,5.888207622738417
Affinity Multiplication,30,ami,0.7323862012210102
Affinity Multiplication,30,ari,0.5235815329398404
Affinity Multiplication,31,chs,5.923012518968132
Affinity Multiplication,31,ami,0.7359166581897281
Affinity Multiplication,31,ari,0.5256055676696182
Affinity Multiplication,32,chs,5.912740916245387
Affinity Multiplication,32,ami,0.7414140287016339
Affinity Multiplication,32,ari,0.5230933172519304
Affinity Multiplication,33,chs,5.879299129550496
Affinity Multiplication,33,ami,0.7347398461425436
Affinity Multiplication,33,ari,0.5282641391140181
Affinity Multiplication,34,chs,5.903319107889251
Affinity Multiplication,34,ami,0.7383172352460794
Affinity Multiplication,34,ari,0.5278496979353382
Affinity Multiplication,35,chs,5.858794851513507
Affinity Multiplication,35,ami,0.74349608523902
Affinity Multiplication,35,ari,0.5189410441636862
Affinity Multiplication,36,chs,5.924463926127509
Affinity Multiplication,36,ami,0.7500964778397966
Affinity Multiplication,36,ari,0.5834692593089605
Affinity Multiplication,37,chs,5.853299217700123
Affinity Multiplication,37,ami,0.74133866871972
Affinity Multiplication,37,ari,0.5593296109940853
Affinity Multiplication,38,chs,5.926662406334806
Affinity Multiplication,38,ami,0.7459535236250673
Affinity Multiplication,38,ari,0.5550571970127343
Affinity Multiplication,39,chs,5.927147494162446
Affinity Multiplication,39,ami,0.7219291247278384
Affinity Multiplication,39,ari,0.4730835941450177
Affinity Multiplication,40,chs,5.986972999652831
Affinity Multiplication,40,ami,0.7364382801795064
Affinity Multiplication,40,ari,0.4870118141261207
Affinity Multiplication,41,chs,5.815450263676499
Affinity Multiplication,41,ami,0.7369484593092088
Affinity Multiplication,41,ari,0.5235011453172242
Affinity Multiplication,42,chs,5.9027101285010275
Affinity Multiplication,42,ami,0.7251595342028783
Affinity Multiplication,42,ari,0.5106675984543287
Affinity Multiplication,43,chs,5.885394855885578
Affinity Multiplication,43,ami,0.7280957490177413
Affinity Multiplication,43,ari,0.5052591940482309
Affinity Multiplication,44,chs,5.910953338868767
Affinity Multiplication,44,ami,0.7286277483142808
Affinity Multiplication,44,ari,0.44685153478086587
Affinity Multiplication,45,chs,5.922366670213004
Affinity Multiplication,45,ami,0.7551890792976732
Affinity Multiplication,45,ari,0.5134668474602726
Affinity Multiplication,46,chs,5.92267172989704
Affinity Multiplication,46,ami,0.7311883219326346
Affinity Multiplication,46,ari,0.5296721812903468
Affinity Multiplication,47,chs,5.838687656397413
Affinity Multiplication,47,ami,0.7436022094750987
Affinity Multiplication,47,ari,0.5558581815598134
Affinity Multiplication,48,chs,5.934506508737134
Affinity Multiplication,48,ami,0.7389559549001982
Affinity Multiplication,48,ari,0.5171661280513254
Affinity Multiplication,49,chs,5.923143266036253
Affinity Multiplication,49,ami,0.7482406741642372
Affinity Multiplication,49,ari,0.5687418936446174
Affinity Multiplication,50,chs,5.938177032089073
Affinity Multiplication,50,ami,0.7453386624953895
Affinity Multiplication,50,ari,0.559981408489879
Affinity Multiplication,51,chs,5.912966517659106
Affinity Multiplication,51,ami,0.7395758200230359
Affinity Multiplication,51,ari,0.5233369932257463
Affinity Multiplication,52,chs,5.940443190481335
Affinity Multiplication,52,ami,0.734696273032029
Affinity Multiplication,52,ari,0.5480228262062407
Affinity Multiplication,53,chs,5.866535692212507
Affinity Multiplication,53,ami,0.7343464380015973
Affinity Multiplication,53,ari,0.5410859557293309
Affinity Multiplication,54,chs,5.933570744100614
Affinity Multiplication,54,ami,0.7610087714885895
Affinity Multiplication,54,ari,0.579225148974024
Affinity Multiplication,55,chs,5.927499529077471
Affinity Multiplication,55,ami,0.7383464182885633
Affinity Multiplication,55,ari,0.49719684063806724
Affinity Multiplication,56,chs,5.897704658155989
Affinity Multiplication,56,ami,0.7437321336633366
Affinity Multiplication,56,ari,0.5265259247805215
Affinity Multiplication,57,chs,5.888554727953511
Affinity Multiplication,57,ami,0.7361679774674322
Affinity Multiplication,57,ari,0.5238381703758225
Affinity Multiplication,58,chs,5.82379675595743
Affinity Multiplication,58,ami,0.7022246023246265
Affinity Multiplication,58,ari,0.42334972258826703
Affinity Multiplication,59,chs,5.9302475903389436
Affinity Multiplication,59,ami,0.7539880186620527
Affinity Multiplication,59,ari,0.5574997395112873
Affinity Multiplication,60,chs,5.808042985159286
Affinity Multiplication,60,ami,0.7451181177497489
Affinity Multiplication,60,ari,0.5604259704568877
Affinity Multiplication,61,chs,5.898653573703058
Affinity Multiplication,61,ami,0.7310765833023087
Affinity Multiplication,61,ari,0.5309799966380905
Affinity Multiplication,62,chs,5.890356751356547
Affinity Multiplication,62,ami,0.7321672167565463
Affinity Multiplication,62,ari,0.4937451762812618
Affinity Multiplication,63,chs,5.778248122196867
Affinity Multiplication,63,ami,0.7622942631955424
Affinity Multiplication,63,ari,0.5919929501384531
Affinity Multiplication,64,chs,5.899174909320411
Affinity Multiplication,64,ami,0.7448016625496037
Affinity Multiplication,64,ari,0.550337199795788
Affinity Multiplication,65,chs,5.8260638942960545
Affinity Multiplication,65,ami,0.7143477202226538
Affinity Multiplication,65,ari,0.4621094056575215
Affinity Multiplication,66,chs,5.926352271900395
Affinity Multiplication,66,ami,0.7409750015340413
Affinity Multiplication,66,ari,0.5278763833785759
Affinity Multiplication,67,chs,5.921576856848728
Affinity Multiplication,67,ami,0.7215462587054118
Affinity Multiplication,67,ari,0.48484367770506975
Affinity Multiplication,68,chs,5.830016265882765
Affinity Multiplication,68,ami,0.7404600698728077
Affinity Multiplication,68,ari,0.5252564985085391
Affinity Multiplication,69,chs,5.825705509871481
Affinity Multiplication,69,ami,0.7198399135819169
Affinity Multiplication,69,ari,0.45840413764977045
Affinity Multiplication,70,chs,5.930726726188501
Affinity Multiplication,70,ami,0.7385627988379766
Affinity Multiplication,70,ari,0.5446597786880235
Affinity Multiplication,71,chs,5.880778390149422
Affinity Multiplication,71,ami,0.7324810210001946
Affinity Multiplication,71,ari,0.5187820521681434
Affinity Multiplication,72,chs,5.941663305674533
Affinity Multiplication,72,ami,0.7367600119701269
Affinity Multiplication,72,ari,0.48836524584783353
Affinity Multiplication,73,chs,5.803071060283166
Affinity Multiplication,73,ami,0.7352648134677855
Affinity Multiplication,73,ari,0.5352939512250325
Affinity Multiplication,74,chs,5.991585363482407
Affinity Multiplication,74,ami,0.7509021523010698
Affinity Multiplication,74,ari,0.535702951443986
Affinity Multiplication,75,chs,5.8972796970526
Affinity Multiplication,75,ami,0.7346720014880681
Affinity Multiplication,75,ari,0.5092481924713342
Affinity Multiplication,76,chs,5.9315750951371555
Affinity Multiplication,76,ami,0.7350616142909043
Affinity Multiplication,76,ari,0.5378244909439833
Affinity Multiplication,77,chs,5.940618465839334
Affinity Multiplication,77,ami,0.7513193820388824
Affinity Multiplication,77,ari,0.531762866840847
Affinity Multiplication,78,chs,5.904717881834031
Affinity Multiplication,78,ami,0.7555750840932902
Affinity Multiplication,78,ari,0.5807558908713841
Affinity Multiplication,79,chs,5.89915947481713
Affinity Multiplication,79,ami,0.7383540865277143
Affinity Multiplication,79,ari,0.5376332723987447
Affinity Multiplication,80,chs,5.771767417449301
Affinity Multiplication,80,ami,0.7444398303863844
Affinity Multiplication,80,ari,0.5602531856900725
Affinity Multiplication,81,chs,5.90931413946502
Affinity Multiplication,81,ami,0.7392959345846017
Affinity Multiplication,81,ari,0.521919414930316
Affinity Multiplication,82,chs,5.846481242342124
Affinity Multiplication,82,ami,0.7232619340773191
Affinity Multiplication,82,ari,0.4790509519375863
Affinity Multiplication,83,chs,5.8909909038972526
Affinity Multiplication,83,ami,0.7380089302137895
Affinity Multiplication,83,ari,0.5201609001562003
Affinity Multiplication,84,chs,5.933801291875536
Affinity Multiplication,84,ami,0.735373244074898
Affinity Multiplication,84,ari,0.5312354902705669
Affinity Multiplication,85,chs,5.909065362500717
Affinity Multiplication,85,ami,0.753089790104328
Affinity Multiplication,85,ari,0.5854021287623282
Affinity Multiplication,86,chs,5.911263870326469
Affinity Multiplication,86,ami,0.7396746583755954
Affinity Multiplication,86,ari,0.5371648157345084
Affinity Multiplication,87,chs,5.901340493321099
Affinity Multiplication,87,ami,0.7372325854047554
Affinity Multiplication,87,ari,0.5064322413199502
Affinity Multiplication,88,chs,5.914742910175138
Affinity Multiplication,88,ami,0.7428243252985147
Affinity Multiplication,88,ari,0.5468787087586043
Affinity Multiplication,89,chs,5.932294411832769
Affinity Multiplication,89,ami,0.7593398601676371
Affinity Multiplication,89,ari,0.5700496069380739
Affinity Multiplication,90,chs,5.896039804477832
Affinity Multiplication,90,ami,0.7344100923389415
Affinity Multiplication,90,ari,0.5215001415618763
Affinity Multiplication,91,chs,5.896823340154873
Affinity Multiplication,91,ami,0.7422622329576569
Affinity Multiplication,91,ari,0.545798004424579
Affinity Multiplication,92,chs,5.930829445427889
Affinity Multiplication,92,ami,0.7459188905814578
Affinity Multiplication,92,ari,0.5222861184002382
Affinity Multiplication,93,chs,5.9108602269285075
Affinity Multiplication,93,ami,0.7430437219330898
Affinity Multiplication,93,ari,0.5027593249119425
Affinity Multiplication,94,chs,5.877794171341535
Affinity Multiplication,94,ami,0.7312006202818722
Affinity Multiplication,94,ari,0.5327612041956137
Affinity Multiplication,95,chs,5.893967810372902
Affinity Multiplication,95,ami,0.7647092154031668
Affinity Multiplication,95,ari,0.5741455507581374
Affinity Multiplication,96,chs,5.85962336077298
Affinity Multiplication,96,ami,0.7212417758890339
Affinity Multiplication,96,ari,0.45483814733737216
Affinity Multiplication,97,chs,5.921728023285892
Affinity Multiplication,97,ami,0.732762465872623
Affinity Multiplication,97,ari,0.510142501004416
Affinity Multiplication,98,chs,5.938987276734118
Affinity Multiplication,98,ami,0.7459060330181285
Affinity Multiplication,98,ari,0.48017706758799394
Affinity Multiplication,99,chs,5.9347731514587725
Affinity Multiplication,99,ami,0.756743627653655
Affinity Multiplication,99,ari,0.5514858643661702
Random Convex MDT,0,ami,0.7912068711960187
Random Convex MDT,0,ari,0.6154570932919992
Random Convex MDT,1,ami,0.7617498601976967
Random Convex MDT,1,ari,0.5600825867909879
Random Convex MDT,2,ami,0.7594128269744839
Random Convex MDT,2,ari,0.5252243302662649
Random Convex MDT,3,ami,0.7679267434558538
Random Convex MDT,3,ari,0.5756584975011049
Random Convex MDT,4,ami,0.7810573958941924
Random Convex MDT,4,ari,0.5598608873821351
Random Convex MDT,5,ami,0.7752522439514853
Random Convex MDT,5,ari,0.5870533379972377
Random Convex MDT,6,ami,0.7492702341549166
Random Convex MDT,6,ari,0.511911102858176
Random Convex MDT,7,ami,0.7866712177585976
Random Convex MDT,7,ari,0.593769669262192
Random Convex MDT,8,ami,0.7640877225797494
Random Convex MDT,8,ari,0.5526688464502155
Random Convex MDT,9,ami,0.7784394737389377
Random Convex MDT,9,ari,0.5981798999572089
Random Convex MDT,10,ami,0.7615507641708585
Random Convex MDT,10,ari,0.5993650169335121
Random Convex MDT,11,ami,0.7596594612050882
Random Convex MDT,11,ari,0.5790647019267315
Random Convex MDT,12,ami,0.7355960293503069
Random Convex MDT,12,ari,0.49114240181910507
Random Convex MDT,13,ami,0.7753127924813243
Random Convex MDT,13,ari,0.5904736105467515
Random Convex MDT,14,ami,0.7853435559275646
Random Convex MDT,14,ari,0.6383264109407947
Random Convex MDT,15,ami,0.7546207065094906
Random Convex MDT,15,ari,0.5351175710859182
Random Convex MDT,16,ami,0.7437433130313007
Random Convex MDT,16,ari,0.5492553695711827
Random Convex MDT,17,ami,0.7599802735445189
Random Convex MDT,17,ari,0.5770969188834835
Random Convex MDT,18,ami,0.7768953991618773
Random Convex MDT,18,ari,0.5983645576972207
Random Convex MDT,19,ami,0.7700005264715711
Random Convex MDT,19,ari,0.5762034217904322
Random Convex MDT,20,ami,0.7898514633079217
Random Convex MDT,20,ari,0.6385312259059368
Random Convex MDT,21,ami,0.7730244201672138
Random Convex MDT,21,ari,0.6092071533780893
Random Convex MDT,22,ami,0.7592237057366573
Random Convex MDT,22,ari,0.5559518650621688
Random Convex MDT,23,ami,0.7617458453691088
Random Convex MDT,23,ari,0.5713329501553326
Random Convex MDT,24,ami,0.7439190656536414
Random Convex MDT,24,ari,0.5457748284869891
Random Convex MDT,25,ami,0.7579131666268769
Random Convex MDT,25,ari,0.5538590349963035
Random Convex MDT,26,ami,0.7782628892566155
Random Convex MDT,26,ari,0.5755276760050825
Random Convex MDT,27,ami,0.7842545460460996
Random Convex MDT,27,ari,0.5751283513976041
Random Convex MDT,28,ami,0.7585639666642038
Random Convex MDT,28,ari,0.556140453594639
Random Convex MDT,29,ami,0.7623237722653158
Random Convex MDT,29,ari,0.5636325750753137
Random Convex MDT,30,ami,0.7582140726086521
Random Convex MDT,30,ari,0.5555919847927312
Random Convex MDT,31,ami,0.764846586314091
Random Convex MDT,31,ari,0.5746346712885106
Random Convex MDT,32,ami,0.7665974976187794
Random Convex MDT,32,ari,0.5537128678655848
Random Convex MDT,33,ami,0.7582296321043005
Random Convex MDT,33,ari,0.4866052945617496
Random Convex MDT,34,ami,0.7378777423313336
Random Convex MDT,34,ari,0.4981409855706621
Random Convex MDT,35,ami,0.783352719558704
Random Convex MDT,35,ari,0.6048263310235944
Random Convex MDT,36,ami,0.7545890571530861
Random Convex MDT,36,ari,0.5303877621707418
Random Convex MDT,37,ami,0.749680956517071
Random Convex MDT,37,ari,0.5330049830386339
Random Convex MDT,38,ami,0.7558655889937087
Random Convex MDT,38,ari,0.5346619250733697
Random Convex MDT,39,ami,0.7830559318686504
Random Convex MDT,39,ari,0.6159893002306113
Random Convex MDT,40,ami,0.7571078443777004
Random Convex MDT,40,ari,0.5379446687227553
Random Convex MDT,41,ami,0.7557594352516064
Random Convex MDT,41,ari,0.55626052145166
Random Convex MDT,42,ami,0.7619436073002651
Random Convex MDT,42,ari,0.531105090527203
Random Convex MDT,43,ami,0.754501132788488
Random Convex MDT,43,ari,0.541477143702562
Random Convex MDT,44,ami,0.7593827583621585
Random Convex MDT,44,ari,0.5448180605829682
Random Convex MDT,45,ami,0.7638264334608034
Random Convex MDT,45,ari,0.5569034475919743
Random Convex MDT,46,ami,0.750433051082764
Random Convex MDT,46,ari,0.5285879394708988
Random Convex MDT,47,ami,0.7526105101164288
Random Convex MDT,47,ari,0.5464859289818771
Random Convex MDT,48,ami,0.7577100038042798
Random Convex MDT,48,ari,0.5520122890005086
Random Convex MDT,49,ami,0.7816473332275339
Random Convex MDT,49,ari,0.6251234449724488
Random Convex MDT,50,ami,0.7776574432521305
Random Convex MDT,50,ari,0.5674168658082771
Random Convex MDT,51,ami,0.770908868565682
Random Convex MDT,51,ari,0.6061022111934518
Random Convex MDT,52,ami,0.7621630128576607
Random Convex MDT,52,ari,0.5951930887222466
Random Convex MDT,53,ami,0.7652596617788161
Random Convex MDT,53,ari,0.4899460821441159
Random Convex MDT,54,ami,0.7596340991615321
Random Convex MDT,54,ari,0.5479707665992847
Random Convex MDT,55,ami,0.7777919809046838
Random Convex MDT,55,ari,0.602180505063559
Random Convex MDT,56,ami,0.7697426379260464
Random Convex MDT,56,ari,0.5612466359927077
Random Convex MDT,57,ami,0.7750428619797999
Random Convex MDT,57,ari,0.5960317533321682
Random Convex MDT,58,ami,0.7768885003854891
Random Convex MDT,58,ari,0.5675678039173848
Random Convex MDT,59,ami,0.7397787573880144
Random Convex MDT,59,ari,0.5164711369908918
Random Convex MDT,60,ami,0.7502504678160762
Random Convex MDT,60,ari,0.45526113836841337
Random Convex MDT,61,ami,0.7693300946815855
Random Convex MDT,61,ari,0.5756303415769897
Random Convex MDT,62,ami,0.7447291666443289
Random Convex MDT,62,ari,0.484982670832031
Random Convex MDT,63,ami,0.7644606579674904
Random Convex MDT,63,ari,0.533490251926868
Random Convex MDT,64,ami,0.747295550971061
Random Convex MDT,64,ari,0.5468133612952405
Random Convex MDT,65,ami,0.7915900923199471
Random Convex MDT,65,ari,0.616835669276023
Random Convex MDT,66,ami,0.7554838511173717
Random Convex MDT,66,ari,0.5403876904278793
Random Convex MDT,67,ami,0.7634817611440585
Random Convex MDT,67,ari,0.533434004845508
Random Convex MDT,68,ami,0.7864770426338982
Random Convex MDT,68,ari,0.5991503480837849
Random Convex MDT,69,ami,0.76917305706527
Random Convex MDT,69,ari,0.500596116027532
Random Convex MDT,70,ami,0.7657812698104635
Random Convex MDT,70,ari,0.5788657863282937
Random Convex MDT,71,ami,0.7748400701586937
Random Convex MDT,71,ari,0.6060284862537264
Random Convex MDT,72,ami,0.7706046811510451
Random Convex MDT,72,ari,0.5331415256006974
Random Convex MDT,73,ami,0.7517584426583643
Random Convex MDT,73,ari,0.5535137016959268
Random Convex MDT,74,ami,0.761035789649627
Random Convex MDT,74,ari,0.5598476260218703
Random Convex MDT,75,ami,0.7611369409230774
Random Convex MDT,75,ari,0.5766550015642393
Random Convex MDT,76,ami,0.7726899440464006
Random Convex MDT,76,ari,0.5885952856364909
Random Convex MDT,77,ami,0.7483908304679361
Random Convex MDT,77,ari,0.5368520893039286
Random Convex MDT,78,ami,0.7642243896355844
Random Convex MDT,78,ari,0.5107664417041826
Random Convex MDT,79,ami,0.7820325733591628
Random Convex MDT,79,ari,0.6319077283471457
Random Convex MDT,80,ami,0.7593456604323986
Random Convex MDT,80,ari,0.568489432574614
Random Convex MDT,81,ami,0.7915823583798354
Random Convex MDT,81,ari,0.6335059059302219
Random Convex MDT,82,ami,0.7642031097462063
Random Convex MDT,82,ari,0.5563843519267507
Random Convex MDT,83,ami,0.7644176983805784
Random Convex MDT,83,ari,0.5884285183796157
Random Convex MDT,84,ami,0.764819653394833
Random Convex MDT,84,ari,0.5708788025365304
Random Convex MDT,85,ami,0.7611243454709773
Random Convex MDT,85,ari,0.5819428436108393
Random Convex MDT,86,ami,0.7775876226143661
Random Convex MDT,86,ari,0.605033241672178
Random Convex MDT,87,ami,0.7732999367807907
Random Convex MDT,87,ari,0.5954032402549205
Random Convex MDT,88,ami,0.7541094755465356
Random Convex MDT,88,ari,0.5469425058158857
Random Convex MDT,89,ami,0.7602900366424034
Random Convex MDT,89,ari,0.573214392972787
Random Convex MDT,90,ami,0.7648951607032836
Random Convex MDT,90,ari,0.5524519526708159
Random Convex MDT,91,ami,0.7701805578140416
Random Convex MDT,91,ari,0.5403885785473365
Random Convex MDT,92,ami,0.7641412717487991
Random Convex MDT,92,ari,0.5517429617306792
Random Convex MDT,93,ami,0.7374867546802004
Random Convex MDT,93,ari,0.47866043104294076
Random Convex MDT,94,ami,0.7564369079836704
Random Convex MDT,94,ari,0.5833291549439632
Random Convex MDT,95,ami,0.7672351951164631
Random Convex MDT,95,ari,0.5643597542052015
Random Convex MDT,96,ami,0.7702592564465004
Random Convex MDT,96,ari,0.5525059949191576
Random Convex MDT,97,ami,0.7696291044947687
Random Convex MDT,97,ari,0.5981630613130151
Random Convex MDT,98,ami,0.7682254246796112
Random Convex MDT,98,ari,0.5498705952617957
Random Convex MDT,99,ami,0.7679739419260826
Random Convex MDT,99,ari,0.5868054657687577
Random MDT,0,ami,0.7730902391678666
Random MDT,0,ari,0.5751738888410864
Random MDT,1,ami,0.7834149918716725
Random MDT,1,ari,0.6025817103150485
Random MDT,2,ami,0.7662906730810551
Random MDT,2,ari,0.5875642827188923
Random MDT,3,ami,0.7701262103922167
Random MDT,3,ari,0.5770599761992108
Random MDT,4,ami,0.7483600951117081
Random MDT,4,ari,0.534002156679678
Random MDT,5,ami,0.7285727424078134
Random MDT,5,ari,0.5498367707912523
Random MDT,6,ami,0.7531398931465476
Random MDT,6,ari,0.5421209715335771
Random MDT,7,ami,0.7506349144433463
Random MDT,7,ari,0.5440370488774593
Random MDT,8,ami,0.7447717442119252
Random MDT,8,ari,0.5527705281846427
Random MDT,9,ami,0.7696729329566813
Random MDT,9,ari,0.5553180410534682
Random MDT,10,ami,0.7438872989567499
Random MDT,10,ari,0.5234352941176471
Random MDT,11,ami,0.7581339997714759
Random MDT,11,ari,0.5919933290492365
Random MDT,12,ami,0.7513759976179009
Random MDT,12,ari,0.5565698338745693
Random MDT,13,ami,0.7362963207542249
Random MDT,13,ari,0.5047698928962696
Random MDT,14,ami,0.7616053828810829
Random MDT,14,ari,0.5823746918652424
Random MDT,15,ami,0.7678241737744564
Random MDT,15,ari,0.5725085293589514
Random MDT,16,ami,0.7707407168985138
Random MDT,16,ari,0.5674214331586253
Random MDT,17,ami,0.7699936787450727
Random MDT,17,ari,0.5028501433942238
Random MDT,18,ami,0.7724098555925206
Random MDT,18,ari,0.6181004979559511
Random MDT,19,ami,0.7428796144546062
Random MDT,19,ari,0.550133226656761
Random MDT,20,ami,0.780645082036383
Random MDT,20,ari,0.5974964056499003
Random MDT,21,ami,0.752476001230093
Random MDT,21,ari,0.5669855982549049
Random MDT,22,ami,0.7660893672629001
Random MDT,22,ari,0.5685487534403976
Random MDT,23,ami,0.7542897136500457
Random MDT,23,ari,0.5318820234153026
Random MDT,24,ami,0.7653132418169187
Random MDT,24,ari,0.5744038298867952
Random MDT,25,ami,0.7553820371818284
Random MDT,25,ari,0.556586814715927
Random MDT,26,ami,0.7500630701094533
Random MDT,26,ari,0.5700339052669604
Random MDT,27,ami,0.748983650943082
Random MDT,27,ari,0.5499939996095268
Random MDT,28,ami,0.759424170087316
Random MDT,28,ari,0.585371583700958
Random MDT,29,ami,0.747219363229857
Random MDT,29,ari,0.5572273830811054
Random MDT,30,ami,0.7609902474802455
Random MDT,30,ari,0.5620696827506461
Random MDT,31,ami,0.7430914805747283
Random MDT,31,ari,0.505574594471099
Random MDT,32,ami,0.7548514216126364
Random MDT,32,ari,0.538774236018269
Random MDT,33,ami,0.7508587762232207
Random MDT,33,ari,0.5864600556405148
Random MDT,34,ami,0.7820731491189553
Random MDT,34,ari,0.6082769424841247
Random MDT,35,ami,0.7324958923585406
Random MDT,35,ari,0.5013164185556073
Random MDT,36,ami,0.7697889240096667
Random MDT,36,ari,0.5972368698586796
Random MDT,37,ami,0.7730391839594543
Random MDT,37,ari,0.5641101594939456
Random MDT,38,ami,0.7479528002968286
Random MDT,38,ari,0.43662347372414057
Random MDT,39,ami,0.7730684669132248
Random MDT,39,ari,0.5890199184862461
Random MDT,40,ami,0.75264531931551
Random MDT,40,ari,0.5514195494607599
Random MDT,41,ami,0.7677033568255416
Random MDT,41,ari,0.536243090097056
Random MDT,42,ami,0.7613331891245234
Random MDT,42,ari,0.5807175133606818
Random MDT,43,ami,0.7527935682860395
Random MDT,43,ari,0.5717834592692268
Random MDT,44,ami,0.7722790861422518
Random MDT,44,ari,0.6028669703448917
Random MDT,45,ami,0.7420447340457961
Random MDT,45,ari,0.5379085129192155
Random MDT,46,ami,0.7608228576626652
Random MDT,46,ari,0.5591078170690004
Random MDT,47,ami,0.7236435701232246
Random MDT,47,ari,0.5261534558370483
Random MDT,48,ami,0.7670806828634065
Random MDT,48,ari,0.5367828107427903
Random MDT,49,ami,0.7601895695875248
Random MDT,49,ari,0.5055125527939583
Random MDT,50,ami,0.7466463522427056
Random MDT,50,ari,0.4984413984877439
Random MDT,51,ami,0.7827612285980627
Random MDT,51,ari,0.6203524760031813
Random MDT,52,ami,0.7503309565863683
Random MDT,52,ari,0.5543479428221623
Random MDT,53,ami,0.7467077139941634
Random MDT,53,ari,0.544479370223301
Random MDT,54,ami,0.7745122161254127
Random MDT,54,ari,0.6036628060575046
Random MDT,55,ami,0.7368014685370051
Random MDT,55,ari,0.5435791626988326
Random MDT,56,ami,0.7450158815322074
Random MDT,56,ari,0.538819584730408
Random MDT,57,ami,0.7333538963192698
Random MDT,57,ari,0.47935417848247974
Random MDT,58,ami,0.7794599058785833
Random MDT,58,ari,0.5855634229647535
Random MDT,59,ami,0.7464540436489684
Random MDT,59,ari,0.5462914131228942
Random MDT,60,ami,0.7653370076561038
Random MDT,60,ari,0.5947724103407588
Random MDT,61,ami,0.7683634219946283
Random MDT,61,ari,0.5933022492225891
Random MDT,62,ami,0.7422974187385918
Random MDT,62,ari,0.5036324988653543
Random MDT,63,ami,0.7666448692534616
Random MDT,63,ari,0.5902234210202781
Random MDT,64,ami,0.7466700989052857
Random MDT,64,ari,0.5057579485162178
Random MDT,65,ami,0.7872865842698054
Random MDT,65,ari,0.6081627463445646
Random MDT,66,ami,0.7715313102901232
Random MDT,66,ari,0.6048832335554237
Random MDT,67,ami,0.7899452465852981
Random MDT,67,ari,0.5991332417827397
Random MDT,68,ami,0.7517261769849556
Random MDT,68,ari,0.5318427303560666
Random MDT,69,ami,0.7177206996364
Random MDT,69,ari,0.520882369826052
Random MDT,70,ami,0.7877502481542478
Random MDT,70,ari,0.5684508122094973
Random MDT,71,ami,0.768655671028866
Random MDT,71,ari,0.6007183908045977
Random MDT,72,ami,0.7734044807818332
Random MDT,72,ari,0.59479967976609
Random MDT,73,ami,0.7546679990175833
Random MDT,73,ari,0.5163291807398244
Random MDT,74,ami,0.7568671650307532
Random MDT,74,ari,0.5476316985353236
Random MDT,75,ami,0.7793266956445801
Random MDT,75,ari,0.54284019079124
Random MDT,76,ami,0.7778782372180346
Random MDT,76,ari,0.5653504965769935
Random MDT,77,ami,0.7741736858576452
Random MDT,77,ari,0.6095016278773279
Random MDT,78,ami,0.7412388169168155
Random MDT,78,ari,0.5259336205228479
Random MDT,79,ami,0.7754935632471744
Random MDT,79,ari,0.624821896687614
Random MDT,80,ami,0.7406520321813121
Random MDT,80,ari,0.5428457609013703
Random MDT,81,ami,0.7637849006616565
Random MDT,81,ari,0.5858339381192885
Random MDT,82,ami,0.7619323671411107
Random MDT,82,ari,0.5916666666666667
Random MDT,83,ami,0.7581269639766421
Random MDT,83,ari,0.4826450036925524
Random MDT,84,ami,0.7504085175646088
Random MDT,84,ari,0.517685991695545
Random MDT,85,ami,0.7793707004303437
Random MDT,85,ari,0.5687451594582036
Random MDT,86,ami,0.7484787069695839
Random MDT,86,ari,0.5651932903169152
Random MDT,87,ami,0.7728923876338674
Random MDT,87,ari,0.5939245013721004
Random MDT,88,ami,0.7551196991898012
Random MDT,88,ari,0.5881690793976089
Random MDT,89,ami,0.7290364750582489
Random MDT,89,ari,0.5156480376782449
Random MDT,90,ami,0.769102254422605
Random MDT,90,ari,0.5959705819478771
Random MDT,91,ami,0.7481960228584276
Random MDT,91,ari,0.5449030145268284
Random MDT,92,ami,0.7633272486261083
Random MDT,92,ari,0.5971593842042936
Random MDT,93,ami,0.7882660800029576
Random MDT,93,ari,0.6047898773394718
Random MDT,94,ami,0.7667790558955622
Random MDT,94,ari,0.6055317455977766
Random MDT,95,ami,0.7728276324490297
Random MDT,95,ari,0.6045723295230587
Random MDT,96,ami,0.7723904605118806
Random MDT,96,ari,0.5820121945753681
Random MDT,97,ami,0.7596806645317417
Random MDT,97,ari,0.5404715334793455
Random MDT,98,ami,0.7467247641855148
Random MDT,98,ari,0.5549013872714125
Random MDT,99,ami,0.7730067040832497
Random MDT,99,ari,0.581916076926797
Direct MDT,0,chs,6.003006888220439
Direct MDT,0,ami,0.7934383372346809
Direct MDT,0,ari,0.6356903216600988
Direct MDT,1,chs,5.895514456851053
Direct MDT,1,ami,0.7647980899031763
Direct MDT,1,ari,0.5187621008635791
Direct MDT,2,chs,6.008674795784659
Direct MDT,2,ami,0.7636565717893605
Direct MDT,2,ari,0.5836674702910307
Direct MDT,3,chs,5.967465414567412
Direct MDT,3,ami,0.7675767153339035
Direct MDT,3,ari,0.5246285200912623
Direct MDT,4,chs,5.962047637259738
Direct MDT,4,ami,0.7728427346545388
Direct MDT,4,ari,0.5806241165597478
Direct MDT,5,chs,5.914494525829385
Direct MDT,5,ami,0.7600200165665525
Direct MDT,5,ari,0.5506927485069033
Direct MDT,6,chs,5.812875253209762
Direct MDT,6,ami,0.7539774509387147
Direct MDT,6,ari,0.5460592843480062
Direct MDT,7,chs,5.994134105028385
Direct MDT,7,ami,0.7865191939051926
Direct MDT,7,ari,0.6028316299556259
Direct MDT,8,chs,5.976777518552009
Direct MDT,8,ami,0.7662387600898046
Direct MDT,8,ari,0.5280895005782433
Direct MDT,9,chs,5.95300781989236
Direct MDT,9,ami,0.7795737631950019
Direct MDT,9,ari,0.6028153860608729
Direct MDT,10,chs,5.974354822055439
Direct MDT,10,ami,0.7783085056920162
Direct MDT,10,ari,0.615108372131381
Direct MDT,11,chs,5.950948193498207
Direct MDT,11,ami,0.7508937324908156
Direct MDT,11,ari,0.5713380296130323
Direct MDT,12,chs,5.868077887519635
Direct MDT,12,ami,0.7812233912148514
Direct MDT,12,ari,0.5868728475926801
Direct MDT,13,chs,6.01047414748223
Direct MDT,13,ami,0.7552031840560014
Direct MDT,13,ari,0.5603963465184513
Direct MDT,14,chs,5.999379699111833
Direct MDT,14,ami,0.7647649075262903
Direct MDT,14,ari,0.5851265494315792
Direct MDT,15,chs,5.976041734476938
Direct MDT,15,ami,0.7643696700426471
Direct MDT,15,ari,0.5548330851102474
Direct MDT,16,chs,5.98406448916868
Direct MDT,16,ami,0.7860065803677013
Direct MDT,16,ari,0.5885946545141028
Direct MDT,17,chs,5.820043367288237
Direct MDT,17,ami,0.7402842609932889
Direct MDT,17,ari,0.47922218374902187
Direct MDT,18,chs,5.853658186504272
Direct MDT,18,ami,0.7555408708982859
Direct MDT,18,ari,0.5447793377737313
Direct MDT,19,chs,5.986467159827502
Direct MDT,19,ami,0.7664849196646772
Direct MDT,19,ari,0.555907633209633
Direct MDT,20,chs,5.93755467340472
Direct MDT,20,ami,0.7668910159837484
Direct MDT,20,ari,0.588113919783052
Direct MDT,21,chs,5.921610647723262
Direct MDT,21,ami,0.7638780773614471
Direct MDT,21,ari,0.5872391973444883
Direct MDT,22,chs,5.862408809585766
Direct MDT,22,ami,0.7588441262302876
Direct MDT,22,ari,0.5623389889538568
Direct MDT,23,chs,6.004098409919872
Direct MDT,23,ami,0.7685463170302154
Direct MDT,23,ari,0.5302282843159617
Direct MDT,24,chs,5.9614927758966
Direct MDT,24,ami,0.7659759180152113
Direct MDT,24,ari,0.5350019515357594
Direct MDT,25,chs,5.954574580808627
Direct MDT,25,ami,0.7592992900162636
Direct MDT,25,ari,0.5336915155585404
Direct MDT,26,chs,5.921684922465008
Direct MDT,26,ami,0.7636070531223002
Direct MDT,26,ari,0.5262246363976304
Direct MDT,27,chs,6.030204910978293
Direct MDT,27,ami,0.7768027181578051
Direct MDT,27,ari,0.5833042903389227
Direct MDT,28,chs,6.004979611875421
Direct MDT,28,ami,0.7778913032039371
Direct MDT,28,ari,0.5821483529009461
Direct MDT,29,chs,6.03185406447755
Direct MDT,29,ami,0.7685261562971047
Direct MDT,29,ari,0.5425024229469395
Direct MDT,30,chs,6.026464226414827
Direct MDT,30,ami,0.7666425776432504
Direct MDT,30,ari,0.5390658177633518
Direct MDT,31,chs,5.998421808640413
Direct MDT,31,ami,0.7768599404014456
Direct MDT,31,ari,0.5593811328733093
Direct MDT,32,chs,5.9195650574861105
Direct MDT,32,ami,0.7744720055399117
Direct MDT,32,ari,0.6136319620866039
Direct MDT,33,chs,6.007758683205973
Direct MDT,33,ami,0.7636461839912391
Direct MDT,33,ari,0.5722461785310087
Direct MDT,34,chs,5.885803283170425
Direct MDT,34,ami,0.7913163019450282
Direct MDT,34,ari,0.594324928486513
Direct MDT,35,chs,5.98396557049559
Direct MDT,35,ami,0.7808944129529841
Direct MDT,35,ari,0.5811060475428008
Direct MDT,36,chs,5.803840546325993
Direct MDT,36,ami,0.7688508147801849
Direct MDT,36,ari,0.573950317506389
Direct MDT,37,chs,6.031185240177226
Direct MDT,37,ami,0.7663324724985816
Direct MDT,37,ari,0.5625563843403805
Direct MDT,38,chs,6.002256561797103
Direct MDT,38,ami,0.7743724049159185
Direct MDT,38,ari,0.5903292856762841
Direct MDT,39,chs,5.999533692638803
Direct MDT,39,ami,0.7622887050528129
Direct MDT,39,ari,0.5696756534236583
Direct MDT,40,chs,5.986785039715411
Direct MDT,40,ami,0.7604576072088848
Direct MDT,40,ari,0.5201780113670298
Direct MDT,41,chs,6.024358892334114
Direct MDT,41,ami,0.7691269699072294
Direct MDT,41,ari,0.5722990655522329
Direct MDT,42,chs,5.971110892207939
Direct MDT,42,ami,0.755235210335491
Direct MDT,42,ari,0.5657514972220218
Direct MDT,43,chs,6.004764354808469
Direct MDT,43,ami,0.7825291318022831
Direct MDT,43,ari,0.6081189263715003
Direct MDT,44,chs,6.014362081049226
Direct MDT,44,ami,0.7811445625701405
Direct MDT,44,ari,0.5668757498688541
Direct MDT,45,chs,6.010860653518404
Direct MDT,45,ami,0.7600268468385707
Direct MDT,45,ari,0.5566209737321899
Direct MDT,46,chs,5.963911997863449
Direct MDT,46,ami,0.7711490366385644
Direct MDT,46,ari,0.591049688120735
Direct MDT,47,chs,6.023931389238509
Direct MDT,47,ami,0.759053096861642
Direct MDT,47,ari,0.5643012294500128
Direct MDT,48,chs,5.920921248488275
Direct MDT,48,ami,0.7878598783764725
Direct MDT,48,ari,0.6084358491766909
Direct MDT,49,chs,5.992542670375411
Direct MDT,49,ami,0.7943501569486365
Direct MDT,49,ari,0.6370134844349664
Direct MDT,50,chs,5.852966993388061
Direct MDT,50,ami,0.7622731033767159
Direct MDT,50,ari,0.5656944717599262
Direct MDT,51,chs,5.923924745695073
Direct MDT,51,ami,0.7626691899369147
Direct MDT,51,ari,0.557351911730391
Direct MDT,52,chs,6.040638940137372
Direct MDT,52,ami,0.7838292666811005
Direct MDT,52,ari,0.532820610808573
Direct MDT,53,chs,5.9558457233982445
Direct MDT,53,ami,0.7571439637864006
Direct MDT,53,ari,0.5506172231812924
Direct MDT,54,chs,5.949788281390639
Direct MDT,54,ami,0.7652359687529641
Direct MDT,54,ari,0.5640797215183214
Direct MDT,55,chs,6.018069462711239
Direct MDT,55,ami,0.7786882902710902
Direct MDT,55,ari,0.5285089445337711
Direct MDT,56,chs,5.911883286563715
Direct MDT,56,ami,0.7530095692334384
Direct MDT,56,ari,0.5329623302153284
Direct MDT,57,chs,5.987995285879705
Direct MDT,57,ami,0.7582698232688311
Direct MDT,57,ari,0.5479694882370594
Direct MDT,58,chs,6.024468245913838
Direct MDT,58,ami,0.7722809226782447
Direct MDT,58,ari,0.5813948440405473
Direct MDT,59,chs,5.9633597578204265
Direct MDT,59,ami,0.7537545416388466
Direct MDT,59,ari,0.5705148109048004
Direct MDT,60,chs,5.92206022786305
Direct MDT,60,ami,0.7872026165183196
Direct MDT,60,ari,0.5969062426198536
Direct MDT,61,chs,5.953627754470805
Direct MDT,61,ami,0.7712929638318817
Direct MDT,61,ari,0.5698267128671063
Direct MDT,62,chs,6.037154065772253
Direct MDT,62,ami,0.7592545287290672
Direct MDT,62,ari,0.5632807815751419
Direct MDT,63,chs,5.929357590756761
Direct MDT,63,ami,0.7566775856126357
Direct MDT,63,ari,0.5739857562464377
Direct MDT,64,chs,5.905023033723173
Direct MDT,64,ami,0.7651343531174789
Direct MDT,64,ari,0.6017874764510631
Direct MDT,65,chs,5.999069893584801
Direct MDT,65,ami,0.763841358511234
Direct MDT,65,ari,0.5701255180345423
Direct MDT,66,chs,6.0190000694799215
Direct MDT,66,ami,0.7717523499323266
Direct MDT,66,ari,0.5776280366901488
Direct MDT,67,chs,5.995162766465036
Direct MDT,67,ami,0.7696612429506234
Direct MDT,67,ari,0.5587570065886518
Direct MDT,68,chs,6.031288636810279
Direct MDT,68,ami,0.7881353415734806
Direct MDT,68,ari,0.6060078666156149
Direct MDT,69,chs,5.84556089582429
Direct MDT,69,ami,0.7570280782134527
Direct MDT,69,ari,0.5572588883253445
Direct MDT,70,chs,5.98637742858514
Direct MDT,70,ami,0.7732242955846449
Direct MDT,70,ari,0.5926874229974711
Direct MDT,71,chs,6.019532102618502
Direct MDT,71,ami,0.7816717210013082
Direct MDT,71,ari,0.5621189818340785
Direct MDT,72,chs,5.957326736665673
Direct MDT,72,ami,0.7685821430561323
Direct MDT,72,ari,0.5407678976136515
Direct MDT,73,chs,6.00752105352776
Direct MDT,73,ami,0.7558871251246395
Direct MDT,73,ari,0.546228779814501
Direct MDT,74,chs,5.7963867778409845
Direct MDT,74,ami,0.7580057058694433
Direct MDT,74,ari,0.5401549102578812
Direct MDT,75,chs,5.958057549102945
Direct MDT,75,ami,0.7702312211777407
Direct MDT,75,ari,0.601089398044506
Direct MDT,76,chs,6.035137924872741
Direct MDT,76,ami,0.7776745203838942
Direct MDT,76,ari,0.5640552995391706
Direct MDT,77,chs,5.901775369221797
Direct MDT,77,ami,0.76191335572709
Direct MDT,77,ari,0.557064262525502
Direct MDT,78,chs,6.011547415264652
Direct MDT,78,ami,0.7755291682618649
Direct MDT,78,ari,0.5610051907334406
Direct MDT,79,chs,5.8905053582384586
Direct MDT,79,ami,0.7701726471073355
Direct MDT,79,ari,0.5900531730117098
Direct MDT,80,chs,5.977390362520863
Direct MDT,80,ami,0.786900927535835
Direct MDT,80,ari,0.6316083841585213
Direct MDT,81,chs,5.980435826223134
Direct MDT,81,ami,0.7549937471475596
Direct MDT,81,ari,0.5382198448930202
Direct MDT,82,chs,6.014847402002589
Direct MDT,82,ami,0.7658571610706553
Direct MDT,82,ari,0.5785694107316687
Direct MDT,83,chs,5.995994644781582
Direct MDT,83,ami,0.7761945728270793
Direct MDT,83,ari,0.5904521662357318
Direct MDT,84,chs,5.981335769573799
Direct MDT,84,ami,0.7901910273591152
Direct MDT,84,ari,0.6231458137347131
Direct MDT,85,chs,5.997879337950406
Direct MDT,85,ami,0.7743304390139034
Direct MDT,85,ari,0.6022037403544664
Direct MDT,86,chs,5.90050378565587
Direct MDT,86,ami,0.7836443936388368
Direct MDT,86,ari,0.5779283623123921
Direct MDT,87,chs,5.827904076411155
Direct MDT,87,ami,0.774735454985698
Direct MDT,87,ari,0.5615170349358526
Direct MDT,88,chs,5.975443186658484
Direct MDT,88,ami,0.7709095753808344
Direct MDT,88,ari,0.47901401802023685
Direct MDT,89,chs,5.9495247028358325
Direct MDT,89,ami,0.7699694127423358
Direct MDT,89,ari,0.6002940736955322
Direct MDT,90,chs,6.0078971679284106
Direct MDT,90,ami,0.7576827253951555
Direct MDT,90,ari,0.5452734588877398
Direct MDT,91,chs,5.915031739234825
Direct MDT,91,ami,0.7608103016010311
Direct MDT,91,ari,0.5469392071807136
Direct MDT,92,chs,5.966238240715141
Direct MDT,92,ami,0.7612824620164791
Direct MDT,92,ari,0.5902448536170924
Direct MDT,93,chs,5.953279931582234
Direct MDT,93,ami,0.7680614359403548
Direct MDT,93,ari,0.5314652775600652
Direct MDT,94,chs,5.92879460890625
Direct MDT,94,ami,0.7716772284408424
Direct MDT,94,ari,0.58182341150351
Direct MDT,95,chs,5.884603861022793
Direct MDT,95,ami,0.7526142807476418
Direct MDT,95,ari,0.5257967041114578
Direct MDT,96,chs,5.944046488636555
Direct MDT,96,ami,0.7822911285706596
Direct MDT,96,ari,0.5973107845855281
Direct MDT,97,chs,5.931427185777823
Direct MDT,97,ami,0.7701914949442297
Direct MDT,97,ari,0.5763481736170459
Direct MDT,98,chs,6.02301791776085
Direct MDT,98,ami,0.774121670456034
Direct MDT,98,ari,0.584655273757965
Direct MDT,99,chs,6.031603387075744
Direct MDT,99,ami,0.7638167047862718
Direct MDT,99,ari,0.5501039630077895
Contrastive MDT,0,chs,5.967417943701193
Contrastive MDT,0,ami,0.7479845338064336
Contrastive MDT,0,ari,0.5519710940970592
Contrastive MDT,1,chs,5.895146364837506
Contrastive MDT,1,ami,0.7696635756938162
Contrastive MDT,1,ari,0.6164547984068962
Contrastive MDT,2,chs,6.0027671135062874
Contrastive MDT,2,ami,0.7697016220710603
Contrastive MDT,2,ari,0.5582521898269094
Contrastive MDT,3,chs,5.990558270037186
Contrastive MDT,3,ami,0.751728108562238
Contrastive MDT,3,ari,0.5187719899740697
Contrastive MDT,4,chs,5.967527177513967
Contrastive MDT,4,ami,0.761699468542365
Contrastive MDT,4,ari,0.5844268846875483
Contrastive MDT,5,chs,5.822012296548235
Contrastive MDT,5,ami,0.7455517375153757
Contrastive MDT,5,ari,0.5544659913590188
Contrastive MDT,6,chs,5.962409764275919
Contrastive MDT,6,ami,0.7831487796374251
Contrastive MDT,6,ari,0.616541126390629
Contrastive MDT,7,chs,5.99618343587788
Contrastive MDT,7,ami,0.7670156616354402
Contrastive MDT,7,ari,0.5561586508540511
Contrastive MDT,8,chs,5.9497415503948865
Contrastive MDT,8,ami,0.7697382094905726
Contrastive MDT,8,ari,0.5946189471498441
Contrastive MDT,9,chs,5.956531983313115
Contrastive MDT,9,ami,0.7734455042641832
Contrastive MDT,9,ari,0.6041494840982997
Contrastive MDT,10,chs,5.963037482572082
Contrastive MDT,10,ami,0.7564074658757118
Contrastive MDT,10,ari,0.5676264560118401
Contrastive MDT,11,chs,5.972741985516432
Contrastive MDT,11,ami,0.7657625823787187
Contrastive MDT,11,ari,0.5599833787892927
Contrastive MDT,12,chs,5.903344293509505
Contrastive MDT,12,ami,0.7636306816782745
Contrastive MDT,12,ari,0.5647050810516279
Contrastive MDT,13,chs,5.865633414178432
Contrastive MDT,13,ami,0.7657676833504808
Contrastive MDT,13,ari,0.5406113093929193
Contrastive MDT,14,chs,5.999123300843372
Contrastive MDT,14,ami,0.7659271019733035
Contrastive MDT,14,ari,0.5688832212470079
Contrastive MDT,15,chs,5.901663138332754
Contrastive MDT,15,ami,0.7534264272309279
Contrastive MDT,15,ari,0.5774361116186797
Contrastive MDT,16,chs,5.923967749287561
Contrastive MDT,16,ami,0.7699920343993095
Contrastive MDT,16,ari,0.5844655254146084
Contrastive MDT,17,chs,5.941907687087555
Contrastive MDT,17,ami,0.7474494411296232
Contrastive MDT,17,ari,0.522106771766392
Contrastive MDT,18,chs,5.988940627430948
Contrastive MDT,18,ami,0.7772279949582482
Contrastive MDT,18,ari,0.5929845346262155
Contrastive MDT,19,chs,5.957376041393774
Contrastive MDT,19,ami,0.7651481873444602
Contrastive MDT,19,ari,0.5692767303492079
Contrastive MDT,20,chs,5.927025488567474
Contrastive MDT,20,ami,0.7608181190902251
Contrastive MDT,20,ari,0.5544127202069363
Contrastive MDT,21,chs,5.887069503153876
Contrastive MDT,21,ami,0.7516773914356374
Contrastive MDT,21,ari,0.5705674126516285
Contrastive MDT,22,chs,5.96692306713622
Contrastive MDT,22,ami,0.7669193581330186
Contrastive MDT,22,ari,0.5889199470143863
Contrastive MDT,23,chs,5.987495376900961
Contrastive MDT,23,ami,0.762679774374435
Contrastive MDT,23,ari,0.5720562740009627
Contrastive MDT,24,chs,5.8174093367573825
Contrastive MDT,24,ami,0.7487152734493976
Contrastive MDT,24,ari,0.5351685931194857
Contrastive MDT,25,chs,5.801292060979755
Contrastive MDT,25,ami,0.7525907764114934
Contrastive MDT,25,ari,0.5001446720371878
Contrastive MDT,26,chs,5.946377537339373
Contrastive MDT,26,ami,0.764450240738663
Contrastive MDT,26,ari,0.5376046386670528
Contrastive MDT,27,chs,5.979974262247442
Contrastive MDT,27,ami,0.7688868759174365
Contrastive MDT,27,ari,0.5971602236991833
Contrastive MDT,28,chs,5.971253006387532
Contrastive MDT,28,ami,0.7573891308182313
Contrastive MDT,28,ari,0.5568388754459052
Contrastive MDT,29,chs,5.972655900900333
Contrastive MDT,29,ami,0.7563650746544779
Contrastive MDT,29,ari,0.544560054678745
Contrastive MDT,30,chs,5.986489078950196
Contrastive MDT,30,ami,0.7609658272880474
Contrastive MDT,30,ari,0.5705324260206813
Contrastive MDT,31,chs,5.9379424654154755
Contrastive MDT,31,ami,0.7589172833436418
Contrastive MDT,31,ari,0.5679494589154394
Contrastive MDT,32,chs,5.94785458705516
Contrastive MDT,32,ami,0.7891337729026527
Contrastive MDT,32,ari,0.6096036425363114
Contrastive MDT,33,chs,5.946926128598973
Contrastive MDT,33,ami,0.7542866928423476
Contrastive MDT,33,ari,0.5544742463802516
Contrastive MDT,34,chs,5.9962422382454506
Contrastive MDT,34,ami,0.7882459889500246
Contrastive MDT,34,ari,0.6020027992234412
Contrastive MDT,35,chs,5.973853534440147
Contrastive MDT,35,ami,0.7551771348000771
Contrastive MDT,35,ari,0.5574257745614318
Contrastive MDT,36,chs,5.91718192852529
Contrastive MDT,36,ami,0.7590152608554376
Contrastive MDT,36,ari,0.568177917180846
Contrastive MDT,37,chs,5.929307644047621
Contrastive MDT,37,ami,0.7726647267453784
Contrastive MDT,37,ari,0.6078269604641481
Contrastive MDT,38,chs,5.978399360009429
Contrastive MDT,38,ami,0.7628829962454241
Contrastive MDT,38,ari,0.5690816192374952
Contrastive MDT,39,chs,5.974386638968707
Contrastive MDT,39,ami,0.7780911338152946
Contrastive MDT,39,ari,0.5769152470963939
Contrastive MDT,40,chs,5.929290905767417
Contrastive MDT,40,ami,0.7436151669315304
Contrastive MDT,40,ari,0.5235510860354209
Contrastive MDT,41,chs,5.881009430228653
Contrastive MDT,41,ami,0.7703046208328105
Contrastive MDT,41,ari,0.5999781122164023
Contrastive MDT,42,chs,5.980661330279613
Contrastive MDT,42,ami,0.7745811543590773
Contrastive MDT,42,ari,0.5766548103523782
Contrastive MDT,43,chs,5.968457588405203
Contrastive MDT,43,ami,0.7856565227607534
Contrastive MDT,43,ari,0.6139558204963926
Contrastive MDT,44,chs,5.977043276391203
Contrastive MDT,44,ami,0.757221568338549
Contrastive MDT,44,ari,0.5610465799700884
Contrastive MDT,45,chs,5.867014944105359
Contrastive MDT,45,ami,0.7734373267301026
Contrastive MDT,45,ari,0.5983715842750443
Contrastive MDT,46,chs,6.001983167477737
Contrastive MDT,46,ami,0.7662745030477378
Contrastive MDT,46,ari,0.5609498551151711
Contrastive MDT,47,chs,5.979797123010801
Contrastive MDT,47,ami,0.7588102154244937
Contrastive MDT,47,ari,0.5703404446162205
Contrastive MDT,48,chs,5.941213566595241
Contrastive MDT,48,ami,0.7459745097647014
Contrastive MDT,48,ari,0.489964786502337
Contrastive MDT,49,chs,5.8727453957384075
Contrastive MDT,49,ami,0.7718302796024332
Contrastive MDT,49,ari,0.5795685678055196
Contrastive MDT,50,chs,5.882340800029562
Contrastive MDT,50,ami,0.7835004773547474
Contrastive MDT,50,ari,0.621888561974824
Contrastive MDT,51,chs,5.952342361701127
Contrastive MDT,51,ami,0.7686210553118259
Contrastive MDT,51,ari,0.5701452962359138
Contrastive MDT,52,chs,5.969684248847226
Contrastive MDT,52,ami,0.7740534859911115
Contrastive MDT,52,ari,0.6019964938530769
Contrastive MDT,53,chs,5.938044726610565
Contrastive MDT,53,ami,0.7508534741566331
Contrastive MDT,53,ari,0.5212318431279981
Contrastive MDT,54,chs,5.985800779101067
Contrastive MDT,54,ami,0.7575120332861581
Contrastive MDT,54,ari,0.5541731384637677
Contrastive MDT,55,chs,5.9716945916695305
Contrastive MDT,55,ami,0.7769832329732329
Contrastive MDT,55,ari,0.6094382292162812
Contrastive MDT,56,chs,5.9426186398364464
Contrastive MDT,56,ami,0.7521612308333977
Contrastive MDT,56,ari,0.5658462198289214
Contrastive MDT,57,chs,5.973596179030771
Contrastive MDT,57,ami,0.7698062547506057
Contrastive MDT,57,ari,0.5595330509548941
Contrastive MDT,58,chs,5.997893693723659
Contrastive MDT,58,ami,0.7808948456377097
Contrastive MDT,58,ari,0.591434376269809
Contrastive MDT,59,chs,5.888181140920977
Contrastive MDT,59,ami,0.7554034394806393
Contrastive MDT,59,ari,0.5535322647350018
Contrastive MDT,60,chs,5.801964639034297
Contrastive MDT,60,ami,0.7627932222657181
Contrastive MDT,60,ari,0.5879492833517089
Contrastive MDT,61,chs,5.895861781328134
Contrastive MDT,61,ami,0.7602779682352043
Contrastive MDT,61,ari,0.5311346573100345
Contrastive MDT,62,chs,5.9039044862160175
Contrastive MDT,62,ami,0.7665702086940422
Contrastive MDT,62,ari,0.5939853700210682
Contrastive MDT,63,chs,5.793056999065899
Contrastive MDT,63,ami,0.7694434998133353
Contrastive MDT,63,ari,0.5621950185864604
Contrastive MDT,64,chs,5.950293530957802
Contrastive MDT,64,ami,0.7704590317080705
Contrastive MDT,64,ari,0.6028513469529873
Contrastive MDT,65,chs,5.979596146622863
Contrastive MDT,65,ami,0.7593364586182236
Contrastive MDT,65,ari,0.5721986406132626
Contrastive MDT,66,chs,5.960443100407069
Contrastive MDT,66,ami,0.7603138833481846
Contrastive MDT,66,ari,0.590399374185929
Contrastive MDT,67,chs,5.894992857315984
Contrastive MDT,67,ami,0.7850722244850095
Contrastive MDT,67,ari,0.6164113266789997
Contrastive MDT,68,chs,5.9655203578405835
Contrastive MDT,68,ami,0.7639767925046668
Contrastive MDT,68,ari,0.5869992246058413
Contrastive MDT,69,chs,5.971691420644707
Contrastive MDT,69,ami,0.7807184386721924
Contrastive MDT,69,ari,0.6287895142636855
Contrastive MDT,70,chs,5.909678079051403
Contrastive MDT,70,ami,0.7732388726390329
Contrastive MDT,70,ari,0.5812494499553678
Contrastive MDT,71,chs,5.92727305777283
Contrastive MDT,71,ami,0.7406330111723695
Contrastive MDT,71,ari,0.5224994638867175
Contrastive MDT,72,chs,5.9907896183374945
Contrastive MDT,72,ami,0.7779306490839898
Contrastive MDT,72,ari,0.6048359704227928
Contrastive MDT,73,chs,5.913055156492165
Contrastive MDT,73,ami,0.7647360845121094
Contrastive MDT,73,ari,0.6132696195552289
Contrastive MDT,74,chs,6.004680330079966
Contrastive MDT,74,ami,0.7680574262958436
Contrastive MDT,74,ari,0.5864424787966371
Contrastive MDT,75,chs,6.016125392999751
Contrastive MDT,75,ami,0.7735647779538646
Contrastive MDT,75,ari,0.5660895555470896
Contrastive MDT,76,chs,5.904394170945826
Contrastive MDT,76,ami,0.7638592847336446
Contrastive MDT,76,ari,0.566514447737376
Contrastive MDT,77,chs,5.877748623220832
Contrastive MDT,77,ami,0.7412233103487404
Contrastive MDT,77,ari,0.5331126175836881
Contrastive MDT,78,chs,5.923756462065546
Contrastive MDT,78,ami,0.7673024414546527
Contrastive MDT,78,ari,0.5788795597724617
Contrastive MDT,79,chs,5.889049737467365
Contrastive MDT,79,ami,0.7531383887524886
Contrastive MDT,79,ari,0.5342100695330767
Contrastive MDT,80,chs,5.956729253782978
Contrastive MDT,80,ami,0.7413287463390823
Contrastive MDT,80,ari,0.5440464526799277
Contrastive MDT,81,chs,5.9384901218849695
Contrastive MDT,81,ami,0.7558902528454035
Contrastive MDT,81,ari,0.5684836267592681
Contrastive MDT,82,chs,5.925878902936913
Contrastive MDT,82,ami,0.7692978098970377
Contrastive MDT,82,ari,0.5958651096282174
Contrastive MDT,83,chs,5.884956827197577
Contrastive MDT,83,ami,0.7547406042663067
Contrastive MDT,83,ari,0.5502109913499734
Contrastive MDT,84,chs,6.013144644129896
Contrastive MDT,84,ami,0.7770533285505875
Contrastive MDT,84,ari,0.5623872896433555
Contrastive MDT,85,chs,5.97425840780587
Contrastive MDT,85,ami,0.7807152880888518
Contrastive MDT,85,ari,0.6144273967957955
Contrastive MDT,86,chs,5.958847314498875
Contrastive MDT,86,ami,0.7783157756021151
Contrastive MDT,86,ari,0.6137948296206243
Contrastive MDT,87,chs,5.950614939314222
Contrastive MDT,87,ami,0.7583859627076612
Contrastive MDT,87,ari,0.5722597432973716
Contrastive MDT,88,chs,5.975274822670148
Contrastive MDT,88,ami,0.7773914078130627
Contrastive MDT,88,ari,0.583886618078534
Contrastive MDT,89,chs,5.8074147756419885
Contrastive MDT,89,ami,0.7528714113164051
Contrastive MDT,89,ari,0.5515547991975687
Contrastive MDT,90,chs,5.858190460894991
Contrastive MDT,90,ami,0.7592996430410772
Contrastive MDT,90,ari,0.5876699697398667
Contrastive MDT,91,chs,5.917801238546286
Contrastive MDT,91,ami,0.7599548099101909
Contrastive MDT,91,ari,0.5326369608654238
Contrastive MDT,92,chs,5.947019197317422
Contrastive MDT,92,ami,0.7606922503939475
Contrastive MDT,92,ari,0.5874606676147498
Contrastive MDT,93,chs,5.821990101338354
Contrastive MDT,93,ami,0.7641790473599918
Contrastive MDT,93,ari,0.5704987841047059
Contrastive MDT,94,chs,5.8824198051193255
Contrastive MDT,94,ami,0.7558018638241376
Contrastive MDT,94,ari,0.5596073530511317
Contrastive MDT,95,chs,5.8953519914460495
Contrastive MDT,95,ami,0.7613184348097847
Contrastive MDT,95,ari,0.5203700316199337
Contrastive MDT,96,chs,5.960283345553728
Contrastive MDT,96,ami,0.7729446719325916
Contrastive MDT,96,ari,0.5404266412504006
Contrastive MDT,97,chs,5.987494251476404
Contrastive MDT,97,ami,0.7727746891656991
Contrastive MDT,97,ari,0.6035541268026519
Contrastive MDT,98,chs,5.964542553335154
Contrastive MDT,98,ami,0.7614345614551286
Contrastive MDT,98,ari,0.5811553000603276
Contrastive MDT,99,chs,5.963073435971786
Contrastive MDT,99,ami,0.7679680870364803
Contrastive MDT,99,ari,0.5953361889300428
Cross Diffusion Maps,0,chs,5.374775260529601
Cross Diffusion Maps,0,ami,0.7071503925579453
Cross Diffusion Maps,0,ari,0.40347484620218516
Cross Diffusion Maps,1,chs,5.421531124863021
Cross Diffusion Maps,1,ami,0.7198870203101806
Cross Diffusion Maps,1,ari,0.48101598125419304
Cross Diffusion Maps,2,chs,5.3717269282099736
Cross Diffusion Maps,2,ami,0.7037537759677917
Cross Diffusion Maps,2,ari,0.38389649796927056
Cross Diffusion Maps,3,chs,5.4468813833712195
Cross Diffusion Maps,3,ami,0.7422799413360943
Cross Diffusion Maps,3,ari,0.5166777421984456
Cross Diffusion Maps,4,chs,5.4637587900841105
Cross Diffusion Maps,4,ami,0.7348636629358888
Cross Diffusion Maps,4,ari,0.49793849661951767
Cross Diffusion Maps,5,chs,5.381175567118774
Cross Diffusion Maps,5,ami,0.7141594824671186
Cross Diffusion Maps,5,ari,0.4556887880789348
Cross Diffusion Maps,6,chs,5.472385215292626
Cross Diffusion Maps,6,ami,0.7267730922687804
Cross Diffusion Maps,6,ari,0.5135978281577444
Cross Diffusion Maps,7,chs,5.389520054404746
Cross Diffusion Maps,7,ami,0.6998128765618448
Cross Diffusion Maps,7,ari,0.4018637951788341
Cross Diffusion Maps,8,chs,5.575574322049604
Cross Diffusion Maps,8,ami,0.7180161581252433
Cross Diffusion Maps,8,ari,0.4487287837698363
Cross Diffusion Maps,9,chs,5.424510090273829
Cross Diffusion Maps,9,ami,0.7091591406794684
Cross Diffusion Maps,9,ari,0.44255488216907035
Cross Diffusion Maps,10,chs,5.398576415546316
Cross Diffusion Maps,10,ami,0.7087094398116812
Cross Diffusion Maps,10,ari,0.41961292897047087
Cross Diffusion Maps,11,chs,5.496659374810004
Cross Diffusion Maps,11,ami,0.7158812400854894
Cross Diffusion Maps,11,ari,0.42626202238086
Cross Diffusion Maps,12,chs,5.372793604578783
Cross Diffusion Maps,12,ami,0.7346312972480564
Cross Diffusion Maps,12,ari,0.4704328628873295
Cross Diffusion Maps,13,chs,5.488984083382512
Cross Diffusion Maps,13,ami,0.728637552371207
Cross Diffusion Maps,13,ari,0.48019024743301175
Cross Diffusion Maps,14,chs,5.3080104474773275
Cross Diffusion Maps,14,ami,0.7156816829598021
Cross Diffusion Maps,14,ari,0.4259452283095349
Cross Diffusion Maps,15,chs,5.376594722299599
Cross Diffusion Maps,15,ami,0.7403932009834232
Cross Diffusion Maps,15,ari,0.5059360583541991
Cross Diffusion Maps,16,chs,5.2600814195686105
Cross Diffusion Maps,16,ami,0.7076754624102268
Cross Diffusion Maps,16,ari,0.42521921821212627
Cross Diffusion Maps,17,chs,5.547486838815557
Cross Diffusion Maps,17,ami,0.7344337016074027
Cross Diffusion Maps,17,ari,0.4806645975220527
Cross Diffusion Maps,18,chs,5.455574315196933
Cross Diffusion Maps,18,ami,0.7236490966720787
Cross Diffusion Maps,18,ari,0.4788028425367583
Cross Diffusion Maps,19,chs,5.44699290670134
Cross Diffusion Maps,19,ami,0.7227412708330386
Cross Diffusion Maps,19,ari,0.46090356012428046
Cross Diffusion Maps,20,chs,5.324712092283061
Cross Diffusion Maps,20,ami,0.7157309642975163
Cross Diffusion Maps,20,ari,0.44940971515463546
Cross Diffusion Maps,21,chs,5.422714122440677
Cross Diffusion Maps,21,ami,0.7248100586809736
Cross Diffusion Maps,21,ari,0.48524617543994886
Cross Diffusion Maps,22,chs,5.427499006039421
Cross Diffusion Maps,22,ami,0.7174958268299468
Cross Diffusion Maps,22,ari,0.45271781169754477
Cross Diffusion Maps,23,chs,5.304648432294046
Cross Diffusion Maps,23,ami,0.7101082171648592
Cross Diffusion Maps,23,ari,0.4017556199383326
Cross Diffusion Maps,24,chs,5.558387017238159
Cross Diffusion Maps,24,ami,0.7294104449067463
Cross Diffusion Maps,24,ari,0.46206108988775974
Cross Diffusion Maps,25,chs,5.356771681413087
Cross Diffusion Maps,25,ami,0.7237864686838347
Cross Diffusion Maps,25,ari,0.4515131538104515
Cross Diffusion Maps,26,chs,5.456943138533463
Cross Diffusion Maps,26,ami,0.7177807192839751
Cross Diffusion Maps,26,ari,0.41158898302185526
Cross Diffusion Maps,27,chs,5.317777835698035
Cross Diffusion Maps,27,ami,0.7215212955119431
Cross Diffusion Maps,27,ari,0.48312127012723793
Cross Diffusion Maps,28,chs,5.360112634597596
Cross Diffusion Maps,28,ami,0.7122742329683315
Cross Diffusion Maps,28,ari,0.4432489341983318
Cross Diffusion Maps,29,chs,5.415701540961275
Cross Diffusion Maps,29,ami,0.7299547577548766
Cross Diffusion Maps,29,ari,0.4780397062924643
Cross Diffusion Maps,30,chs,5.388837101758838
Cross Diffusion Maps,30,ami,0.7087455772595339
Cross Diffusion Maps,30,ari,0.47748604548102636
Cross Diffusion Maps,31,chs,5.4227322350484926
Cross Diffusion Maps,31,ami,0.7246715858522612
Cross Diffusion Maps,31,ari,0.46721355423301697
Cross Diffusion Maps,32,chs,5.422302435693117
Cross Diffusion Maps,32,ami,0.7034188823703237
Cross Diffusion Maps,32,ari,0.43463056965595037
Cross Diffusion Maps,33,chs,5.27170236062885
Cross Diffusion Maps,33,ami,0.7131253206688027
Cross Diffusion Maps,33,ari,0.44786748843461516
Cross Diffusion Maps,34,chs,5.42742489053208
Cross Diffusion Maps,34,ami,0.7137318775722123
Cross Diffusion Maps,34,ari,0.4287627755707551
Cross Diffusion Maps,35,chs,5.355424001347659
Cross Diffusion Maps,35,ami,0.6889592733852998
Cross Diffusion Maps,35,ari,0.3392279843773381
Cross Diffusion Maps,36,chs,5.528864426391151
Cross Diffusion Maps,36,ami,0.7175425517048202
Cross Diffusion Maps,36,ari,0.47508665405752043
Cross Diffusion Maps,37,chs,5.423851308520728
Cross Diffusion Maps,37,ami,0.7296175471846092
Cross Diffusion Maps,37,ari,0.4637128953479302
Cross Diffusion Maps,38,chs,5.404397824815149
Cross Diffusion Maps,38,ami,0.7168474006402961
Cross Diffusion Maps,38,ari,0.4615941155191125
Cross Diffusion Maps,39,chs,5.388869755102578
Cross Diffusion Maps,39,ami,0.7221895929584343
Cross Diffusion Maps,39,ari,0.4556057980813929
Cross Diffusion Maps,40,chs,5.5185919688840865
Cross Diffusion Maps,40,ami,0.7050082408303475
Cross Diffusion Maps,40,ari,0.39866593149450635
Cross Diffusion Maps,41,chs,5.369419706677182
Cross Diffusion Maps,41,ami,0.7206538103910135
Cross Diffusion Maps,41,ari,0.48534017560036885
Cross Diffusion Maps,42,chs,5.361119063278055
Cross Diffusion Maps,42,ami,0.7027123728399158
Cross Diffusion Maps,42,ari,0.3899520830949904
Cross Diffusion Maps,43,chs,5.384640773173379
Cross Diffusion Maps,43,ami,0.7242354431699581
Cross Diffusion Maps,43,ari,0.4612727130467231
Cross Diffusion Maps,44,chs,5.523623441252293
Cross Diffusion Maps,44,ami,0.7350648259009263
Cross Diffusion Maps,44,ari,0.5071965213595574
Cross Diffusion Maps,45,chs,5.416261433542137
Cross Diffusion Maps,45,ami,0.7231006874492784
Cross Diffusion Maps,45,ari,0.4554132893384023
Cross Diffusion Maps,46,chs,5.407622108983608
Cross Diffusion Maps,46,ami,0.7257967468612568
Cross Diffusion Maps,46,ari,0.4502989597233793
Cross Diffusion Maps,47,chs,5.510135393189033
Cross Diffusion Maps,47,ami,0.7336126102266418
Cross Diffusion Maps,47,ari,0.5046948823463147
Cross Diffusion Maps,48,chs,5.46370279808283
Cross Diffusion Maps,48,ami,0.7241388407193557
Cross Diffusion Maps,48,ari,0.4455918913750239
Cross Diffusion Maps,49,chs,5.364733979484361
Cross Diffusion Maps,49,ami,0.7034140921997536
Cross Diffusion Maps,49,ari,0.3940834444897426
Cross Diffusion Maps,50,chs,5.517763947255437
Cross Diffusion Maps,50,ami,0.735393999611882
Cross Diffusion Maps,50,ari,0.5113051877218401
Cross Diffusion Maps,51,chs,5.40469247247564
Cross Diffusion Maps,51,ami,0.7254114949778162
Cross Diffusion Maps,51,ari,0.44931663037505254
Cross Diffusion Maps,52,chs,5.262305853507669
Cross Diffusion Maps,52,ami,0.6997419109603003
Cross Diffusion Maps,52,ari,0.3988751482297137
Cross Diffusion Maps,53,chs,5.285726915622828
Cross Diffusion Maps,53,ami,0.7017707326703002
Cross Diffusion Maps,53,ari,0.41520602738270496
Cross Diffusion Maps,54,chs,5.39136265999459
Cross Diffusion Maps,54,ami,0.7173755662624903
Cross Diffusion Maps,54,ari,0.4514572313657724
Cross Diffusion Maps,55,chs,5.504979441110729
Cross Diffusion Maps,55,ami,0.7315531119116081
Cross Diffusion Maps,55,ari,0.5052238040724659
Cross Diffusion Maps,56,chs,5.280247496669029
Cross Diffusion Maps,56,ami,0.6964888747759302
Cross Diffusion Maps,56,ari,0.37202482207623133
Cross Diffusion Maps,57,chs,5.530269833049152
Cross Diffusion Maps,57,ami,0.7327531737369624
Cross Diffusion Maps,57,ari,0.5090179420868564
Cross Diffusion Maps,58,chs,5.256377065673059
Cross Diffusion Maps,58,ami,0.6991485023071036
Cross Diffusion Maps,58,ari,0.3890970627341956
Cross Diffusion Maps,59,chs,5.327085453620041
Cross Diffusion Maps,59,ami,0.6985324516021417
Cross Diffusion Maps,59,ari,0.4112465760781997
Cross Diffusion Maps,60,chs,5.383757126642946
Cross Diffusion Maps,60,ami,0.7186647926736199
Cross Diffusion Maps,60,ari,0.45761315133330516
Cross Diffusion Maps,61,chs,5.395174166604532
Cross Diffusion Maps,61,ami,0.7273193850282458
Cross Diffusion Maps,61,ari,0.4954013404947033
Cross Diffusion Maps,62,chs,5.466551751074574
Cross Diffusion Maps,62,ami,0.7116327422949817
Cross Diffusion Maps,62,ari,0.40047916764810787
Cross Diffusion Maps,63,chs,5.409083088938273
Cross Diffusion Maps,63,ami,0.7248931961159539
Cross Diffusion Maps,63,ari,0.48579629587443335
Cross Diffusion Maps,64,chs,5.263751115428001
Cross Diffusion Maps,64,ami,0.6979148333282289
Cross Diffusion Maps,64,ari,0.4009609730054932
Cross Diffusion Maps,65,chs,5.395939376172873
Cross Diffusion Maps,65,ami,0.7126753866664093
Cross Diffusion Maps,65,ari,0.4405797273406818
Cross Diffusion Maps,66,chs,5.297834568972318
Cross Diffusion Maps,66,ami,0.7175931303090667
Cross Diffusion Maps,66,ari,0.45831918646850495
Cross Diffusion Maps,67,chs,5.305193112048666
Cross Diffusion Maps,67,ami,0.7236354530477087
Cross Diffusion Maps,67,ari,0.46053306697188934
Cross Diffusion Maps,68,chs,5.177768274489953
Cross Diffusion Maps,68,ami,0.6941777694532201
Cross Diffusion Maps,68,ari,0.38912652109130696
Cross Diffusion Maps,69,chs,5.462087797510277
Cross Diffusion Maps,69,ami,0.7158632629955244
Cross Diffusion Maps,69,ari,0.44587308418812616
Cross Diffusion Maps,70,chs,5.391555036236168
Cross Diffusion Maps,70,ami,0.7129686422545741
Cross Diffusion Maps,70,ari,0.45012080735183957
Cross Diffusion Maps,71,chs,5.353583786224171
Cross Diffusion Maps,71,ami,0.7163157232006704
Cross Diffusion Maps,71,ari,0.42675985342342393
Cross Diffusion Maps,72,chs,5.407952337017573
Cross Diffusion Maps,72,ami,0.7368312269366691
Cross Diffusion Maps,72,ari,0.4754649448869086
Cross Diffusion Maps,73,chs,5.440381642316742
Cross Diffusion Maps,73,ami,0.7154463818136337
Cross Diffusion Maps,73,ari,0.44310646397994913
Cross Diffusion Maps,74,chs,5.379042324460083
Cross Diffusion Maps,74,ami,0.7317287364739474
Cross Diffusion Maps,74,ari,0.4684223603990158
Cross Diffusion Maps,75,chs,5.397347926787972
Cross Diffusion Maps,75,ami,0.7276038934355694
Cross Diffusion Maps,75,ari,0.48192244572017834
Cross Diffusion Maps,76,chs,5.425504713283884
Cross Diffusion Maps,76,ami,0.7258774274850675
Cross Diffusion Maps,76,ari,0.46305853571826694
Cross Diffusion Maps,77,chs,5.319276736292622
Cross Diffusion Maps,77,ami,0.7172956619306402
Cross Diffusion Maps,77,ari,0.4020280745641926
Cross Diffusion Maps,78,chs,5.396708819087639
Cross Diffusion Maps,78,ami,0.7118826843856433
Cross Diffusion Maps,78,ari,0.48158587579371226
Cross Diffusion Maps,79,chs,5.567703842890465
Cross Diffusion Maps,79,ami,0.7236797750952799
Cross Diffusion Maps,79,ari,0.5104843052711375
Cross Diffusion Maps,80,chs,5.385184114050172
Cross Diffusion Maps,80,ami,0.7165785289037077
Cross Diffusion Maps,80,ari,0.43980975631757135
Cross Diffusion Maps,81,chs,5.473607141915366
Cross Diffusion Maps,81,ami,0.7318801348524064
Cross Diffusion Maps,81,ari,0.5235023041474655
Cross Diffusion Maps,82,chs,5.420017362051552
Cross Diffusion Maps,82,ami,0.7254223214460149
Cross Diffusion Maps,82,ari,0.45807352201463775
Cross Diffusion Maps,83,chs,5.405876946391187
Cross Diffusion Maps,83,ami,0.7004278264851812
Cross Diffusion Maps,83,ari,0.4374534607037727
Cross Diffusion Maps,84,chs,5.281699002681684
Cross Diffusion Maps,84,ami,0.715877625566447
Cross Diffusion Maps,84,ari,0.43262769202541224
Cross Diffusion Maps,85,chs,5.289146744871747
Cross Diffusion Maps,85,ami,0.6951706467632778
Cross Diffusion Maps,85,ari,0.3577222135111844
Cross Diffusion Maps,86,chs,5.549297179776305
Cross Diffusion Maps,86,ami,0.7396585456332204
Cross Diffusion Maps,86,ari,0.5199044410496564
Cross Diffusion Maps,87,chs,5.327459829688328
Cross Diffusion Maps,87,ami,0.7165973712115231
Cross Diffusion Maps,87,ari,0.4470071698666971
Cross Diffusion Maps,88,chs,5.435111343840871
Cross Diffusion Maps,88,ami,0.7096427552760277
Cross Diffusion Maps,88,ari,0.4116419573998504
Cross Diffusion Maps,89,chs,5.418552623127024
Cross Diffusion Maps,89,ami,0.72330649781887
Cross Diffusion Maps,89,ari,0.461736644819706
Cross Diffusion Maps,90,chs,5.3922975711961065
Cross Diffusion Maps,90,ami,0.7152293803390148
Cross Diffusion Maps,90,ari,0.44124027648879144
Cross Diffusion Maps,91,chs,5.425795723390218
Cross Diffusion Maps,91,ami,0.7278896864006522
Cross Diffusion Maps,91,ari,0.4784773871959241
Cross Diffusion Maps,92,chs,5.513984362303571
Cross Diffusion Maps,92,ami,0.7056279219659812
Cross Diffusion Maps,92,ari,0.40039417253587944
Cross Diffusion Maps,93,chs,5.404961273111952
Cross Diffusion Maps,93,ami,0.7263020991296089
Cross Diffusion Maps,93,ari,0.4620500515267552
Cross Diffusion Maps,94,chs,5.399614512151153
Cross Diffusion Maps,94,ami,0.7331088714766245
Cross Diffusion Maps,94,ari,0.5015772610840684
Cross Diffusion Maps,95,chs,5.4585850545115795
Cross Diffusion Maps,95,ami,0.7215663510641506
Cross Diffusion Maps,95,ari,0.41974173074304516
Cross Diffusion Maps,96,chs,5.426615025158029
Cross Diffusion Maps,96,ami,0.7349143278702654
Cross Diffusion Maps,96,ari,0.5149101898861768
Cross Diffusion Maps,97,chs,5.391197495961201
Cross Diffusion Maps,97,ami,0.6916047146676121
Cross Diffusion Maps,97,ari,0.38831715525544047
Cross Diffusion Maps,98,chs,5.461657263313798
Cross Diffusion Maps,98,ami,0.7150323267532321
Cross Diffusion Maps,98,ari,0.45435730878299385
Cross Diffusion Maps,99,chs,5.4924190743304955
Cross Diffusion Maps,99,ami,0.7302315915769454
Cross Diffusion Maps,99,ari,0.4848052435297626
Beam-Search MDT,0,chs,5.934710140149049
Beam-Search MDT,0,ami,0.771604827688299
Beam-Search MDT,0,ari,0.6104258678688299
Beam-Search MDT,1,chs,6.006504717612923
Beam-Search MDT,1,ami,0.7682280255983444
Beam-Search MDT,1,ari,0.5735867690524071
Beam-Search MDT,2,chs,5.835008344042672
Beam-Search MDT,2,ami,0.7301166701594336
Beam-Search MDT,2,ari,0.5138402475009956
Beam-Search MDT,3,chs,5.8013067952940345
Beam-Search MDT,3,ami,0.759427015469671
Beam-Search MDT,3,ari,0.5541132587787502
Beam-Search MDT,4,chs,5.899067488621054
Beam-Search MDT,4,ami,0.7487610647242792
Beam-Search MDT,4,ari,0.5484121108963955
Beam-Search MDT,5,chs,5.83291332462373
Beam-Search MDT,5,ami,0.7419476848629305
Beam-Search MDT,5,ari,0.5496410673168088
Beam-Search MDT,6,chs,5.9502802722637504
Beam-Search MDT,6,ami,0.7317877333302639
Beam-Search MDT,6,ari,0.5168360265263807
Beam-Search MDT,7,chs,5.917875196022811
Beam-Search MDT,7,ami,0.7468402004339217
Beam-Search MDT,7,ari,0.5195683786106153
Beam-Search MDT,8,chs,5.96297460644021
Beam-Search MDT,8,ami,0.7682195974232393
Beam-Search MDT,8,ari,0.5871806348481389
Beam-Search MDT,9,chs,5.9738638022247965
Beam-Search MDT,9,ami,0.7315401604322489
Beam-Search MDT,9,ari,0.5116367584614365
Beam-Search MDT,10,chs,5.952060647390377
Beam-Search MDT,10,ami,0.7610806519104996
Beam-Search MDT,10,ari,0.573214392972787
Beam-Search MDT,11,chs,5.8192114864820494
Beam-Search MDT,11,ami,0.7430002515685681
Beam-Search MDT,11,ari,0.568099615914359
Beam-Search MDT,12,chs,5.950826701368593
Beam-Search MDT,12,ami,0.7535400760387863
Beam-Search MDT,12,ari,0.5749503171985145
Beam-Search MDT,13,chs,5.9358879168406435
Beam-Search MDT,13,ami,0.7424639805474418
Beam-Search MDT,13,ari,0.5253228710781449
Beam-Search MDT,14,chs,5.935590732554717
Beam-Search MDT,14,ami,0.7541353187034434
Beam-Search MDT,14,ari,0.5688563817779584
Beam-Search MDT,15,chs,5.95036350394075
Beam-Search MDT,15,ami,0.761676905955814
Beam-Search MDT,15,ari,0.5928533172973024
Beam-Search MDT,16,chs,5.91660863944559
Beam-Search MDT,16,ami,0.7262282447469282
Beam-Search MDT,16,ari,0.50385823505008
Beam-Search MDT,17,chs,5.807859289380233
Beam-Search MDT,17,ami,0.7303760772066779
Beam-Search MDT,17,ari,0.5030861667115635
Beam-Search MDT,18,chs,5.932591227214292
Beam-Search MDT,18,ami,0.7527224470817203
Beam-Search MDT,18,ari,0.5798179698007205
Beam-Search MDT,19,chs,5.918637590849189
Beam-Search MDT,19,ami,0.7582850477676856
Beam-Search MDT,19,ari,0.6012230103165236
Beam-Search MDT,20,chs,5.886430386224895
Beam-Search MDT,20,ami,0.7208220209429045
Beam-Search MDT,20,ari,0.48743458943557677
Beam-Search MDT,21,chs,6.017868588488806
Beam-Search MDT,21,ami,0.7602324162653347
Beam-Search MDT,21,ari,0.5458952132883557
Beam-Search MDT,22,chs,5.942258733649352
Beam-Search MDT,22,ami,0.7620649920016426
Beam-Search MDT,22,ari,0.5733222985600339
Beam-Search MDT,23,chs,5.881478670816001
Beam-Search MDT,23,ami,0.7521096475302691
Beam-Search MDT,23,ari,0.538038243419347
Beam-Search MDT,24,chs,5.9237595062859665
Beam-Search MDT,24,ami,0.7350496719265853
Beam-Search MDT,24,ari,0.5544574257095715
Beam-Search MDT,25,chs,5.804620640449056
Beam-Search MDT,25,ami,0.7399065022228862
Beam-Search MDT,25,ari,0.4889640090627725
Beam-Search MDT,26,chs,5.915186210231933
Beam-Search MDT,26,ami,0.7577216713134071
Beam-Search MDT,26,ari,0.5800417615517254
Beam-Search MDT,27,chs,5.849365226759986
Beam-Search MDT,27,ami,0.7297161635752147
Beam-Search MDT,27,ari,0.5090240669996564
Beam-Search MDT,28,chs,5.987495964767939
Beam-Search MDT,28,ami,0.756142748933361
Beam-Search MDT,28,ari,0.567644426194374
Beam-Search MDT,29,chs,5.949306531817901
Beam-Search MDT,29,ami,0.770914586368942
Beam-Search MDT,29,ari,0.6109626729451602
Beam-Search MDT,30,chs,5.796838728081084
Beam-Search MDT,30,ami,0.7500325269472153
Beam-Search MDT,30,ari,0.510199227368542
Beam-Search MDT,31,chs,5.859764025924855
Beam-Search MDT,31,ami,0.7548500381831804
Beam-Search MDT,31,ari,0.5762891017680799
Beam-Search MDT,32,chs,5.949391565902294
Beam-Search MDT,32,ami,0.7524548734818213
Beam-Search MDT,32,ari,0.5526398729342467
Beam-Search MDT,33,chs,5.813951617435851
Beam-Search MDT,33,ami,0.7390717136806474
Beam-Search MDT,33,ari,0.5135049050834501
Beam-Search MDT,34,chs,5.883476808021699
Beam-Search MDT,34,ami,0.7549221267757492
Beam-Search MDT,34,ari,0.5722597432973716
Beam-Search MDT,35,chs,5.805218616892317
Beam-Search MDT,35,ami,0.7583734629365951
Beam-Search MDT,35,ari,0.5525951061395046
Beam-Search MDT,36,chs,5.831348111562632
Beam-Search MDT,36,ami,0.7361118673615955
Beam-Search MDT,36,ari,0.5294393296692768
Beam-Search MDT,37,chs,5.8532877825012495
Beam-Search MDT,37,ami,0.743647616961548
Beam-Search MDT,37,ari,0.5399755557199263
Beam-Search MDT,38,chs,5.9106347166083
Beam-Search MDT,38,ami,0.749064237901218
Beam-Search MDT,38,ari,0.5614408251609972
Beam-Search MDT,39,chs,5.842638729056141
Beam-Search MDT,39,ami,0.7479985607233
Beam-Search MDT,39,ari,0.5531735248102909
Beam-Search MDT,40,chs,5.9286803767310925
Beam-Search MDT,40,ami,0.7513746765699943
Beam-Search MDT,40,ari,0.5339253733144184
Beam-Search MDT,41,chs,5.903729964661371
Beam-Search MDT,41,ami,0.775720602055691
Beam-Search MDT,41,ari,0.610122729283342
Beam-Search MDT,42,chs,6.004474017864403
Beam-Search MDT,42,ami,0.7614686907326134
Beam-Search MDT,42,ari,0.5802827263076046
Beam-Search MDT,43,chs,5.917711126681185
Beam-Search MDT,43,ami,0.7555473911262907
Beam-Search MDT,43,ari,0.5645923343187044
Beam-Search MDT,44,chs,5.867023597748727
Beam-Search MDT,44,ami,0.7507757817347275
Beam-Search MDT,44,ari,0.5389689747837164
Beam-Search MDT,45,chs,5.754827880879564
Beam-Search MDT,45,ami,0.7450036309080929
Beam-Search MDT,45,ari,0.5573669181651456
Beam-Search MDT,46,chs,6.014236141500265
Beam-Search MDT,46,ami,0.7464678871426467
Beam-Search MDT,46,ari,0.5362179194368266
Beam-Search MDT,47,chs,5.930171091200799
Beam-Search MDT,47,ami,0.7427961411156017
Beam-Search MDT,47,ari,0.5427931843095797
Beam-Search MDT,48,chs,5.945845589189988
Beam-Search MDT,48,ami,0.7571633393004078
Beam-Search MDT,48,ari,0.5602797252571265
Beam-Search MDT,49,chs,5.898667858405244
Beam-Search MDT,49,ami,0.7441760982883708
Beam-Search MDT,49,ari,0.5509483797363367
Beam-Search MDT,50,chs,5.951569027914587
Beam-Search MDT,50,ami,0.7556279495867088
Beam-Search MDT,50,ari,0.5084882780921585
Beam-Search MDT,51,chs,5.838111963672729
Beam-Search MDT,51,ami,0.7448116115652489
Beam-Search MDT,51,ari,0.5156146558038116
Beam-Search MDT,52,chs,5.910745541362164
Beam-Search MDT,52,ami,0.7245895754142045
Beam-Search MDT,52,ari,0.4995256555908223
Beam-Search MDT,53,chs,5.919211111963725
Beam-Search MDT,53,ami,0.7399523906641311
Beam-Search MDT,53,ari,0.5616400033348463
Beam-Search MDT,54,chs,5.881916612372681
Beam-Search MDT,54,ami,0.7528731211760211
Beam-Search MDT,54,ari,0.5639328490332988
Beam-Search MDT,55,chs,5.655582838294171
Beam-Search MDT,55,ami,0.7226374683750263
Beam-Search MDT,55,ari,0.47874081251319983
Beam-Search MDT,56,chs,5.889468161931974
Beam-Search MDT,56,ami,0.7511714603607133
Beam-Search MDT,56,ari,0.544359289418331
Beam-Search MDT,57,chs,5.928972763521227
Beam-Search MDT,57,ami,0.7624406926741227
Beam-Search MDT,57,ari,0.5791555905915999
Beam-Search MDT,58,chs,5.873245654522075
Beam-Search MDT,58,ami,0.7503360628965319
Beam-Search MDT,58,ari,0.5210267487820571
Beam-Search MDT,59,chs,5.834136063985863
Beam-Search MDT,59,ami,0.7521543956980844
Beam-Search MDT,59,ari,0.553760412339194
Beam-Search MDT,60,chs,5.948531602358635
Beam-Search MDT,60,ami,0.7722905612434536
Beam-Search MDT,60,ari,0.6109768542932043
Beam-Search MDT,61,chs,5.933985563077687
Beam-Search MDT,61,ami,0.7499125676600941
Beam-Search MDT,61,ari,0.5717876333871484
Beam-Search MDT,62,chs,5.843614011542241
Beam-Search MDT,62,ami,0.7546473537776676
Beam-Search MDT,62,ari,0.5657632533660126
Beam-Search MDT,63,chs,5.875779455623567
Beam-Search MDT,63,ami,0.7755251779403481
Beam-Search MDT,63,ari,0.6020164116179126
Beam-Search MDT,64,chs,5.927041914975167
Beam-Search MDT,64,ami,0.7550983313715771
Beam-Search MDT,64,ari,0.5822842738884768
Beam-Search MDT,65,chs,5.769126060378613
Beam-Search MDT,65,ami,0.7487594147740975
Beam-Search MDT,65,ari,0.5402718366220505
Beam-Search MDT,66,chs,5.9211770713531875
Beam-Search MDT,66,ami,0.7607868914949933
Beam-Search MDT,66,ari,0.6027119227130694
Beam-Search MDT,67,chs,5.760423928966077
Beam-Search MDT,67,ami,0.7581568375146535
Beam-Search MDT,67,ari,0.5642015149557179
Beam-Search MDT,68,chs,5.9230670243005505
Beam-Search MDT,68,ami,0.7664698409101535
Beam-Search MDT,68,ari,0.5703833798299839
Beam-Search MDT,69,chs,5.932973316938899
Beam-Search MDT,69,ami,0.726033438137823
Beam-Search MDT,69,ari,0.5099945845117034
Beam-Search MDT,70,chs,5.959445297251769
Beam-Search MDT,70,ami,0.7680291431919126
Beam-Search MDT,70,ari,0.5628932584269662
Beam-Search MDT,71,chs,5.839957784927777
Beam-Search MDT,71,ami,0.7530257059024893
Beam-Search MDT,71,ari,0.5433780612551898
Beam-Search MDT,72,chs,5.845520360782707
Beam-Search MDT,72,ami,0.7450291694874397
Beam-Search MDT,72,ari,0.5681937735678413
Beam-Search MDT,73,chs,5.977813533195199
Beam-Search MDT,73,ami,0.7463979198243295
Beam-Search MDT,73,ari,0.5520307053616887
Beam-Search MDT,74,chs,5.9057214570028105
Beam-Search MDT,74,ami,0.7842133275672933
Beam-Search MDT,74,ari,0.6046204740770443
Beam-Search MDT,75,chs,5.76999726735893
Beam-Search MDT,75,ami,0.7302311040113503
Beam-Search MDT,75,ari,0.5306722823593023
Beam-Search MDT,76,chs,5.878372451969435
Beam-Search MDT,76,ami,0.7577772593615508
Beam-Search MDT,76,ari,0.5838640638653969
Beam-Search MDT,77,chs,5.837343428652567
Beam-Search MDT,77,ami,0.7422761023811745
Beam-Search MDT,77,ari,0.5620346738132985
Beam-Search MDT,78,chs,5.862270721180055
Beam-Search MDT,78,ami,0.7434417881623671
Beam-Search MDT,78,ari,0.5656440075328738
Beam-Search MDT,79,chs,5.865722887132221
Beam-Search MDT,79,ami,0.7594822389595486
Beam-Search MDT,79,ari,0.5641868592480891
Beam-Search MDT,80,chs,5.8151026285616885
Beam-Search MDT,80,ami,0.7410437506171238
Beam-Search MDT,80,ari,0.5576022900707615
Beam-Search MDT,81,chs,5.826564021009535
Beam-Search MDT,81,ami,0.7320901763959154
Beam-Search MDT,81,ari,0.5001482232967497
Beam-Search MDT,82,chs,5.850819797915145
Beam-Search MDT,82,ami,0.7599528750109508
Beam-Search MDT,82,ari,0.577771550563952
Beam-Search MDT,83,chs,5.927789415844744
Beam-Search MDT,83,ami,0.7637746106562676
Beam-Search MDT,83,ari,0.5286351544915081
Beam-Search MDT,84,chs,5.889453735346061
Beam-Search MDT,84,ami,0.7264621457387059
Beam-Search MDT,84,ari,0.5263631835416449
Beam-Search MDT,85,chs,5.963847682886074
Beam-Search MDT,85,ami,0.7719855926727736
Beam-Search MDT,85,ari,0.6074762634983879
Beam-Search MDT,86,chs,5.760434930635871
Beam-Search MDT,86,ami,0.7506355456983902
Beam-Search MDT,86,ari,0.559558645103273
Beam-Search MDT,87,chs,5.857909790741724
Beam-Search MDT,87,ami,0.7367637584128617
Beam-Search MDT,87,ari,0.5647185934947467
Beam-Search MDT,88,chs,5.865722076998223
Beam-Search MDT,88,ami,0.7538770668227652
Beam-Search MDT,88,ari,0.5426951191529813
Beam-Search MDT,89,chs,5.935290805303808
Beam-Search MDT,89,ami,0.7266522146792206
Beam-Search MDT,89,ari,0.5107273750531908
Beam-Search MDT,90,chs,5.891931572077216
Beam-Search MDT,90,ami,0.7519435415297178
Beam-Search MDT,90,ari,0.5640732513801562
Beam-Search MDT,91,chs,5.851671834202266
Beam-Search MDT,91,ami,0.7395709374865371
Beam-Search MDT,91,ari,0.5299356100004522
Beam-Search MDT,92,chs,5.914841090059676
Beam-Search MDT,92,ami,0.7671112785773421
Beam-Search MDT,92,ari,0.5610683238025981
Beam-Search MDT,93,chs,5.979094683217397
Beam-Search MDT,93,ami,0.7550680100305445
Beam-Search MDT,93,ari,0.5626482252824999
Beam-Search MDT,94,chs,5.957348737274771
Beam-Search MDT,94,ami,0.7576410771801732
Beam-Search MDT,94,ari,0.5784838504735685
Beam-Search MDT,95,chs,5.965803582935536
Beam-Search MDT,95,ami,0.7447275420640074
Beam-Search MDT,95,ari,0.5266016385450156
Beam-Search MDT,96,chs,5.804053927176245
Beam-Search MDT,96,ami,0.7370176469695312
Beam-Search MDT,96,ari,0.513870458135861
Beam-Search MDT,97,chs,5.940912161191825
Beam-Search MDT,97,ami,0.7617354208040054
Beam-Search MDT,97,ari,0.583022803397139
Beam-Search MDT,98,chs,6.005963222239313
Beam-Search MDT,98,ami,0.7696512649393024
Beam-Search MDT,98,ari,0.5787179026755253
Beam-Search MDT,99,chs,5.792680369646228
Beam-Search MDT,99,ami,0.7674954656512551
Beam-Search MDT,99,ari,0.6034623826283458
Powered Alternating Diffusion,0,chs,5.912731344355796
Powered Alternating Diffusion,0,ami,0.7395173460987394
Powered Alternating Diffusion,0,ari,0.5347930918957015
Powered Alternating Diffusion,1,chs,5.967220882584044
Powered Alternating Diffusion,1,ami,0.7579350502617083
Powered Alternating Diffusion,1,ari,0.5596720794576698
Powered Alternating Diffusion,2,chs,5.983469614101745
Powered Alternating Diffusion,2,ami,0.7498366259590336
Powered Alternating Diffusion,2,ari,0.4374633370795757
Powered Alternating Diffusion,3,chs,5.892427211906856
Powered Alternating Diffusion,3,ami,0.7392998649705936
Powered Alternating Diffusion,3,ari,0.5269149768337446
Powered Alternating Diffusion,4,chs,5.941833914402544
Powered Alternating Diffusion,4,ami,0.7519583693664315
Powered Alternating Diffusion,4,ari,0.5279381638405886
Powered Alternating Diffusion,5,chs,5.882919970291844
Powered Alternating Diffusion,5,ami,0.7567079780621281
Powered Alternating Diffusion,5,ari,0.5562203637631307
Powered Alternating Diffusion,6,chs,5.984477322027427
Powered Alternating Diffusion,6,ami,0.7422145227312585
Powered Alternating Diffusion,6,ari,0.5572667081245198
Powered Alternating Diffusion,7,chs,5.90840293145893
Powered Alternating Diffusion,7,ami,0.7526143666693486
Powered Alternating Diffusion,7,ari,0.5412091060058525
Powered Alternating Diffusion,8,chs,6.018707692513749
Powered Alternating Diffusion,8,ami,0.7527860968010668
Powered Alternating Diffusion,8,ari,0.558131730519578
Powered Alternating Diffusion,9,chs,5.916652936386987
Powered Alternating Diffusion,9,ami,0.7549103434577814
Powered Alternating Diffusion,9,ari,0.5575689981828001
Powered Alternating Diffusion,10,chs,5.969776472825185
Powered Alternating Diffusion,10,ami,0.7567052834176975
Powered Alternating Diffusion,10,ari,0.5836804121025343
Powered Alternating Diffusion,11,chs,5.909077104642714
Powered Alternating Diffusion,11,ami,0.7408004353628949
Powered Alternating Diffusion,11,ari,0.5291678719506315
Powered Alternating Diffusion,12,chs,5.90001713982624
Powered Alternating Diffusion,12,ami,0.7453364244096101
Powered Alternating Diffusion,12,ari,0.5336172286676679
Powered Alternating Diffusion,13,chs,6.007597935300717
Powered Alternating Diffusion,13,ami,0.7520651075476743
Powered Alternating Diffusion,13,ari,0.5348884212528683
Powered Alternating Diffusion,14,chs,5.896390720343426
Powered Alternating Diffusion,14,ami,0.7430398834446857
Powered Alternating Diffusion,14,ari,0.5472374596668934
Powered Alternating Diffusion,15,chs,5.95290164449656
Powered Alternating Diffusion,15,ami,0.757351982192177
Powered Alternating Diffusion,15,ari,0.5785040984741235
Powered Alternating Diffusion,16,chs,6.022287247114734
Powered Alternating Diffusion,16,ami,0.7639341012042968
Powered Alternating Diffusion,16,ari,0.557064262525502
Powered Alternating Diffusion,17,chs,5.967051366274914
Powered Alternating Diffusion,17,ami,0.7582151545506459
Powered Alternating Diffusion,17,ari,0.5730879196163507
Powered Alternating Diffusion,18,chs,6.0422895590469645
Powered Alternating Diffusion,18,ami,0.7521304516497688
Powered Alternating Diffusion,18,ari,0.5152658402905183
Powered Alternating Diffusion,19,chs,5.84117464296659
Powered Alternating Diffusion,19,ami,0.752710201335415
Powered Alternating Diffusion,19,ari,0.5459036770143336
Powered Alternating Diffusion,20,chs,5.917703562571143
Powered Alternating Diffusion,20,ami,0.7409670994435429
Powered Alternating Diffusion,20,ari,0.5011828764246811
Powered Alternating Diffusion,21,chs,5.86502547744751
Powered Alternating Diffusion,21,ami,0.7488215603595302
Powered Alternating Diffusion,21,ari,0.5030788866745785
Powered Alternating Diffusion,22,chs,5.840081175657138
Powered Alternating Diffusion,22,ami,0.7550362744493461
Powered Alternating Diffusion,22,ari,0.528987205246198
Powered Alternating Diffusion,23,chs,5.899434381735615
Powered Alternating Diffusion,23,ami,0.7434592302102775
Powered Alternating Diffusion,23,ari,0.4553055447729622
Powered Alternating Diffusion,24,chs,5.985010505499726
Powered Alternating Diffusion,24,ami,0.7637361722893887
Powered Alternating Diffusion,24,ari,0.5755306254499722
Powered Alternating Diffusion,25,chs,6.052952599416253
Powered Alternating Diffusion,25,ami,0.7541662243849646
Powered Alternating Diffusion,25,ari,0.5004166614057903
Powered Alternating Diffusion,26,chs,6.008915512544421
Powered Alternating Diffusion,26,ami,0.7615072705381558
Powered Alternating Diffusion,26,ari,0.561633565325638
Powered Alternating Diffusion,27,chs,5.941893961220305
Powered Alternating Diffusion,27,ami,0.7535022823252161
Powered Alternating Diffusion,27,ari,0.5232800475031727
Powered Alternating Diffusion,28,chs,5.981320470869228
Powered Alternating Diffusion,28,ami,0.7750795174223756
Powered Alternating Diffusion,28,ari,0.592336978474597
Powered Alternating Diffusion,29,chs,6.014996058211633
Powered Alternating Diffusion,29,ami,0.7737087670507987
Powered Alternating Diffusion,29,ari,0.587009434660152
Powered Alternating Diffusion,30,chs,5.804714503386014
Powered Alternating Diffusion,30,ami,0.7564357533562658
Powered Alternating Diffusion,30,ari,0.5381355078353272
Powered Alternating Diffusion,31,chs,5.959418336741416
Powered Alternating Diffusion,31,ami,0.7506191484774575
Powered Alternating Diffusion,31,ari,0.5294931764232068
Powered Alternating Diffusion,32,chs,6.0018892569153826
Powered Alternating Diffusion,32,ami,0.7649904215815622
Powered Alternating Diffusion,32,ari,0.5827595915128868
Powered Alternating Diffusion,33,chs,5.821962337112941
Powered Alternating Diffusion,33,ami,0.7437930804870494
Powered Alternating Diffusion,33,ari,0.4865959410895333
Powered Alternating Diffusion,34,chs,5.927278650376413
Powered Alternating Diffusion,34,ami,0.7673486979329905
Powered Alternating Diffusion,34,ari,0.5714371006175886
Powered Alternating Diffusion,35,chs,5.879800365713512
Powered Alternating Diffusion,35,ami,0.7502423983372802
Powered Alternating Diffusion,35,ari,0.5377705067123445
Powered Alternating Diffusion,36,chs,5.967951774334528
Powered Alternating Diffusion,36,ami,0.7740793312890283
Powered Alternating Diffusion,36,ari,0.6137355456539517
Powered Alternating Diffusion,37,chs,5.790817963240551
Powered Alternating Diffusion,37,ami,0.7799066416690884
Powered Alternating Diffusion,37,ari,0.607043740269624
Powered Alternating Diffusion,38,chs,5.993184048968036
Powered Alternating Diffusion,38,ami,0.7596410805929362
Powered Alternating Diffusion,38,ari,0.5589209646031191
Powered Alternating Diffusion,39,chs,5.962939108617018
Powered Alternating Diffusion,39,ami,0.7710755399611829
Powered Alternating Diffusion,39,ari,0.6137896034220257
Powered Alternating Diffusion,40,chs,5.886300719359754
Powered Alternating Diffusion,40,ami,0.7710648772562713
Powered Alternating Diffusion,40,ari,0.5868248024795313
Powered Alternating Diffusion,41,chs,5.965179481470576
Powered Alternating Diffusion,41,ami,0.7727920385203341
Powered Alternating Diffusion,41,ari,0.5906242925682238
Powered Alternating Diffusion,42,chs,5.876033342508839
Powered Alternating Diffusion,42,ami,0.7725564983081309
Powered Alternating Diffusion,42,ari,0.5789008577733171
Powered Alternating Diffusion,43,chs,5.798408837774341
Powered Alternating Diffusion,43,ami,0.7338444934488214
Powered Alternating Diffusion,43,ari,0.5192094867019068
Powered Alternating Diffusion,44,chs,5.8279479906632545
Powered Alternating Diffusion,44,ami,0.7622839750841285
Powered Alternating Diffusion,44,ari,0.5690770281174353
Powered Alternating Diffusion,45,chs,5.952270091193662
Powered Alternating Diffusion,45,ami,0.7463313642694909
Powered Alternating Diffusion,45,ari,0.4828413460500714
Powered Alternating Diffusion,46,chs,5.93355470385314
Powered Alternating Diffusion,46,ami,0.764648782987406
Powered Alternating Diffusion,46,ari,0.5760338487885962
Powered Alternating Diffusion,47,chs,5.9836320150084426
Powered Alternating Diffusion,47,ami,0.7632633658812035
Powered Alternating Diffusion,47,ari,0.5852488254902906
Powered Alternating Diffusion,48,chs,5.992124970340697
Powered Alternating Diffusion,48,ami,0.7632970973159732
Powered Alternating Diffusion,48,ari,0.5786959515784132
Powered Alternating Diffusion,49,chs,5.992494661605517
Powered Alternating Diffusion,49,ami,0.7524188535364598
Powered Alternating Diffusion,49,ari,0.5594310210444271
Powered Alternating Diffusion,50,chs,6.044755694641998
Powered Alternating Diffusion,50,ami,0.7536923618708675
Powered Alternating Diffusion,50,ari,0.5219912937083309
Powered Alternating Diffusion,51,chs,5.953940581755061
Powered Alternating Diffusion,51,ami,0.7426830377377058
Powered Alternating Diffusion,51,ari,0.5349798162804742
Powered Alternating Diffusion,52,chs,5.949955334704551
Powered Alternating Diffusion,52,ami,0.7592061615192846
Powered Alternating Diffusion,52,ari,0.5138603903938433
Powered Alternating Diffusion,53,chs,6.003734325789949
Powered Alternating Diffusion,53,ami,0.7610141662688552
Powered Alternating Diffusion,53,ari,0.5595058261171748
Powered Alternating Diffusion,54,chs,5.926359585058583
Powered Alternating Diffusion,54,ami,0.756757773626816
Powered Alternating Diffusion,54,ari,0.5379246872155733
Powered Alternating Diffusion,55,chs,5.833843195783585
Powered Alternating Diffusion,55,ami,0.752635763139633
Powered Alternating Diffusion,55,ari,0.514700965131265
Powered Alternating Diffusion,56,chs,6.0284966948774965
Powered Alternating Diffusion,56,ami,0.7537729338129683
Powered Alternating Diffusion,56,ari,0.5093719706186607
Powered Alternating Diffusion,57,chs,5.996194859737253
Powered Alternating Diffusion,57,ami,0.7443524012121531
Powered Alternating Diffusion,57,ari,0.5498665432933556
Powered Alternating Diffusion,58,chs,5.962213857224
Powered Alternating Diffusion,58,ami,0.7626691767818574
Powered Alternating Diffusion,58,ari,0.5720642217510086
Powered Alternating Diffusion,59,chs,5.9275742824134445
Powered Alternating Diffusion,59,ami,0.7440670561175808
Powered Alternating Diffusion,59,ari,0.5014611624649402
Powered Alternating Diffusion,60,chs,5.933175637886191
Powered Alternating Diffusion,60,ami,0.7504888273188703
Powered Alternating Diffusion,60,ari,0.5536795559220028
Powered Alternating Diffusion,61,chs,5.968972482902829
Powered Alternating Diffusion,61,ami,0.7390652655040573
Powered Alternating Diffusion,61,ari,0.5196230664375037
Powered Alternating Diffusion,62,chs,5.9399501334751825
Powered Alternating Diffusion,62,ami,0.7494420643810271
Powered Alternating Diffusion,62,ari,0.5462215224716934
Powered Alternating Diffusion,63,chs,5.998264410457917
Powered Alternating Diffusion,63,ami,0.7482205563542341
Powered Alternating Diffusion,63,ari,0.5656921271493444
Powered Alternating Diffusion,64,chs,5.806492056193155
Powered Alternating Diffusion,64,ami,0.7507874063866729
Powered Alternating Diffusion,64,ari,0.5315945169232534
Powered Alternating Diffusion,65,chs,6.031285670645389
Powered Alternating Diffusion,65,ami,0.7484572419229304
Powered Alternating Diffusion,65,ari,0.5284287168749502
Powered Alternating Diffusion,66,chs,5.879717784865409
Powered Alternating Diffusion,66,ami,0.7506768073264671
Powered Alternating Diffusion,66,ari,0.5231633517836807
Powered Alternating Diffusion,67,chs,5.9342577475352885
Powered Alternating Diffusion,67,ami,0.7647024534524708
Powered Alternating Diffusion,67,ari,0.5663940118427261
Powered Alternating Diffusion,68,chs,5.831732693108462
Powered Alternating Diffusion,68,ami,0.7453912150833633
Powered Alternating Diffusion,68,ari,0.5481963272592305
Powered Alternating Diffusion,69,chs,5.916172600543885
Powered Alternating Diffusion,69,ami,0.7611629078608714
Powered Alternating Diffusion,69,ari,0.5712486777816954
Powered Alternating Diffusion,70,chs,6.046639217770242
Powered Alternating Diffusion,70,ami,0.7632229051617411
Powered Alternating Diffusion,70,ari,0.5273712373047691
Powered Alternating Diffusion,71,chs,6.0119622252654406
Powered Alternating Diffusion,71,ami,0.7419153473064063
Powered Alternating Diffusion,71,ari,0.5356360578703143
Powered Alternating Diffusion,72,chs,6.021146795360048
Powered Alternating Diffusion,72,ami,0.7612070350482231
Powered Alternating Diffusion,72,ari,0.560466264592812
Powered Alternating Diffusion,73,chs,6.015029577308832
Powered Alternating Diffusion,73,ami,0.7544021463416033
Powered Alternating Diffusion,73,ari,0.5272365213183705
Powered Alternating Diffusion,74,chs,5.838828797327029
Powered Alternating Diffusion,74,ami,0.7608680442707276
Powered Alternating Diffusion,74,ari,0.5731838199918582
Powered Alternating Diffusion,75,chs,5.9853092784906075
Powered Alternating Diffusion,75,ami,0.7510546424715495
Powered Alternating Diffusion,75,ari,0.5270695523730011
Powered Alternating Diffusion,76,chs,5.895753129305578
Powered Alternating Diffusion,76,ami,0.7594311437667679
Powered Alternating Diffusion,76,ari,0.5291980525751431
Powered Alternating Diffusion,77,chs,5.9590071954352455
Powered Alternating Diffusion,77,ami,0.757694245267681
Powered Alternating Diffusion,77,ari,0.5544380745280222
Powered Alternating Diffusion,78,chs,5.992671346970431
Powered Alternating Diffusion,78,ami,0.7584135364654075
Powered Alternating Diffusion,78,ari,0.5743575803704106
Powered Alternating Diffusion,79,chs,5.986426094185614
Powered Alternating Diffusion,79,ami,0.7648558286151396
Powered Alternating Diffusion,79,ari,0.5872232391710283
Powered Alternating Diffusion,80,chs,5.9821819967607155
Powered Alternating Diffusion,80,ami,0.758556692179875
Powered Alternating Diffusion,80,ari,0.5726913490848781
Powered Alternating Diffusion,81,chs,5.91872268536563
Powered Alternating Diffusion,81,ami,0.7528184061085749
Powered Alternating Diffusion,81,ari,0.5289313427297245
Powered Alternating Diffusion,82,chs,6.002370399507427
Powered Alternating Diffusion,82,ami,0.7643219176182449
Powered Alternating Diffusion,82,ari,0.5747490621514753
Powered Alternating Diffusion,83,chs,5.887415307883014
Powered Alternating Diffusion,83,ami,0.7462600149188796
Powered Alternating Diffusion,83,ari,0.5373687461395923
Powered Alternating Diffusion,84,chs,5.971917197259749
Powered Alternating Diffusion,84,ami,0.754062178495717
Powered Alternating Diffusion,84,ari,0.5637126509853783
Powered Alternating Diffusion,85,chs,5.893747626060653
Powered Alternating Diffusion,85,ami,0.7542111895878372
Powered Alternating Diffusion,85,ari,0.5511518937914877
Powered Alternating Diffusion,86,chs,5.951171910199113
Powered Alternating Diffusion,86,ami,0.7501692903809933
Powered Alternating Diffusion,86,ari,0.5155332924396585
Powered Alternating Diffusion,87,chs,5.937143970835311
Powered Alternating Diffusion,87,ami,0.7653085770873752
Powered Alternating Diffusion,87,ari,0.5645414219504155
Powered Alternating Diffusion,88,chs,5.953010982468248
Powered Alternating Diffusion,88,ami,0.747221819813815
Powered Alternating Diffusion,88,ari,0.5063528843123519
Powered Alternating Diffusion,89,chs,5.902016169115164
Powered Alternating Diffusion,89,ami,0.7553577727237852
Powered Alternating Diffusion,89,ari,0.5578184756834542
Powered Alternating Diffusion,90,chs,5.995257757566098
Powered Alternating Diffusion,90,ami,0.7789311567275659
Powered Alternating Diffusion,90,ari,0.6087831947582044
Powered Alternating Diffusion,91,chs,6.012027775885277
Powered Alternating Diffusion,91,ami,0.7419626912384665
Powered Alternating Diffusion,91,ari,0.5492492492492492
Powered Alternating Diffusion,92,chs,5.984385078296565
Powered Alternating Diffusion,92,ami,0.7589336597889492
Powered Alternating Diffusion,92,ari,0.5855156281656936
Powered Alternating Diffusion,93,chs,5.970399228543332
Powered Alternating Diffusion,93,ami,0.7672828110383068
Powered Alternating Diffusion,93,ari,0.5873431618284564
Powered Alternating Diffusion,94,chs,6.014153896379826
Powered Alternating Diffusion,94,ami,0.7445358035545359
Powered Alternating Diffusion,94,ari,0.5281863038840703
Powered Alternating Diffusion,95,chs,6.011842455949631
Powered Alternating Diffusion,95,ami,0.7449962350757504
Powered Alternating Diffusion,95,ari,0.5055325385233151
Powered Alternating Diffusion,96,chs,5.925819010051552
Powered Alternating Diffusion,96,ami,0.7442812442571414
Powered Alternating Diffusion,96,ari,0.5443878058527579
Powered Alternating Diffusion,97,chs,6.011983254939171
Powered Alternating Diffusion,97,ami,0.7621642270495624
Powered Alternating Diffusion,97,ari,0.5144730753889111
Powered Alternating Diffusion,98,chs,6.021833793562704
Powered Alternating Diffusion,98,ami,0.7576807488813969
Powered Alternating Diffusion,98,ari,0.5572646611144798
Powered Alternating Diffusion,99,chs,5.93955998503821
Powered Alternating Diffusion,99,ami,0.7485078373650884
Powered Alternating Diffusion,99,ari,0.560500870325985
Direct MDT (DBS),0,chs,5.951294345156899
Direct MDT (DBS),0,ami,0.7687819779970947
Direct MDT (DBS),0,ari,0.5625207892249777
Direct MDT (DBS),1,chs,6.02725294407843
Direct MDT (DBS),1,ami,0.7797880653097307
Direct MDT (DBS),1,ari,0.5842314580418211
Direct MDT (DBS),2,chs,6.044888847196718
Direct MDT (DBS),2,ami,0.7709775207921988
Direct MDT (DBS),2,ari,0.5310337322823904
Direct MDT (DBS),3,chs,6.001579468965581
Direct MDT (DBS),3,ami,0.7610821623531581
Direct MDT (DBS),3,ari,0.5731094161507678
Direct MDT (DBS),4,chs,5.990354141670801
Direct MDT (DBS),4,ami,0.7705065531049033
Direct MDT (DBS),4,ari,0.5872375736453407
Direct MDT (DBS),5,chs,5.932425710637826
Direct MDT (DBS),5,ami,0.7815106677964796
Direct MDT (DBS),5,ari,0.6301313288238303
Direct MDT (DBS),6,chs,5.921225931503899
Direct MDT (DBS),6,ami,0.7470908896658399
Direct MDT (DBS),6,ari,0.5116205205656151
Direct MDT (DBS),7,chs,5.895312451683164
Direct MDT (DBS),7,ami,0.7739506317364357
Direct MDT (DBS),7,ari,0.6056096699633583
Direct MDT (DBS),8,chs,5.987924470993916
Direct MDT (DBS),8,ami,0.7790359356774166
Direct MDT (DBS),8,ari,0.5795653005737836
Direct MDT (DBS),9,chs,5.918400942912927
Direct MDT (DBS),9,ami,0.7573580245682356
Direct MDT (DBS),9,ari,0.5627293984269822
Direct MDT (DBS),10,chs,5.966145643497928
Direct MDT (DBS),10,ami,0.7763798335388309
Direct MDT (DBS),10,ari,0.5600063046409353
Direct MDT (DBS),11,chs,5.980137763572248
Direct MDT (DBS),11,ami,0.7896143127233578
Direct MDT (DBS),11,ari,0.6189839096891776
Direct MDT (DBS),12,chs,5.993852521464708
Direct MDT (DBS),12,ami,0.7731156296061954
Direct MDT (DBS),12,ari,0.605071606884772
Direct MDT (DBS),13,chs,5.99457633980911
Direct MDT (DBS),13,ami,0.7759091629066982
Direct MDT (DBS),13,ari,0.5936177117250482
Direct MDT (DBS),14,chs,6.00717344761825
Direct MDT (DBS),14,ami,0.7916543241317933
Direct MDT (DBS),14,ari,0.6292197691494972
Direct MDT (DBS),15,chs,6.043839569546727
Direct MDT (DBS),15,ami,0.7639186296618896
Direct MDT (DBS),15,ari,0.5052280853404582
Direct MDT (DBS),16,chs,6.0075600453989875
Direct MDT (DBS),16,ami,0.7763992167153688
Direct MDT (DBS),16,ari,0.5422621220669742
Direct MDT (DBS),17,chs,5.942815308327571
Direct MDT (DBS),17,ami,0.7610249206902926
Direct MDT (DBS),17,ari,0.5825864371568482
Direct MDT (DBS),18,chs,5.995789738736132
Direct MDT (DBS),18,ami,0.7574380254527245
Direct MDT (DBS),18,ari,0.5615897466797575
Direct MDT (DBS),19,chs,5.982852819240366
Direct MDT (DBS),19,ami,0.7616224364581515
Direct MDT (DBS),19,ari,0.5673742142577717
Direct MDT (DBS),20,chs,5.974488504363595
Direct MDT (DBS),20,ami,0.7826545224784354
Direct MDT (DBS),20,ari,0.5717849348955171
Direct MDT (DBS),21,chs,6.0386216212775015
Direct MDT (DBS),21,ami,0.7631220425106129
Direct MDT (DBS),21,ari,0.5198741585196712
Direct MDT (DBS),22,chs,5.889224421962438
Direct MDT (DBS),22,ami,0.7586770795277751
Direct MDT (DBS),22,ari,0.5568763466288297
Direct MDT (DBS),23,chs,5.961584108889058
Direct MDT (DBS),23,ami,0.756962078336509
Direct MDT (DBS),23,ari,0.5018429571420278
Direct MDT (DBS),24,chs,6.041678225142413
Direct MDT (DBS),24,ami,0.7687885452722776
Direct MDT (DBS),24,ari,0.5574513274336284
Direct MDT (DBS),25,chs,6.01125277289408
Direct MDT (DBS),25,ami,0.7760072746500186
Direct MDT (DBS),25,ari,0.5826791125415066
Direct MDT (DBS),26,chs,6.0359130211874445
Direct MDT (DBS),26,ami,0.7727227469858237
Direct MDT (DBS),26,ari,0.5620359778293527
Direct MDT (DBS),27,chs,6.015483013829767
Direct MDT (DBS),27,ami,0.7536154814496663
Direct MDT (DBS),27,ari,0.5447407876382333
Direct MDT (DBS),28,chs,5.984793064799049
Direct MDT (DBS),28,ami,0.7698045768569611
Direct MDT (DBS),28,ari,0.5262505807650611
Direct MDT (DBS),29,chs,5.998105919356593
Direct MDT (DBS),29,ami,0.7701163484104149
Direct MDT (DBS),29,ari,0.5996378768855922
Direct MDT (DBS),30,chs,5.957707355744086
Direct MDT (DBS),30,ami,0.7821680390665651
Direct MDT (DBS),30,ari,0.5934805995318883
Direct MDT (DBS),31,chs,6.059487178093999
Direct MDT (DBS),31,ami,0.7566161163117084
Direct MDT (DBS),31,ari,0.5143536595059233
Direct MDT (DBS),32,chs,5.9428308029643055
Direct MDT (DBS),32,ami,0.7780328105586815
Direct MDT (DBS),32,ari,0.560975485319252
Direct MDT (DBS),33,chs,5.903201140646662
Direct MDT (DBS),33,ami,0.7644486546502095
Direct MDT (DBS),33,ari,0.5818402582947761
Direct MDT (DBS),34,chs,6.004053521565238
Direct MDT (DBS),34,ami,0.7703023672270755
Direct MDT (DBS),34,ari,0.5981948369865503
Direct MDT (DBS),35,chs,5.973208157510962
Direct MDT (DBS),35,ami,0.7873871848645221
Direct MDT (DBS),35,ari,0.6287542506825039
Direct MDT (DBS),36,chs,6.01422311300259
Direct MDT (DBS),36,ami,0.7577583042412981
Direct MDT (DBS),36,ari,0.5024739058087939
Direct MDT (DBS),37,chs,6.027666740709716
Direct MDT (DBS),37,ami,0.777880636053446
Direct MDT (DBS),37,ari,0.5796377842553139
Direct MDT (DBS),38,chs,5.997934809942213
Direct MDT (DBS),38,ami,0.7773650353783388
Direct MDT (DBS),38,ari,0.5963298009821659
Direct MDT (DBS),39,chs,5.939654515798308
Direct MDT (DBS),39,ami,0.7630567334231576
Direct MDT (DBS),39,ari,0.4959793711579933
Direct MDT (DBS),40,chs,5.9094854487436415
Direct MDT (DBS),40,ami,0.76583789156283
Direct MDT (DBS),40,ari,0.559169771641484
Direct MDT (DBS),41,chs,5.959008595081473
Direct MDT (DBS),41,ami,0.7631277163991163
Direct MDT (DBS),41,ari,0.580419992776537
Direct MDT (DBS),42,chs,5.983769187860628
Direct MDT (DBS),42,ami,0.7679165276794109
Direct MDT (DBS),42,ari,0.570255415685629
Direct MDT (DBS),43,chs,5.922833611349602
Direct MDT (DBS),43,ami,0.7693885074316058
Direct MDT (DBS),43,ari,0.5711886373723923
Direct MDT (DBS),44,chs,6.017237016960197
Direct MDT (DBS),44,ami,0.7671651329848812
Direct MDT (DBS),44,ari,0.559010291219619
Direct MDT (DBS),45,chs,5.930272395018165
Direct MDT (DBS),45,ami,0.778468531836013
Direct MDT (DBS),45,ari,0.5419028413333904
Direct MDT (DBS),46,chs,6.0063303457949395
Direct MDT (DBS),46,ami,0.7712384628963599
Direct MDT (DBS),46,ari,0.5880603626698426
Direct MDT (DBS),47,chs,5.971782020532952
Direct MDT (DBS),47,ami,0.7697501062728482
Direct MDT (DBS),47,ari,0.5560980287729621
Direct MDT (DBS),48,chs,6.04172668531149
Direct MDT (DBS),48,ami,0.7770476534479777
Direct MDT (DBS),48,ari,0.5670906084587307
Direct MDT (DBS),49,chs,6.03932465067275
Direct MDT (DBS),49,ami,0.7812495740287004
Direct MDT (DBS),49,ari,0.5763967403403045
Direct MDT (DBS),50,chs,5.939930777465657
Direct MDT (DBS),50,ami,0.7620676316904754
Direct MDT (DBS),50,ari,0.5724548488012089
Direct MDT (DBS),51,chs,5.979979281933288
Direct MDT (DBS),51,ami,0.7697519660144484
Direct MDT (DBS),51,ari,0.5975790509239888
Direct MDT (DBS),52,chs,6.0311827058789795
Direct MDT (DBS),52,ami,0.7846975718211715
Direct MDT (DBS),52,ari,0.5881049906842457
Direct MDT (DBS),53,chs,6.040070406762769
Direct MDT (DBS),53,ami,0.7881123122916578
Direct MDT (DBS),53,ari,0.5845968101766389
Direct MDT (DBS),54,chs,5.8059069591342745
Direct MDT (DBS),54,ami,0.7596599546936972
Direct MDT (DBS),54,ari,0.5622331562821746
Direct MDT (DBS),55,chs,6.000596335146005
Direct MDT (DBS),55,ami,0.7786591747725808
Direct MDT (DBS),55,ari,0.6203744605661082
Direct MDT (DBS),56,chs,6.012476940788449
Direct MDT (DBS),56,ami,0.7671012331483777
Direct MDT (DBS),56,ari,0.5729699369833953
Direct MDT (DBS),57,chs,5.993088903535508
Direct MDT (DBS),57,ami,0.7893906275534401
Direct MDT (DBS),57,ari,0.6299041147999003
Direct MDT (DBS),58,chs,5.934353406179898
Direct MDT (DBS),58,ami,0.7731122917781972
Direct MDT (DBS),58,ari,0.563017600588421
Direct MDT (DBS),59,chs,5.948654133406938
Direct MDT (DBS),59,ami,0.7664940214759575
Direct MDT (DBS),59,ari,0.518602532873275
Direct MDT (DBS),60,chs,5.932266578679556
Direct MDT (DBS),60,ami,0.7933225390198926
Direct MDT (DBS),60,ari,0.5927932715435125
Direct MDT (DBS),61,chs,6.046121244804151
Direct MDT (DBS),61,ami,0.7815657703676299
Direct MDT (DBS),61,ari,0.5887137137137137
Direct MDT (DBS),62,chs,5.933776400058186
Direct MDT (DBS),62,ami,0.7693745346405515
Direct MDT (DBS),62,ari,0.5661422086675323
Direct MDT (DBS),63,chs,5.919772777210889
Direct MDT (DBS),63,ami,0.7540359615125243
Direct MDT (DBS),63,ari,0.5566760990900903
Direct MDT (DBS),64,chs,6.042204493125711
Direct MDT (DBS),64,ami,0.7763163289521622
Direct MDT (DBS),64,ari,0.5348265305624228
Direct MDT (DBS),65,chs,5.951558069677157
Direct MDT (DBS),65,ami,0.7526659675383314
Direct MDT (DBS),65,ari,0.5374958071781111
Direct MDT (DBS),66,chs,6.040518329657566
Direct MDT (DBS),66,ami,0.7749083625853499
Direct MDT (DBS),66,ari,0.5241566970721419
Direct MDT (DBS),67,chs,6.009497033338199
Direct MDT (DBS),67,ami,0.7668711548094874
Direct MDT (DBS),67,ari,0.5771840802103075
Direct MDT (DBS),68,chs,5.937805044127943
Direct MDT (DBS),68,ami,0.7667600969153194
Direct MDT (DBS),68,ari,0.5949935994024871
Direct MDT (DBS),69,chs,5.854856354289877
Direct MDT (DBS),69,ami,0.7685234936664448
Direct MDT (DBS),69,ari,0.5591311980448513
Direct MDT (DBS),70,chs,5.95436966440243
Direct MDT (DBS),70,ami,0.7761728700386801
Direct MDT (DBS),70,ari,0.5662244715916078
Direct MDT (DBS),71,chs,6.012244490414911
Direct MDT (DBS),71,ami,0.7714224215028292
Direct MDT (DBS),71,ari,0.5210104298547055
Direct MDT (DBS),72,chs,6.019160096869235
Direct MDT (DBS),72,ami,0.7804441903897439
Direct MDT (DBS),72,ari,0.5832745549085006
Direct MDT (DBS),73,chs,6.023589060397438
Direct MDT (DBS),73,ami,0.7780853291408549
Direct MDT (DBS),73,ari,0.5808228513018541
Direct MDT (DBS),74,chs,6.020492270572851
Direct MDT (DBS),74,ami,0.7841213532639671
Direct MDT (DBS),74,ari,0.6063986614480832
Direct MDT (DBS),75,chs,5.88361752128769
Direct MDT (DBS),75,ami,0.7565295639722928
Direct MDT (DBS),75,ari,0.49004153796996486
Direct MDT (DBS),76,chs,6.041611359804459
Direct MDT (DBS),76,ami,0.7736754948048064
Direct MDT (DBS),76,ari,0.5553054805140692
Direct MDT (DBS),77,chs,6.058827378937929
Direct MDT (DBS),77,ami,0.7529919194134543
Direct MDT (DBS),77,ari,0.520975783358432
Direct MDT (DBS),78,chs,5.846113490760746
Direct MDT (DBS),78,ami,0.7656870715922116
Direct MDT (DBS),78,ari,0.5737088298001298
Direct MDT (DBS),79,chs,6.0161975747716046
Direct MDT (DBS),79,ami,0.7687638453302744
Direct MDT (DBS),79,ari,0.5605926508670142
Direct MDT (DBS),80,chs,5.941340712892822
Direct MDT (DBS),80,ami,0.7523559179713014
Direct MDT (DBS),80,ari,0.5569114934687587
Direct MDT (DBS),81,chs,6.013653952970311
Direct MDT (DBS),81,ami,0.7783254919085646
Direct MDT (DBS),81,ari,0.5546782358170235
Direct MDT (DBS),82,chs,6.004523510320963
Direct MDT (DBS),82,ami,0.7757589817821711
Direct MDT (DBS),82,ari,0.5958217457611914
Direct MDT (DBS),83,chs,5.979929991313955
Direct MDT (DBS),83,ami,0.756971743577884
Direct MDT (DBS),83,ari,0.5091082271699012
Direct MDT (DBS),84,chs,5.9369085848935494
Direct MDT (DBS),84,ami,0.7781347791744446
Direct MDT (DBS),84,ari,0.5386350403890658
Direct MDT (DBS),85,chs,5.96810629954814
Direct MDT (DBS),85,ami,0.7801951804564627
Direct MDT (DBS),85,ari,0.6029000911583757
Direct MDT (DBS),86,chs,5.904648876355622
Direct MDT (DBS),86,ami,0.7784729498688704
Direct MDT (DBS),86,ari,0.568475994522471
Direct MDT (DBS),87,chs,5.966875584879203
Direct MDT (DBS),87,ami,0.7596453612353035
Direct MDT (DBS),87,ari,0.5066337215241598
Direct MDT (DBS),88,chs,6.007671312924787
Direct MDT (DBS),88,ami,0.7581082582336365
Direct MDT (DBS),88,ari,0.5524007498668364
Direct MDT (DBS),89,chs,6.039126210497011
Direct MDT (DBS),89,ami,0.7619011844797422
Direct MDT (DBS),89,ari,0.5364878140057071
Direct MDT (DBS),90,chs,5.897058174473597
Direct MDT (DBS),90,ami,0.7701107744254244
Direct MDT (DBS),90,ari,0.5822049560592917
Direct MDT (DBS),91,chs,6.025299503716867
Direct MDT (DBS),91,ami,0.7673146185755568
Direct MDT (DBS),91,ari,0.5816360347047542
Direct MDT (DBS),92,chs,5.961013588513216
Direct MDT (DBS),92,ami,0.76537887377478
Direct MDT (DBS),92,ari,0.5114731794463437
Direct MDT (DBS),93,chs,5.9445089194574265
Direct MDT (DBS),93,ami,0.7455655526929172
Direct MDT (DBS),93,ari,0.5366175928565965
Direct MDT (DBS),94,chs,6.0328156989688875
Direct MDT (DBS),94,ami,0.7756615648466416
Direct MDT (DBS),94,ari,0.5816299675410124
Direct MDT (DBS),95,chs,6.013178528919552
Direct MDT (DBS),95,ami,0.7687249105889327
Direct MDT (DBS),95,ari,0.5619850321551563
Direct MDT (DBS),96,chs,6.02397249608884
Direct MDT (DBS),96,ami,0.7617714512174011
Direct MDT (DBS),96,ari,0.5618881731659948
Direct MDT (DBS),97,chs,5.932573495526693
Direct MDT (DBS),97,ami,0.7481821573550146
Direct MDT (DBS),97,ari,0.5202287946428571
Direct MDT (DBS),98,chs,6.008755272171232
Direct MDT (DBS),98,ami,0.77151540318682
Direct MDT (DBS),98,ari,0.574583023836856
Direct MDT (DBS),99,chs,6.041344479337057
Direct MDT (DBS),99,ami,0.7764663511407985
Direct MDT (DBS),99,ari,0.5775681211594563
Direct MDT (SIL),0,chs,5.9427901871761275
Direct MDT (SIL),0,ami,0.7621096351574028
Direct MDT (SIL),0,ari,0.47706015570122384
Direct MDT (SIL),1,chs,6.030157173068739
Direct MDT (SIL),1,ami,0.7503878926389034
Direct MDT (SIL),1,ari,0.5473498710786043
Direct MDT (SIL),2,chs,6.056698436732565
Direct MDT (SIL),2,ami,0.7517760790182935
Direct MDT (SIL),2,ari,0.4770799031912692
Direct MDT (SIL),3,chs,5.938922715056539
Direct MDT (SIL),3,ami,0.7611844101480773
Direct MDT (SIL),3,ari,0.5209064204239646
Direct MDT (SIL),4,chs,6.001508052931722
Direct MDT (SIL),4,ami,0.7777389460006048
Direct MDT (SIL),4,ari,0.5663035959773871
Direct MDT (SIL),5,chs,6.055533164615936
Direct MDT (SIL),5,ami,0.7482217604539064
Direct MDT (SIL),5,ari,0.5148512560471908
Direct MDT (SIL),6,chs,6.037477347368448
Direct MDT (SIL),6,ami,0.7625164811892946
Direct MDT (SIL),6,ari,0.5392614895380504
Direct MDT (SIL),7,chs,6.0568340713386855
Direct MDT (SIL),7,ami,0.7501240528858826
Direct MDT (SIL),7,ari,0.5332776589489472
Direct MDT (SIL),8,chs,6.057221990571382
Direct MDT (SIL),8,ami,0.7650545899253575
Direct MDT (SIL),8,ari,0.5206073822740839
Direct MDT (SIL),9,chs,6.065185083244037
Direct MDT (SIL),9,ami,0.7503637200943044
Direct MDT (SIL),9,ari,0.515513842461644
Direct MDT (SIL),10,chs,6.048223651557635
Direct MDT (SIL),10,ami,0.7600834431431795
Direct MDT (SIL),10,ari,0.5426891006806613
Direct MDT (SIL),11,chs,5.9920649282564895
Direct MDT (SIL),11,ami,0.7373243377519841
Direct MDT (SIL),11,ari,0.5337766230820216
Direct MDT (SIL),12,chs,6.015970164621314
Direct MDT (SIL),12,ami,0.7528463717129664
Direct MDT (SIL),12,ari,0.5551465370578351
Direct MDT (SIL),13,chs,6.050685112461887
Direct MDT (SIL),13,ami,0.7643944877813545
Direct MDT (SIL),13,ari,0.5646248115325411
Direct MDT (SIL),14,chs,6.042516695556799
Direct MDT (SIL),14,ami,0.7641231253449956
Direct MDT (SIL),14,ari,0.555255219690267
Direct MDT (SIL),15,chs,6.0580168360892745
Direct MDT (SIL),15,ami,0.7575061494993951
Direct MDT (SIL),15,ari,0.5460002986196564
Direct MDT (SIL),16,chs,5.907721960651771
Direct MDT (SIL),16,ami,0.7397570041439014
Direct MDT (SIL),16,ari,0.46664105787238747
Direct MDT (SIL),17,chs,6.042008816820937
Direct MDT (SIL),17,ami,0.7531520781472745
Direct MDT (SIL),17,ari,0.5530295542156766
Direct MDT (SIL),18,chs,5.97025990022817
Direct MDT (SIL),18,ami,0.740459256454388
Direct MDT (SIL),18,ari,0.4533571081306056
Direct MDT (SIL),19,chs,5.9491709902136485
Direct MDT (SIL),19,ami,0.7590932218856619
Direct MDT (SIL),19,ari,0.5475217962498508
Direct MDT (SIL),20,chs,6.043393248175299
Direct MDT (SIL),20,ami,0.7527642740460434
Direct MDT (SIL),20,ari,0.5080937955649816
Direct MDT (SIL),21,chs,6.002753983382654
Direct MDT (SIL),21,ami,0.7584411793645472
Direct MDT (SIL),21,ari,0.5587020472612627
Direct MDT (SIL),22,chs,6.05147003214714
Direct MDT (SIL),22,ami,0.7508756193461106
Direct MDT (SIL),22,ari,0.4805288037427527
Direct MDT (SIL),23,chs,6.04468401831469
Direct MDT (SIL),23,ami,0.7502212067530627
Direct MDT (SIL),23,ari,0.5220005004067876
Direct MDT (SIL),24,chs,6.061300759548985
Direct MDT (SIL),24,ami,0.7736742864656662
Direct MDT (SIL),24,ari,0.5757707538646413
Direct MDT (SIL),25,chs,6.051324601053789
Direct MDT (SIL),25,ami,0.7606262878349098
Direct MDT (SIL),25,ari,0.5449896745009342
Direct MDT (SIL),26,chs,5.949806770546824
Direct MDT (SIL),26,ami,0.758579189456439
Direct MDT (SIL),26,ari,0.5899187946826894
Direct MDT (SIL),27,chs,6.0183190761241105
Direct MDT (SIL),27,ami,0.7516031429246766
Direct MDT (SIL),27,ari,0.5595229779131896
Direct MDT (SIL),28,chs,5.945864768560507
Direct MDT (SIL),28,ami,0.7702621586048122
Direct MDT (SIL),28,ari,0.5644264577194549
Direct MDT (SIL),29,chs,5.846647554857997
Direct MDT (SIL),29,ami,0.7543290225971233
Direct MDT (SIL),29,ari,0.5372840078858866
Direct MDT (SIL),30,chs,5.998826649055714
Direct MDT (SIL),30,ami,0.7495226109290243
Direct MDT (SIL),30,ari,0.5088901829873442
Direct MDT (SIL),31,chs,5.915850965791016
Direct MDT (SIL),31,ami,0.759608396425887
Direct MDT (SIL),31,ari,0.5508277302450546
Direct MDT (SIL),32,chs,5.9439014654983975
Direct MDT (SIL),32,ami,0.7585909612886442
Direct MDT (SIL),32,ari,0.547209970209021
Direct MDT (SIL),33,chs,5.992546362876368
Direct MDT (SIL),33,ami,0.7593380745708003
Direct MDT (SIL),33,ari,0.5342154033828325
Direct MDT (SIL),34,chs,6.055123191269139
Direct MDT (SIL),34,ami,0.74879676576054
Direct MDT (SIL),34,ari,0.5053766045438324
Direct MDT (SIL),35,chs,6.004315745252869
Direct MDT (SIL),35,ami,0.7739082842627484
Direct MDT (SIL),35,ari,0.5689093301523667
Direct MDT (SIL),36,chs,6.061644874901635
Direct MDT (SIL),36,ami,0.7569148986297198
Direct MDT (SIL),36,ari,0.5078819273880231
Direct MDT (SIL),37,chs,5.784720863583374
Direct MDT (SIL),37,ami,0.7561648746079068
Direct MDT (SIL),37,ari,0.5256280237955198
Direct MDT (SIL),38,chs,6.068842739850686
Direct MDT (SIL),38,ami,0.7543009191192033
Direct MDT (SIL),38,ari,0.5351351807046089
Direct MDT (SIL),39,chs,6.040560832021972
Direct MDT (SIL),39,ami,0.7565026462042402
Direct MDT (SIL),39,ari,0.5481156721603069
Direct MDT (SIL),40,chs,6.020717804773527
Direct MDT (SIL),40,ami,0.7484431572633006
Direct MDT (SIL),40,ari,0.538273890215454
Direct MDT (SIL),41,chs,5.963497191675446
Direct MDT (SIL),41,ami,0.7462482335678431
Direct MDT (SIL),41,ari,0.49189124012781094
Direct MDT (SIL),42,chs,6.043132919393788
Direct MDT (SIL),42,ami,0.7499839932336047
Direct MDT (SIL),42,ari,0.531376214777761
Direct MDT (SIL),43,chs,5.976597060490034
Direct MDT (SIL),43,ami,0.7364333713878478
Direct MDT (SIL),43,ari,0.4922689024085125
Direct MDT (SIL),44,chs,6.027609770186542
Direct MDT (SIL),44,ami,0.7557970128738292
Direct MDT (SIL),44,ari,0.5385719380937672
Direct MDT (SIL),45,chs,5.92358822273672
Direct MDT (SIL),45,ami,0.7564638974671959
Direct MDT (SIL),45,ari,0.5247635913284026
Direct MDT (SIL),46,chs,6.054733386105002
Direct MDT (SIL),46,ami,0.7556053904488498
Direct MDT (SIL),46,ari,0.5192227212664225
Direct MDT (SIL),47,chs,6.030664873323258
Direct MDT (SIL),47,ami,0.7610354905636804
Direct MDT (SIL),47,ari,0.5551465370578351
Direct MDT (SIL),48,chs,6.029805139135516
Direct MDT (SIL),48,ami,0.7646758057498712
Direct MDT (SIL),48,ari,0.5346852170086657
Direct MDT (SIL),49,chs,6.011858500488915
Direct MDT (SIL),49,ami,0.7695309274641078
Direct MDT (SIL),49,ari,0.5567976284871758
Direct MDT (SIL),50,chs,6.038785224037291
Direct MDT (SIL),50,ami,0.7491779440564114
Direct MDT (SIL),50,ari,0.5421670827625055
Direct MDT (SIL),51,chs,5.993082642969966
Direct MDT (SIL),51,ami,0.7558277153157054
Direct MDT (SIL),51,ari,0.528028671666053
Direct MDT (SIL),52,chs,5.956376099847493
Direct MDT (SIL),52,ami,0.7485368195670166
Direct MDT (SIL),52,ari,0.5365553011717022
Direct MDT (SIL),53,chs,6.04407849518947
Direct MDT (SIL),53,ami,0.757660073531202
Direct MDT (SIL),53,ari,0.5370834826227159
Direct MDT (SIL),54,chs,5.970928349877084
Direct MDT (SIL),54,ami,0.7423723305247808
Direct MDT (SIL),54,ari,0.46010703776217216
Direct MDT (SIL),55,chs,6.002926436139388
Direct MDT (SIL),55,ami,0.7668761877785321
Direct MDT (SIL),55,ari,0.5871030690083378
Direct MDT (SIL),56,chs,6.017770416416849
Direct MDT (SIL),56,ami,0.7610688450047175
Direct MDT (SIL),56,ari,0.5628932584269662
Direct MDT (SIL),57,chs,6.0337482504137565
Direct MDT (SIL),57,ami,0.7627749828525459
Direct MDT (SIL),57,ari,0.548530426383331
Direct MDT (SIL),58,chs,5.89353371199111
Direct MDT (SIL),58,ami,0.7617112697025477
Direct MDT (SIL),58,ari,0.554477071220803
Direct MDT (SIL),59,chs,6.021293649591266
Direct MDT (SIL),59,ami,0.7599442898777174
Direct MDT (SIL),59,ari,0.5743325559539142
Direct MDT (SIL),60,chs,6.031373499302767
Direct MDT (SIL),60,ami,0.7711421056574452
Direct MDT (SIL),60,ari,0.5936759356604112
Direct MDT (SIL),61,chs,5.917415900872351
Direct MDT (SIL),61,ami,0.7737421095299681
Direct MDT (SIL),61,ari,0.6013452394330908
Direct MDT (SIL),62,chs,6.01153752702983
Direct MDT (SIL),62,ami,0.748193518450327
Direct MDT (SIL),62,ari,0.49033276665309533
Direct MDT (SIL),63,chs,5.992113617537033
Direct MDT (SIL),63,ami,0.7437653495015281
Direct MDT (SIL),63,ari,0.5373501155703498
Direct MDT (SIL),64,chs,5.9747104983611035
Direct MDT (SIL),64,ami,0.7465717818972484
Direct MDT (SIL),64,ari,0.526944897773957
Direct MDT (SIL),65,chs,5.94157839468384
Direct MDT (SIL),65,ami,0.7442690373820094
Direct MDT (SIL),65,ari,0.5282560902337776
Direct MDT (SIL),66,chs,5.9515124404823405
Direct MDT (SIL),66,ami,0.7683796985400407
Direct MDT (SIL),66,ari,0.5514739566341149
Direct MDT (SIL),67,chs,6.031355826914866
Direct MDT (SIL),67,ami,0.7563746784640567
Direct MDT (SIL),67,ari,0.5454835396415227
Direct MDT (SIL),68,chs,5.926596522851979
Direct MDT (SIL),68,ami,0.748575756557803
Direct MDT (SIL),68,ari,0.5466182206073535
Direct MDT (SIL),69,chs,6.065721670570165
Direct MDT (SIL),69,ami,0.7670241233190143
Direct MDT (SIL),69,ari,0.5467960444785406
Direct MDT (SIL),70,chs,5.935240767070871
Direct MDT (SIL),70,ami,0.7606444240425495
Direct MDT (SIL),70,ari,0.5500411928910873
Direct MDT (SIL),71,chs,6.0475572367646855
Direct MDT (SIL),71,ami,0.7498477069106837
Direct MDT (SIL),71,ari,0.4716933582147765
Direct MDT (SIL),72,chs,6.011424663887686
Direct MDT (SIL),72,ami,0.7650890157315648
Direct MDT (SIL),72,ari,0.546265585444109
Direct MDT (SIL),73,chs,6.038428445429343
Direct MDT (SIL),73,ami,0.7682705796347213
Direct MDT (SIL),73,ari,0.5701787946479733
Direct MDT (SIL),74,chs,6.007943044495797
Direct MDT (SIL),74,ami,0.7619707993264233
Direct MDT (SIL),74,ari,0.5524735636741146
Direct MDT (SIL),75,chs,5.940760127127238
Direct MDT (SIL),75,ami,0.7476734049594403
Direct MDT (SIL),75,ari,0.5195011613079137
Direct MDT (SIL),76,chs,6.043551576983228
Direct MDT (SIL),76,ami,0.7653656082700669
Direct MDT (SIL),76,ari,0.5221541335398774
Direct MDT (SIL),77,chs,5.938748250946861
Direct MDT (SIL),77,ami,0.7612280537399171
Direct MDT (SIL),77,ari,0.5261831410592553
Direct MDT (SIL),78,chs,6.055767221152321
Direct MDT (SIL),78,ami,0.7493029316327467
Direct MDT (SIL),78,ari,0.5122257307757871
Direct MDT (SIL),79,chs,6.0351972409473005
Direct MDT (SIL),79,ami,0.7452008210785562
Direct MDT (SIL),79,ari,0.5308241068956441
Direct MDT (SIL),80,chs,6.053827544414924
Direct MDT (SIL),80,ami,0.7515257299471346
Direct MDT (SIL),80,ari,0.524285638234159
Direct MDT (SIL),81,chs,6.040883818989136
Direct MDT (SIL),81,ami,0.7613737162018385
Direct MDT (SIL),81,ari,0.5687997389099491
Direct MDT (SIL),82,chs,5.974155082706526
Direct MDT (SIL),82,ami,0.7570703389549182
Direct MDT (SIL),82,ari,0.5622061154434076
Direct MDT (SIL),83,chs,6.0422567542329695
Direct MDT (SIL),83,ami,0.7719231779247427
Direct MDT (SIL),83,ari,0.525800359610535
Direct MDT (SIL),84,chs,5.961317862949258
Direct MDT (SIL),84,ami,0.7560128817860665
Direct MDT (SIL),84,ari,0.48770777861075926
Direct MDT (SIL),85,chs,5.828243326642714
Direct MDT (SIL),85,ami,0.7653220227688488
Direct MDT (SIL),85,ari,0.5487724359299928
Direct MDT (SIL),86,chs,5.972626597988408
Direct MDT (SIL),86,ami,0.742689108543652
Direct MDT (SIL),86,ari,0.4907723898278313
Direct MDT (SIL),87,chs,5.948591848901778
Direct MDT (SIL),87,ami,0.7518393540642593
Direct MDT (SIL),87,ari,0.5383822647466343
Direct MDT (SIL),88,chs,5.83500386983085
Direct MDT (SIL),88,ami,0.7467852490780087
Direct MDT (SIL),88,ari,0.5271269726801616
Direct MDT (SIL),89,chs,5.908389966749736
Direct MDT (SIL),89,ami,0.7453848092083013
Direct MDT (SIL),89,ari,0.48028346237870634
Direct MDT (SIL),90,chs,6.04977727095709
Direct MDT (SIL),90,ami,0.7567272955669616
Direct MDT (SIL),90,ari,0.5096226481810672
Direct MDT (SIL),91,chs,5.942236601063678
Direct MDT (SIL),91,ami,0.7590760841176643
Direct MDT (SIL),91,ari,0.5282191023893198
Direct MDT (SIL),92,chs,6.030941668950942
Direct MDT (SIL),92,ami,0.7546484284599191
Direct MDT (SIL),92,ari,0.5456476865320312
Direct MDT (SIL),93,chs,5.926390841077582
Direct MDT (SIL),93,ami,0.7429284802887325
Direct MDT (SIL),93,ari,0.5060250372141829
Direct MDT (SIL),94,chs,6.048485599017481
Direct MDT (SIL),94,ami,0.7477788685352451
Direct MDT (SIL),94,ari,0.4725990793757719
Direct MDT (SIL),95,chs,6.034389532904832
Direct MDT (SIL),95,ami,0.7526594758070512
Direct MDT (SIL),95,ari,0.5281126839392738
Direct MDT (SIL),96,chs,5.930880297192531
Direct MDT (SIL),96,ami,0.7710280447418398
Direct MDT (SIL),96,ari,0.5863074115380715
Direct MDT (SIL),97,chs,5.930473451452252
Direct MDT (SIL),97,ami,0.755852014784876
Direct MDT (SIL),97,ari,0.505302543892665
Direct MDT (SIL),98,chs,5.900165799326747
Direct MDT (SIL),98,ami,0.758801736338991
Direct MDT (SIL),98,ari,0.5478684518429289
Direct MDT (SIL),99,chs,5.987005871816645
Direct MDT (SIL),99,ami,0.7656540130158499
Direct MDT (SIL),99,ari,0.5332472180024977
GCCA,0,chs,5.910493991114641
GCCA,0,ami,0.7238525594572826
GCCA,0,ari,0.40986266442603003
GCCA,1,chs,5.814007004686994
GCCA,1,ami,0.6982611876158976
GCCA,1,ari,0.3558143861590002
GCCA,2,chs,5.744347492528096
GCCA,2,ami,0.6792090304708791
GCCA,2,ari,0.3826775762023807
GCCA,3,chs,5.794395168480777
GCCA,3,ami,0.688992670162457
GCCA,3,ari,0.3441227164323107
GCCA,4,chs,5.840749844153795
GCCA,4,ami,0.6927962208224525
GCCA,4,ari,0.39103250456461464
GCCA,5,chs,5.834072058539544
GCCA,5,ami,0.6954297351764434
GCCA,5,ari,0.3789682888888588
GCCA,6,chs,5.721472782062763
GCCA,6,ami,0.6876986857935401
GCCA,6,ari,0.3437423019882865
GCCA,7,chs,5.813501635558165
GCCA,7,ami,0.671144807068371
GCCA,7,ari,0.3680531785737737
GCCA,8,chs,5.832358250588452
GCCA,8,ami,0.6956957978166741
GCCA,8,ari,0.34642719066958555
GCCA,9,chs,5.844889603642724
GCCA,9,ami,0.6839025152772583
GCCA,9,ari,0.3416593301483964
GCCA,10,chs,5.811719020698527
GCCA,10,ami,0.6927778548999871
GCCA,10,ari,0.39991350188776287
GCCA,11,chs,5.860728200014584
GCCA,11,ami,0.7151048425087807
GCCA,11,ari,0.39954728195585304
GCCA,12,chs,5.89449397321626
GCCA,12,ami,0.7086634725749158
GCCA,12,ari,0.360168631839155
GCCA,13,chs,5.898536077624387
GCCA,13,ami,0.7127006173592494
GCCA,13,ari,0.40266653636471517
GCCA,14,chs,5.775172790982921
GCCA,14,ami,0.672912107592993
GCCA,14,ari,0.28792892183023727
GCCA,15,chs,5.813946964650487
GCCA,15,ami,0.6680606047281544
GCCA,15,ari,0.3087763535756812
GCCA,16,chs,5.801310141796492
GCCA,16,ami,0.6888417413374266
GCCA,16,ari,0.3805025979795639
GCCA,17,chs,5.7978498725022884
GCCA,17,ami,0.7027266669813362
GCCA,17,ari,0.36827057012291975
GCCA,18,chs,5.8436938807998215
GCCA,18,ami,0.6969119188557773
GCCA,18,ari,0.40487016267555825
GCCA,19,chs,5.828138017230986
GCCA,19,ami,0.6802596214054926
GCCA,19,ari,0.3309178803294514
GCCA,20,chs,5.811057517447421
GCCA,20,ami,0.7068907966654897
GCCA,20,ari,0.4000848202624934
GCCA,21,chs,5.7848863477494135
GCCA,21,ami,0.6666203343815449
GCCA,21,ari,0.31279411211083086
GCCA,22,chs,5.840884353015997
GCCA,22,ami,0.6876027887857604
GCCA,22,ari,0.32722999138000086
GCCA,23,chs,5.875416589974383
GCCA,23,ami,0.715305593812297
GCCA,23,ari,0.35712043972076374
GCCA,24,chs,5.842631375463652
GCCA,24,ami,0.7051073252012398
GCCA,24,ari,0.4291496738914601
GCCA,25,chs,5.818435757851407
GCCA,25,ami,0.7094281336786284
GCCA,25,ari,0.3904278609138109
GCCA,26,chs,5.766091294578738
GCCA,26,ami,0.6872244824557612
GCCA,26,ari,0.3780586186560438
GCCA,27,chs,5.850959077588493
GCCA,27,ami,0.7005649447016953
GCCA,27,ari,0.34248806298209505
GCCA,28,chs,5.850166937313393
GCCA,28,ami,0.7061366556685873
GCCA,28,ari,0.3407381934622265
GCCA,29,chs,5.793447625519403
GCCA,29,ami,0.6681090115042843
GCCA,29,ari,0.31023651495497884
GCCA,30,chs,5.82082792570619
GCCA,30,ami,0.693309177925749
GCCA,30,ari,0.3721235320500992
GCCA,31,chs,5.789189773027498
GCCA,31,ami,0.7158859553139535
GCCA,31,ari,0.4454462011734964
GCCA,32,chs,5.86966610436785
GCCA,32,ami,0.7029528333483142
GCCA,32,ari,0.387049822370752
GCCA,33,chs,5.926551220659718
GCCA,33,ami,0.7332578643796079
GCCA,33,ari,0.46504382599800054
GCCA,34,chs,5.846104197951286
GCCA,34,ami,0.7113082555758405
GCCA,34,ari,0.31766458263494946
GCCA,35,chs,5.791151839799553
GCCA,35,ami,0.6830666781897848
GCCA,35,ari,0.3330314715276155
GCCA,36,chs,5.792719708617026
GCCA,36,ami,0.7118037568417759
GCCA,36,ari,0.4265087402265123
GCCA,37,chs,5.823230528305892
GCCA,37,ami,0.692336523767563
GCCA,37,ari,0.31025149505105565
GCCA,38,chs,5.840757163807439
GCCA,38,ami,0.704380683549254
GCCA,38,ari,0.3944182956176055
GCCA,39,chs,5.848130935753247
GCCA,39,ami,0.7079466713498628
GCCA,39,ari,0.3947953555758041
GCCA,40,chs,5.883554100421685
GCCA,40,ami,0.7126151684555742
GCCA,40,ari,0.4150536035482146
GCCA,41,chs,5.874569076987727
GCCA,41,ami,0.7173912733976268
GCCA,41,ari,0.39738266219469537
GCCA,42,chs,5.844255260314958
GCCA,42,ami,0.7169639657480241
GCCA,42,ari,0.40596518923910385
GCCA,43,chs,5.806529355710767
GCCA,43,ami,0.7006119100497541
GCCA,43,ari,0.3327846005845496
GCCA,44,chs,5.764557515871932
GCCA,44,ami,0.6714837755672043
GCCA,44,ari,0.3041198433429312
GCCA,45,chs,5.775780214395251
GCCA,45,ami,0.6924336901760626
GCCA,45,ari,0.39241236641112087
GCCA,46,chs,5.848867917659883
GCCA,46,ami,0.6929797264239822
GCCA,46,ari,0.31289328124826105
GCCA,47,chs,5.8268752936667845
GCCA,47,ami,0.6873980223186653
GCCA,47,ari,0.3794562840239317
GCCA,48,chs,5.808144739045574
GCCA,48,ami,0.7139058699515857
GCCA,48,ari,0.39115372718836994
GCCA,49,chs,5.766143445708325
GCCA,49,ami,0.6890798589702338
GCCA,49,ari,0.4003996842730742
GCCA,50,chs,5.73060617431895
GCCA,50,ami,0.6934610704829203
GCCA,50,ari,0.3759649917324037
GCCA,51,chs,5.783799840058544
GCCA,51,ami,0.6715333105970003
GCCA,51,ari,0.38314287664281876
GCCA,52,chs,5.8469303633103085
GCCA,52,ami,0.694797240081504
GCCA,52,ari,0.34547642250309935
GCCA,53,chs,5.845023790026553
GCCA,53,ami,0.7062986523070024
GCCA,53,ari,0.4412651762209736
GCCA,54,chs,5.800064984550994
GCCA,54,ami,0.6823890484771359
GCCA,54,ari,0.3013122927010156
GCCA,55,chs,5.801257590910545
GCCA,55,ami,0.6959030141395204
GCCA,55,ari,0.37021154149610613
GCCA,56,chs,5.783386592928324
GCCA,56,ami,0.6684816062138588
GCCA,56,ari,0.300602948717519
GCCA,57,chs,5.85425117648476
GCCA,57,ami,0.7037354273308234
GCCA,57,ari,0.4073257920767837
GCCA,58,chs,5.836428077987592
GCCA,58,ami,0.7150363263955448
GCCA,58,ari,0.37864270466166905
GCCA,59,chs,5.8592781743467715
GCCA,59,ami,0.6962498408268278
GCCA,59,ari,0.36935416180927955
GCCA,60,chs,5.859856173146095
GCCA,60,ami,0.7209699215102497
GCCA,60,ari,0.415892107593894
GCCA,61,chs,5.74153789053152
GCCA,61,ami,0.6853546289128969
GCCA,61,ari,0.34927303649200364
GCCA,62,chs,5.814797436359012
GCCA,62,ami,0.6887492251567654
GCCA,62,ari,0.33585076967520944
GCCA,63,chs,5.83776769334631
GCCA,63,ami,0.7076328738751735
GCCA,63,ari,0.4178333555885879
GCCA,64,chs,5.916670664291683
GCCA,64,ami,0.7220242010593486
GCCA,64,ari,0.42223393602265047
GCCA,65,chs,5.766239357279668
GCCA,65,ami,0.6957999465976482
GCCA,65,ari,0.3720444547838592
GCCA,66,chs,5.763547112174972
GCCA,66,ami,0.6851254828709061
GCCA,66,ari,0.34252129663822944
GCCA,67,chs,5.722781030713529
GCCA,67,ami,0.6932727478821676
GCCA,67,ari,0.27905240416690996
GCCA,68,chs,5.744292918415978
GCCA,68,ami,0.6819370152982528
GCCA,68,ari,0.3666510039266764
GCCA,69,chs,5.807021340100459
GCCA,69,ami,0.7150746804848861
GCCA,69,ari,0.44463829826172097
GCCA,70,chs,5.874962509411754
GCCA,70,ami,0.7246456029339644
GCCA,70,ari,0.36001250101391813
GCCA,71,chs,5.8424362143345
GCCA,71,ami,0.7102285975851511
GCCA,71,ari,0.4170163853600972
GCCA,72,chs,5.837137618370894
GCCA,72,ami,0.6955020197889245
GCCA,72,ari,0.4030810758587577
GCCA,73,chs,5.76027254394659
GCCA,73,ami,0.6854765771992485
GCCA,73,ari,0.2735801996706323
GCCA,74,chs,5.808046931588128
GCCA,74,ami,0.677806766113722
GCCA,74,ari,0.34575467086542866
GCCA,75,chs,5.818689250401878
GCCA,75,ami,0.6928539632139449
GCCA,75,ari,0.38522909417474244
GCCA,76,chs,5.844627361725435
GCCA,76,ami,0.6952173612523709
GCCA,76,ari,0.33149048107361007
GCCA,77,chs,5.82616662808213
GCCA,77,ami,0.6954513807884851
GCCA,77,ari,0.36709081401429317
GCCA,78,chs,5.86306649117736
GCCA,78,ami,0.6920861695511544
GCCA,78,ari,0.3612251226764443
GCCA,79,chs,5.829342704080242
GCCA,79,ami,0.6973842892637103
GCCA,79,ari,0.3278668938254699
GCCA,80,chs,5.832385609958834
GCCA,80,ami,0.6916998788831485
GCCA,80,ari,0.37575060208723576
GCCA,81,chs,5.757278327826621
GCCA,81,ami,0.6889148739093154
GCCA,81,ari,0.4015792492473751
GCCA,82,chs,5.773956856953241
GCCA,82,ami,0.6739380052725948
GCCA,82,ari,0.34386216612369414
GCCA,83,chs,5.858618979059575
GCCA,83,ami,0.702630683877107
GCCA,83,ari,0.3693687214406621
GCCA,84,chs,5.845096554458937
GCCA,84,ami,0.7140240282597429
GCCA,84,ari,0.42576604403693
GCCA,85,chs,5.887350458341613
GCCA,85,ami,0.7050440229357017
GCCA,85,ari,0.37818090232440993
GCCA,86,chs,5.855513913684403
GCCA,86,ami,0.7056074606326007
GCCA,86,ari,0.3941589723279796
GCCA,87,chs,5.843119364759454
GCCA,87,ami,0.6936717390351095
GCCA,87,ari,0.32996106394727864
GCCA,88,chs,5.824693063874566
GCCA,88,ami,0.7024198865975201
GCCA,88,ari,0.41403463183010086
GCCA,89,chs,5.8038763376609115
GCCA,89,ami,0.7029381303702874
GCCA,89,ari,0.4302315561409772
GCCA,90,chs,5.799014748905282
GCCA,90,ami,0.6962818192319207
GCCA,90,ari,0.30517852163116166
GCCA,91,chs,5.726557113419962
GCCA,91,ami,0.7018696984898504
GCCA,91,ari,0.40644914662171167
GCCA,92,chs,5.851534750731899
GCCA,92,ami,0.7158752010260185
GCCA,92,ari,0.4371844217243396
GCCA,93,chs,5.805155344365287
GCCA,93,ami,0.6962423570402662
GCCA,93,ari,0.4312709374559568
GCCA,94,chs,5.829363911531931
GCCA,94,ami,0.6809830524345039
GCCA,94,ari,0.34729767079894897
GCCA,95,chs,5.831973154277749
GCCA,95,ami,0.6807158161824937
GCCA,95,ari,0.36560212771468337
GCCA,96,chs,5.831465420537979
GCCA,96,ami,0.6778490946093813
GCCA,96,ari,0.26958049913306814
GCCA,97,chs,5.8747470406988
GCCA,97,ami,0.7049278629023494
GCCA,97,ari,0.40241680498722043
GCCA,98,chs,5.77628622788681
GCCA,98,ami,0.7086792951169789
GCCA,98,ari,0.43851388667871083
GCCA,99,chs,5.800261657809543
GCCA,99,ami,0.6745411648605882
GCCA,99,ari,0.3457532030774113
Direct MDT (AMI),0,chs,5.811020427413506
Direct MDT (AMI),0,ami,0.7511374433639689
Direct MDT (AMI),0,ari,0.5121129576652984
Direct MDT (AMI),1,chs,6.018901668992339
Direct MDT (AMI),1,ami,0.7741966976319129
Direct MDT (AMI),1,ari,0.5751205277173884
Direct MDT (AMI),2,chs,5.959539403738516
Direct MDT (AMI),2,ami,0.7574875453307643
Direct MDT (AMI),2,ari,0.5306801278973073
Direct MDT (AMI),3,chs,5.98595492953932
Direct MDT (AMI),3,ami,0.7843898041993497
Direct MDT (AMI),3,ari,0.6205057066811025
Direct MDT (AMI),4,chs,5.956004499920708
Direct MDT (AMI),4,ami,0.7527596701876855
Direct MDT (AMI),4,ari,0.571753733414756
Direct MDT (AMI),5,chs,5.964702129733386
Direct MDT (AMI),5,ami,0.7894559555236731
Direct MDT (AMI),5,ari,0.625575497758389
Direct MDT (AMI),6,chs,6.0147780828505475
Direct MDT (AMI),6,ami,0.7702347296399188
Direct MDT (AMI),6,ari,0.5903724824854529
Direct MDT (AMI),7,chs,6.020503807307116
Direct MDT (AMI),7,ami,0.7801417732000098
Direct MDT (AMI),7,ari,0.5929282042331451
Direct MDT (AMI),8,chs,5.993353188569712
Direct MDT (AMI),8,ami,0.7647521216933458
Direct MDT (AMI),8,ari,0.5510196979188418
Direct MDT (AMI),9,chs,5.838240466187619
Direct MDT (AMI),9,ami,0.7752387067715083
Direct MDT (AMI),9,ari,0.5699019194897407
Direct MDT (AMI),10,chs,5.832431231821861
Direct MDT (AMI),10,ami,0.7673722270603995
Direct MDT (AMI),10,ari,0.5660616129659414
Direct MDT (AMI),11,chs,5.864957176655356
Direct MDT (AMI),11,ami,0.7527098400641702
Direct MDT (AMI),11,ari,0.5327478603946393
Direct MDT (AMI),12,chs,5.93779091843716
Direct MDT (AMI),12,ami,0.7640385983078195
Direct MDT (AMI),12,ari,0.5764316019380915
Direct MDT (AMI),13,chs,5.896265297570163
Direct MDT (AMI),13,ami,0.7605977639726154
Direct MDT (AMI),13,ari,0.5148459482217298
Direct MDT (AMI),14,chs,5.897299473789882
Direct MDT (AMI),14,ami,0.7691663056672597
Direct MDT (AMI),14,ari,0.581153618745992
Direct MDT (AMI),15,chs,5.959709980512553
Direct MDT (AMI),15,ami,0.7686417783900792
Direct MDT (AMI),15,ari,0.577160554500176
Direct MDT (AMI),16,chs,5.947143784391215
Direct MDT (AMI),16,ami,0.7696576024134489
Direct MDT (AMI),16,ari,0.5965552193310201
Direct MDT (AMI),17,chs,5.928327776675275
Direct MDT (AMI),17,ami,0.7967829642848984
Direct MDT (AMI),17,ari,0.5978095378419528
Direct MDT (AMI),18,chs,6.027583946478742
Direct MDT (AMI),18,ami,0.781354054522873
Direct MDT (AMI),18,ari,0.6186184263790224
Direct MDT (AMI),19,chs,6.005951610583704
Direct MDT (AMI),19,ami,0.7613427518405647
Direct MDT (AMI),19,ari,0.5664147817136546
Direct MDT (AMI),20,chs,5.970058582186146
Direct MDT (AMI),20,ami,0.7447139095195705
Direct MDT (AMI),20,ari,0.47946694624464
Direct MDT (AMI),21,chs,6.014081177024835
Direct MDT (AMI),21,ami,0.7785812875055972
Direct MDT (AMI),21,ari,0.5937969870460329
Direct MDT (AMI),22,chs,5.8322238315837875
Direct MDT (AMI),22,ami,0.7497470604149619
Direct MDT (AMI),22,ari,0.541226782564483
Direct MDT (AMI),23,chs,6.0300381658251405
Direct MDT (AMI),23,ami,0.7635945300516573
Direct MDT (AMI),23,ari,0.5412583439852293
Direct MDT (AMI),24,chs,6.001550488979632
Direct MDT (AMI),24,ami,0.7791580312145376
Direct MDT (AMI),24,ari,0.5981798999572089
Direct MDT (AMI),25,chs,6.006635788058149
Direct MDT (AMI),25,ami,0.7611405031686751
Direct MDT (AMI),25,ari,0.5875499980583279
Direct MDT (AMI),26,chs,5.944796098702327
Direct MDT (AMI),26,ami,0.7745933641026688
Direct MDT (AMI),26,ari,0.5299352202414959
Direct MDT (AMI),27,chs,6.035753100831628
Direct MDT (AMI),27,ami,0.7738702994432605
Direct MDT (AMI),27,ari,0.5567718704538654
Direct MDT (AMI),28,chs,5.9423544325120385
Direct MDT (AMI),28,ami,0.7729311473264624
Direct MDT (AMI),28,ari,0.5743845828981988
Direct MDT (AMI),29,chs,5.999264950632138
Direct MDT (AMI),29,ami,0.764332829862506
Direct MDT (AMI),29,ari,0.5663038354251364
Direct MDT (AMI),30,chs,5.975384506336105
Direct MDT (AMI),30,ami,0.7752866391207671
Direct MDT (AMI),30,ari,0.6119220517457358
Direct MDT (AMI),31,chs,6.012181536056358
Direct MDT (AMI),31,ami,0.76463727793778
Direct MDT (AMI),31,ari,0.5713799209916905
Direct MDT (AMI),32,chs,6.019487417116087
Direct MDT (AMI),32,ami,0.7772537973678099
Direct MDT (AMI),32,ari,0.5889292048651018
Direct MDT (AMI),33,chs,6.009947595906024
Direct MDT (AMI),33,ami,0.7622354179491562
Direct MDT (AMI),33,ari,0.5378261492678239
Direct MDT (AMI),34,chs,5.989844654698467
Direct MDT (AMI),34,ami,0.7820051339019887
Direct MDT (AMI),34,ari,0.6198908982411235
Direct MDT (AMI),35,chs,5.955305145909277
Direct MDT (AMI),35,ami,0.7558352185809306
Direct MDT (AMI),35,ari,0.5515553878237327
Direct MDT (AMI),36,chs,6.051953309348315
Direct MDT (AMI),36,ami,0.7792081764659267
Direct MDT (AMI),36,ari,0.5819553780168086
Direct MDT (AMI),37,chs,6.00351632365688
Direct MDT (AMI),37,ami,0.7762367765213306
Direct MDT (AMI),37,ari,0.6031221119907361
Direct MDT (AMI),38,chs,5.914560455326832
Direct MDT (AMI),38,ami,0.7702602304332442
Direct MDT (AMI),38,ari,0.5585185312256084
Direct MDT (AMI),39,chs,6.005598022290381
Direct MDT (AMI),39,ami,0.773663333294366
Direct MDT (AMI),39,ari,0.589845189324979
Direct MDT (AMI),40,chs,6.05413745103101
Direct MDT (AMI),40,ami,0.7551060888822918
Direct MDT (AMI),40,ari,0.49973467349232115
Direct MDT (AMI),41,chs,5.96564335949958
Direct MDT (AMI),41,ami,0.7518856321120351
Direct MDT (AMI),41,ari,0.5183240999732279
Direct MDT (AMI),42,chs,5.83779897307884
Direct MDT (AMI),42,ami,0.7649646448914734
Direct MDT (AMI),42,ari,0.556586462667666
Direct MDT (AMI),43,chs,5.99857004066823
Direct MDT (AMI),43,ami,0.7810696968918754
Direct MDT (AMI),43,ari,0.609947180778773
Direct MDT (AMI),44,chs,6.018274917708025
Direct MDT (AMI),44,ami,0.7841431114647409
Direct MDT (AMI),44,ari,0.6026811508352395
Direct MDT (AMI),45,chs,6.003401345655091
Direct MDT (AMI),45,ami,0.7658673834508598
Direct MDT (AMI),45,ari,0.5967002114576719
Direct MDT (AMI),46,chs,6.039438368977063
Direct MDT (AMI),46,ami,0.7768307188344369
Direct MDT (AMI),46,ari,0.5261694547583663
Direct MDT (AMI),47,chs,5.942772784502878
Direct MDT (AMI),47,ami,0.7753910463117295
Direct MDT (AMI),47,ari,0.552559159753201
Direct MDT (AMI),48,chs,6.015076442026405
Direct MDT (AMI),48,ami,0.778137192433571
Direct MDT (AMI),48,ari,0.598321005349236
Direct MDT (AMI),49,chs,5.976458850281464
Direct MDT (AMI),49,ami,0.7698868437390086
Direct MDT (AMI),49,ari,0.5880489082523094
Direct MDT (AMI),50,chs,5.989752378526502
Direct MDT (AMI),50,ami,0.7738371200044998
Direct MDT (AMI),50,ari,0.6061661731405679
Direct MDT (AMI),51,chs,6.015531291514242
Direct MDT (AMI),51,ami,0.7752706741315627
Direct MDT (AMI),51,ari,0.5915955279357963
Direct MDT (AMI),52,chs,5.963725596635321
Direct MDT (AMI),52,ami,0.7617524958206197
Direct MDT (AMI),52,ari,0.5896207629405481
Direct MDT (AMI),53,chs,6.023800381358004
Direct MDT (AMI),53,ami,0.7704359456263442
Direct MDT (AMI),53,ari,0.5823098713922401
Direct MDT (AMI),54,chs,5.912414040698279
Direct MDT (AMI),54,ami,0.7786583110327521
Direct MDT (AMI),54,ari,0.5456011111530675
Direct MDT (AMI),55,chs,5.929285984057349
Direct MDT (AMI),55,ami,0.7776208513154504
Direct MDT (AMI),55,ari,0.5815304384203184
Direct MDT (AMI),56,chs,6.022557985417567
Direct MDT (AMI),56,ami,0.7810082634347545
Direct MDT (AMI),56,ari,0.5907633467052007
Direct MDT (AMI),57,chs,5.917251793734852
Direct MDT (AMI),57,ami,0.7685225185254118
Direct MDT (AMI),57,ari,0.5898188937836515
Direct MDT (AMI),58,chs,5.7630105394693345
Direct MDT (AMI),58,ami,0.7564620492411858
Direct MDT (AMI),58,ari,0.5328562241313919
Direct MDT (AMI),59,chs,5.898768291106698
Direct MDT (AMI),59,ami,0.7548814717931209
Direct MDT (AMI),59,ari,0.5593615856644868
Direct MDT (AMI),60,chs,6.038955036417924
Direct MDT (AMI),60,ami,0.7854238771729514
Direct MDT (AMI),60,ari,0.5999573692063567
Direct MDT (AMI),61,chs,6.016466015898551
Direct MDT (AMI),61,ami,0.7865915383935161
Direct MDT (AMI),61,ari,0.6015613041481708
Direct MDT (AMI),62,chs,6.007716013239066
Direct MDT (AMI),62,ami,0.7757447462771832
Direct MDT (AMI),62,ari,0.6013961234541654
Direct MDT (AMI),63,chs,5.954068421457182
Direct MDT (AMI),63,ami,0.7642560974392454
Direct MDT (AMI),63,ari,0.5802296460112186
Direct MDT (AMI),64,chs,5.962520681199441
Direct MDT (AMI),64,ami,0.7768251369979077
Direct MDT (AMI),64,ari,0.6103950243864139
Direct MDT (AMI),65,chs,5.989542227386052
Direct MDT (AMI),65,ami,0.7736839860792207
Direct MDT (AMI),65,ari,0.6024251151753868
Direct MDT (AMI),66,chs,5.9063335658915666
Direct MDT (AMI),66,ami,0.7915091164340531
Direct MDT (AMI),66,ari,0.6272765116037049
Direct MDT (AMI),67,chs,6.044594184911766
Direct MDT (AMI),67,ami,0.7816561944999946
Direct MDT (AMI),67,ari,0.5931141650075268
Direct MDT (AMI),68,chs,5.990999150615211
Direct MDT (AMI),68,ami,0.7737569776488246
Direct MDT (AMI),68,ari,0.5999245632833362
Direct MDT (AMI),69,chs,6.027673857452395
Direct MDT (AMI),69,ami,0.7678298935152484
Direct MDT (AMI),69,ari,0.5770415179815376
Direct MDT (AMI),70,chs,6.016437912749394
Direct MDT (AMI),70,ami,0.7844754947755573
Direct MDT (AMI),70,ari,0.6191650123076866
Direct MDT (AMI),71,chs,6.020033961250123
Direct MDT (AMI),71,ami,0.7772797487203789
Direct MDT (AMI),71,ari,0.6079672991484463
Direct MDT (AMI),72,chs,6.053889818814647
Direct MDT (AMI),72,ami,0.7658104659119441
Direct MDT (AMI),72,ari,0.5720976650177799
Direct MDT (AMI),73,chs,6.022582440566899
Direct MDT (AMI),73,ami,0.781607953343038
Direct MDT (AMI),73,ari,0.5891838373891997
Direct MDT (AMI),74,chs,5.975487810243825
Direct MDT (AMI),74,ami,0.7772340349906237
Direct MDT (AMI),74,ari,0.558593996114111
Direct MDT (AMI),75,chs,5.980346923026663
Direct MDT (AMI),75,ami,0.7508532985838046
Direct MDT (AMI),75,ari,0.5196005052158862
Direct MDT (AMI),76,chs,5.917473099125727
Direct MDT (AMI),76,ami,0.7795612897796368
Direct MDT (AMI),76,ari,0.5710817386592755
Direct MDT (AMI),77,chs,5.936610358548494
Direct MDT (AMI),77,ami,0.7699975887982148
Direct MDT (AMI),77,ari,0.5629993747261179
Direct MDT (AMI),78,chs,5.902887878237159
Direct MDT (AMI),78,ami,0.7431953910783055
Direct MDT (AMI),78,ari,0.5255430531319574
Direct MDT (AMI),79,chs,5.9246049094580275
Direct MDT (AMI),79,ami,0.7556604935682525
Direct MDT (AMI),79,ari,0.5444481512468539
Direct MDT (AMI),80,chs,5.910961962128383
Direct MDT (AMI),80,ami,0.7644397512493865
Direct MDT (AMI),80,ari,0.5968939603958554
Direct MDT (AMI),81,chs,6.070513440063913
Direct MDT (AMI),81,ami,0.7825744975439546
Direct MDT (AMI),81,ari,0.5632394516320596
Direct MDT (AMI),82,chs,5.896916469304374
Direct MDT (AMI),82,ami,0.7713776833381897
Direct MDT (AMI),82,ari,0.5778051153664227
Direct MDT (AMI),83,chs,5.954092457415256
Direct MDT (AMI),83,ami,0.755291514262565
Direct MDT (AMI),83,ari,0.5278513445876741
Direct MDT (AMI),84,chs,5.9535004007980294
Direct MDT (AMI),84,ami,0.7693242380367984
Direct MDT (AMI),84,ari,0.5575448799596261
Direct MDT (AMI),85,chs,5.941974108683182
Direct MDT (AMI),85,ami,0.7675686812689927
Direct MDT (AMI),85,ari,0.5686891728833264
Direct MDT (AMI),86,chs,6.012290858337078
Direct MDT (AMI),86,ami,0.7560709861555299
Direct MDT (AMI),86,ari,0.5265041295716685
Direct MDT (AMI),87,chs,5.983193505578313
Direct MDT (AMI),87,ami,0.78354716738841
Direct MDT (AMI),87,ari,0.6307484947161465
Direct MDT (AMI),88,chs,6.028591329408867
Direct MDT (AMI),88,ami,0.7687413213913835
Direct MDT (AMI),88,ari,0.5860280552751576
Direct MDT (AMI),89,chs,5.9645308763760205
Direct MDT (AMI),89,ami,0.7760200692573155
Direct MDT (AMI),89,ari,0.5436430431547619
Direct MDT (AMI),90,chs,6.02879348327663
Direct MDT (AMI),90,ami,0.7740824728695137
Direct MDT (AMI),90,ari,0.5784014142419588
Direct MDT (AMI),91,chs,6.042686308415598
Direct MDT (AMI),91,ami,0.7649759492081947
Direct MDT (AMI),91,ari,0.5699703390962777
Direct MDT (AMI),92,chs,5.938866151325756
Direct MDT (AMI),92,ami,0.7832707236534122
Direct MDT (AMI),92,ari,0.6022638954363523
Direct MDT (AMI),93,chs,6.036561477798607
Direct MDT (AMI),93,ami,0.7537870503369091
Direct MDT (AMI),93,ari,0.5359570674176779
Direct MDT (AMI),94,chs,6.024929697100156
Direct MDT (AMI),94,ami,0.7641126133764271
Direct MDT (AMI),94,ari,0.5353017930380867
Direct MDT (AMI),95,chs,5.9764814446518
Direct MDT (AMI),95,ami,0.7811987999704615
Direct MDT (AMI),95,ari,0.6096536327079506
Direct MDT (AMI),96,chs,6.005286898866636
Direct MDT (AMI),96,ami,0.7594303955140643
Direct MDT (AMI),96,ari,0.5300525763758152
Direct MDT (AMI),97,chs,5.920144319025113
Direct MDT (AMI),97,ami,0.7714133765312674
Direct MDT (AMI),97,ari,0.5728508472472224
Direct MDT (AMI),98,chs,6.042558990580865
Direct MDT (AMI),98,ami,0.7544002550613558
Direct MDT (AMI),98,ari,0.5479212466447233
Direct MDT (AMI),99,chs,6.045422846375047
Direct MDT (AMI),99,ami,0.773510412770208
Direct MDT (AMI),99,ari,0.586277732128184
GCCA + MDT,0,chs,5.7794922180728685
GCCA + MDT,0,ami,0.7931204579090861
GCCA + MDT,0,ari,0.656409067602319
GCCA + MDT,1,chs,5.852132927401167
GCCA + MDT,1,ami,0.8017874403641108
GCCA + MDT,1,ari,0.6791635214850849
GCCA + MDT,2,chs,5.832005271187294
GCCA + MDT,2,ami,0.8063047297657685
GCCA + MDT,2,ari,0.6883488709927648
GCCA + MDT,3,chs,5.861014408481984
GCCA + MDT,3,ami,0.7974263338686407
GCCA + MDT,3,ari,0.6647909825502352
GCCA + MDT,4,chs,5.82580416988441
GCCA + MDT,4,ami,0.807246387352641
GCCA + MDT,4,ari,0.6928007118232955
GCCA + MDT,5,chs,5.830900996662981
GCCA + MDT,5,ami,0.80961119155698
GCCA + MDT,5,ari,0.6910594023470581
GCCA + MDT,6,chs,5.8394389897661965
GCCA + MDT,6,ami,0.8114333085699791
GCCA + MDT,6,ari,0.6906264087434759
GCCA + MDT,7,chs,5.857099357007591
GCCA + MDT,7,ami,0.811084579912991
GCCA + MDT,7,ari,0.6917234437595993
GCCA + MDT,8,chs,5.753102529908974
GCCA + MDT,8,ami,0.8112694335822216
GCCA + MDT,8,ari,0.6839536981478465
GCCA + MDT,9,chs,5.873570157819316
GCCA + MDT,9,ami,0.7966839375855569
GCCA + MDT,9,ari,0.6682005677940115
GCCA + MDT,10,chs,5.857950000422456
GCCA + MDT,10,ami,0.8071018661140786
GCCA + MDT,10,ari,0.6875493636009219
GCCA + MDT,11,chs,5.850144181392789
GCCA + MDT,11,ami,0.7944090766003955
GCCA + MDT,11,ari,0.6740874801800215
GCCA + MDT,12,chs,5.84205372463499
GCCA + MDT,12,ami,0.8053337510233386
GCCA + MDT,12,ari,0.6835620285668432
GCCA + MDT,13,chs,5.784381505348281
GCCA + MDT,13,ami,0.8005508150615142
GCCA + MDT,13,ari,0.6764881362155216
GCCA + MDT,14,chs,5.820774461196434
GCCA + MDT,14,ami,0.8080567133202915
GCCA + MDT,14,ari,0.6713232759971175
GCCA + MDT,15,chs,5.813126246096951
GCCA + MDT,15,ami,0.8027085183893725
GCCA + MDT,15,ari,0.6676332915171689
GCCA + MDT,16,chs,5.640272136300795
GCCA + MDT,16,ami,0.8005959292269136
GCCA + MDT,16,ari,0.6756425851438959
GCCA + MDT,17,chs,5.822795423987967
GCCA + MDT,17,ami,0.7966157395819753
GCCA + MDT,17,ari,0.6764029700396439
GCCA + MDT,18,chs,5.85399459904075
GCCA + MDT,18,ami,0.7990843734896753
GCCA + MDT,18,ari,0.6719318213363684
GCCA + MDT,19,chs,5.849321640079174
GCCA + MDT,19,ami,0.796775211836726
GCCA + MDT,19,ari,0.6774853435440985
GCCA + MDT,20,chs,5.847910269766407
GCCA + MDT,20,ami,0.8046513521387527
GCCA + MDT,20,ari,0.6827050516896532
GCCA + MDT,21,chs,5.872120307695949
GCCA + MDT,21,ami,0.8016776067770102
GCCA + MDT,21,ari,0.6817783838962569
GCCA + MDT,22,chs,5.781585204286314
GCCA + MDT,22,ami,0.7958615159683315
GCCA + MDT,22,ari,0.6672142208798888
GCCA + MDT,23,chs,5.70519041246677
GCCA + MDT,23,ami,0.8014168142499292
GCCA + MDT,23,ari,0.6773059032636236
GCCA + MDT,24,chs,5.72706712173971
GCCA + MDT,24,ami,0.7944614335980855
GCCA + MDT,24,ari,0.672140240984122
GCCA + MDT,25,chs,5.841124425767935
GCCA + MDT,25,ami,0.809323126643195
GCCA + MDT,25,ari,0.6921314839017946
GCCA + MDT,26,chs,5.834986315672291
GCCA + MDT,26,ami,0.8026425949252082
GCCA + MDT,26,ari,0.6854286921019288
GCCA + MDT,27,chs,5.795402978825406
GCCA + MDT,27,ami,0.8097779707834226
GCCA + MDT,27,ari,0.6829596661149433
GCCA + MDT,28,chs,5.853149852343911
GCCA + MDT,28,ami,0.8108060423976305
GCCA + MDT,28,ari,0.6927615322080828
GCCA + MDT,29,chs,5.855045766544091
GCCA + MDT,29,ami,0.7908902720096177
GCCA + MDT,29,ari,0.6513518124990305
GCCA + MDT,30,chs,5.730539051331492
GCCA + MDT,30,ami,0.7965056974469856
GCCA + MDT,30,ari,0.686588443278539
GCCA + MDT,31,chs,5.893632636194928
GCCA + MDT,31,ami,0.8007643402256357
GCCA + MDT,31,ari,0.6695172666046453
GCCA + MDT,32,chs,5.848562282685531
GCCA + MDT,32,ami,0.7948136950606888
GCCA + MDT,32,ari,0.6624941858068922
GCCA + MDT,33,chs,5.851358105823003
GCCA + MDT,33,ami,0.7922312709553148
GCCA + MDT,33,ari,0.653989554133076
GCCA + MDT,34,chs,5.84789426296927
GCCA + MDT,34,ami,0.8061932885676745
GCCA + MDT,34,ari,0.6751697500785604
GCCA + MDT,35,chs,5.813825639511904
GCCA + MDT,35,ami,0.8005697006159114
GCCA + MDT,35,ari,0.6744050405897617
GCCA + MDT,36,chs,5.803779283251911
GCCA + MDT,36,ami,0.8026723035315725
GCCA + MDT,36,ari,0.6849103912768506
GCCA + MDT,37,chs,5.893426473838922
GCCA + MDT,37,ami,0.8044244636108169
GCCA + MDT,37,ari,0.6730843706777316
GCCA + MDT,38,chs,5.799972963889415
GCCA + MDT,38,ami,0.801295344247808
GCCA + MDT,38,ari,0.6662347546102059
GCCA + MDT,39,chs,5.792613920184648
GCCA + MDT,39,ami,0.7896902107007173
GCCA + MDT,39,ari,0.6501358628720958
GCCA + MDT,40,chs,5.782600389973938
GCCA + MDT,40,ami,0.7917171587971215
GCCA + MDT,40,ari,0.6572452937096411
GCCA + MDT,41,chs,5.778270987399109
GCCA + MDT,41,ami,0.7852976422338276
GCCA + MDT,41,ari,0.6335059059302219
GCCA + MDT,42,chs,5.822619381344202
GCCA + MDT,42,ami,0.7820479055540317
GCCA + MDT,42,ari,0.6482113024148453
GCCA + MDT,43,chs,5.792068345658688
GCCA + MDT,43,ami,0.8002207886665639
GCCA + MDT,43,ari,0.6742176011763954
GCCA + MDT,44,chs,5.815822763670317
GCCA + MDT,44,ami,0.8009011762159337
GCCA + MDT,44,ari,0.6637964469824688
GCCA + MDT,45,chs,5.8879272957673665
GCCA + MDT,45,ami,0.8088791859476955
GCCA + MDT,45,ari,0.6864681453459194
GCCA + MDT,46,chs,5.853406016521371
GCCA + MDT,46,ami,0.8085628020106407
GCCA + MDT,46,ari,0.6943545786267872
GCCA + MDT,47,chs,5.7928876581898
GCCA + MDT,47,ami,0.7945055961755549
GCCA + MDT,47,ari,0.6560658232926199
GCCA + MDT,48,chs,5.779773689860775
GCCA + MDT,48,ami,0.7972186739168015
GCCA + MDT,48,ari,0.6813592470358147
GCCA + MDT,49,chs,5.801033008568516
GCCA + MDT,49,ami,0.7979837217785221
GCCA + MDT,49,ari,0.6689611642391835
GCCA + MDT,50,chs,5.849315239050613
GCCA + MDT,50,ami,0.8087372283418062
GCCA + MDT,50,ari,0.6904622892599587
GCCA + MDT,51,chs,5.871253195473275
GCCA + MDT,51,ami,0.8119717424578842
GCCA + MDT,51,ari,0.6937741015701461
GCCA + MDT,52,chs,5.685352125452216
GCCA + MDT,52,ami,0.7947310464146423
GCCA + MDT,52,ari,0.6753952639103172
GCCA + MDT,53,chs,5.823708469841705
GCCA + MDT,53,ami,0.8045858308730559
GCCA + MDT,53,ari,0.6855614217502347
GCCA + MDT,54,chs,5.8765853403567405
GCCA + MDT,54,ami,0.7956769386733614
GCCA + MDT,54,ari,0.6723528364777839
GCCA + MDT,55,chs,5.86377127962079
GCCA + MDT,55,ami,0.7928758258383644
GCCA + MDT,55,ari,0.6673461908929068
GCCA + MDT,56,chs,5.869540186280759
GCCA + MDT,56,ami,0.7920320730241751
GCCA + MDT,56,ari,0.6670320558764422
GCCA + MDT,57,chs,5.822954921695795
GCCA + MDT,57,ami,0.8013640702434602
GCCA + MDT,57,ari,0.6769397876543505
GCCA + MDT,58,chs,5.825975452973363
GCCA + MDT,58,ami,0.8040200539657033
GCCA + MDT,58,ari,0.6873889696178432
GCCA + MDT,59,chs,5.828149820854865
GCCA + MDT,59,ami,0.8104552970379167
GCCA + MDT,59,ari,0.6899654951051195
GCCA + MDT,60,chs,5.797821021649442
GCCA + MDT,60,ami,0.7976325361920724
GCCA + MDT,60,ari,0.6729232215833062
GCCA + MDT,61,chs,5.881237895635687
GCCA + MDT,61,ami,0.7883747420990365
GCCA + MDT,61,ari,0.6554042133099679
GCCA + MDT,62,chs,5.789770021305674
GCCA + MDT,62,ami,0.7932398175783855
GCCA + MDT,62,ari,0.6626254927413688
GCCA + MDT,63,chs,5.750323443450569
GCCA + MDT,63,ami,0.7849041378651869
GCCA + MDT,63,ari,0.6303879597897233
GCCA + MDT,64,chs,5.828506301493373
GCCA + MDT,64,ami,0.7975865632923068
GCCA + MDT,64,ari,0.6817125504341256
GCCA + MDT,65,chs,5.794894215149385
GCCA + MDT,65,ami,0.7981005160505954
GCCA + MDT,65,ari,0.6732738101216242
GCCA + MDT,66,chs,5.838990288448557
GCCA + MDT,66,ami,0.7968885626642201
GCCA + MDT,66,ari,0.6612503156819023
GCCA + MDT,67,chs,5.758429623577906
GCCA + MDT,67,ami,0.797357343130027
GCCA + MDT,67,ari,0.6532474899754437
GCCA + MDT,68,chs,5.888042771186154
GCCA + MDT,68,ami,0.7958831794636847
GCCA + MDT,68,ari,0.6692666584042634
GCCA + MDT,69,chs,5.839084873636947
GCCA + MDT,69,ami,0.7863572147629179
GCCA + MDT,69,ari,0.6603131821354647
GCCA + MDT,70,chs,5.820546611277955
GCCA + MDT,70,ami,0.8048534384569634
GCCA + MDT,70,ari,0.6851296424933321
GCCA + MDT,71,chs,5.838948484953825
GCCA + MDT,71,ami,0.8052594677608442
GCCA + MDT,71,ari,0.6771625925202578
GCCA + MDT,72,chs,5.819833644165561
GCCA + MDT,72,ami,0.796257886885761
GCCA + MDT,72,ari,0.6668252156265855
GCCA + MDT,73,chs,5.830428004960959
GCCA + MDT,73,ami,0.7861008161566426
GCCA + MDT,73,ari,0.6586794312262424
GCCA + MDT,74,chs,5.8463156897928314
GCCA + MDT,74,ami,0.8005419800475294
GCCA + MDT,74,ari,0.6657708918900391
GCCA + MDT,75,chs,5.81595326033691
GCCA + MDT,75,ami,0.8102510307442171
GCCA + MDT,75,ari,0.688609721638856
GCCA + MDT,76,chs,5.7221024230165405
GCCA + MDT,76,ami,0.7888968889520757
GCCA + MDT,76,ari,0.6600062466304999
GCCA + MDT,77,chs,5.876049457500173
GCCA + MDT,77,ami,0.8174474019286894
GCCA + MDT,77,ari,0.7012518162060215
GCCA + MDT,78,chs,5.785758112902706
GCCA + MDT,78,ami,0.7963897925802922
GCCA + MDT,78,ari,0.686588443278539
GCCA + MDT,79,chs,5.815806183183721
GCCA + MDT,79,ami,0.801107571488013
GCCA + MDT,79,ari,0.6651044395902883
GCCA + MDT,80,chs,5.795164194517822
GCCA + MDT,80,ami,0.797654903198253
GCCA + MDT,80,ari,0.6625028478949146
GCCA + MDT,81,chs,5.807641035045123
GCCA + MDT,81,ami,0.799402604006308
GCCA + MDT,81,ari,0.6839661727432248
GCCA + MDT,82,chs,5.880008647067596
GCCA + MDT,82,ami,0.8080151860580905
GCCA + MDT,82,ari,0.6825116761805916
GCCA + MDT,83,chs,5.814478794529987
GCCA + MDT,83,ami,0.7977284906058635
GCCA + MDT,83,ari,0.6755765420127324
GCCA + MDT,84,chs,5.779159210634165
GCCA + MDT,84,ami,0.7954535515622936
GCCA + MDT,84,ari,0.666849273739912
GCCA + MDT,85,chs,5.862878600311444
GCCA + MDT,85,ami,0.7953790123631073
GCCA + MDT,85,ari,0.6778992526985884
GCCA + MDT,86,chs,5.8426685617065415
GCCA + MDT,86,ami,0.8053211875021715
GCCA + MDT,86,ari,0.6786686429329275
GCCA + MDT,87,chs,5.866268911923424
GCCA + MDT,87,ami,0.8032775845524265
GCCA + MDT,87,ari,0.6862842010937921
GCCA + MDT,88,chs,5.833079309587069
GCCA + MDT,88,ami,0.7859216462450638
GCCA + MDT,88,ari,0.6421604021500705
GCCA + MDT,89,chs,5.8277687300552055
GCCA + MDT,89,ami,0.8060216261973093
GCCA + MDT,89,ari,0.6797038637090098
GCCA + MDT,90,chs,5.768192481806137
GCCA + MDT,90,ami,0.7852205612839193
GCCA + MDT,90,ari,0.6457770276915572
GCCA + MDT,91,chs,5.84472724130274
GCCA + MDT,91,ami,0.8172564739630905
GCCA + MDT,91,ari,0.7005223084784918
GCCA + MDT,92,chs,5.7079006600395505
GCCA + MDT,92,ami,0.7930116532666366
GCCA + MDT,92,ari,0.6689993873595196
GCCA + MDT,93,chs,5.8337672678479535
GCCA + MDT,93,ami,0.8141260695536842
GCCA + MDT,93,ari,0.6950584260171758
GCCA + MDT,94,chs,5.874522078919069
GCCA + MDT,94,ami,0.7856678363016104
GCCA + MDT,94,ari,0.654404892355292
GCCA + MDT,95,chs,5.886201586584739
GCCA + MDT,95,ami,0.7970850846466841
GCCA + MDT,95,ari,0.6733424537748756
GCCA + MDT,96,chs,5.791485440873227
GCCA + MDT,96,ami,0.7927337925914154
GCCA + MDT,96,ari,0.6468659970411897
GCCA + MDT,97,chs,5.708867057909243
GCCA + MDT,97,ami,0.7905798263664552
GCCA + MDT,97,ari,0.6481047855992975
GCCA + MDT,98,chs,5.795122294198761
GCCA + MDT,98,ami,0.7978311622882284
GCCA + MDT,98,ari,0.680372244579559
GCCA + MDT,99,chs,5.8506501051251
GCCA + MDT,99,ami,0.8123624963574255
GCCA + MDT,99,ari,0.6972819563812407
MVSC,0,chs,5.907923524225259
MVSC,0,ami,0.8049520853221102
MVSC,0,ari,0.6705599354829739
MVSC,1,chs,5.843617141213427
MVSC,1,ami,0.7952226768911138
MVSC,1,ari,0.6710767713830811
MVSC,2,chs,5.882669139502962
MVSC,2,ami,0.7958755524095646
MVSC,2,ari,0.651702986342445
MVSC,3,chs,5.673770462673756
MVSC,3,ami,0.7992597640271716
MVSC,3,ari,0.6622677892665275
MVSC,4,chs,5.803953125013119
MVSC,4,ami,0.7896239274479535
MVSC,4,ari,0.6444239458419975
MVSC,5,chs,5.918831871335216
MVSC,5,ami,0.807547354102093
MVSC,5,ari,0.67313136393194
MVSC,6,chs,5.800130511859133
MVSC,6,ami,0.8131139721382692
MVSC,6,ari,0.6928294554029573
MVSC,7,chs,5.822084521566146
MVSC,7,ami,0.8021447605978492
MVSC,7,ari,0.6806059816675079
MVSC,8,chs,5.869535902741726
MVSC,8,ami,0.8018577442997457
MVSC,8,ari,0.6692666584042634
MVSC,9,chs,5.857986536646348
MVSC,9,ami,0.7874375450503072
MVSC,9,ari,0.6268151278716948
MVSC,10,chs,5.714086944654044
MVSC,10,ami,0.7963934251862187
MVSC,10,ari,0.6683091651414895
MVSC,11,chs,5.893747087122421
MVSC,11,ami,0.7925764959831877
MVSC,11,ari,0.6561401548853522
MVSC,12,chs,5.84252419692778
MVSC,12,ami,0.8010485146497877
MVSC,12,ari,0.6749687462193007
MVSC,13,chs,5.904176040657964
MVSC,13,ami,0.799277304022004
MVSC,13,ari,0.6803267216882108
MVSC,14,chs,5.919843163400072
MVSC,14,ami,0.8089565422929661
MVSC,14,ari,0.6690887131717895
MVSC,15,chs,5.742838296019661
MVSC,15,ami,0.8197987817770273
MVSC,15,ari,0.688610601018957
MVSC,16,chs,5.746800872028619
MVSC,16,ami,0.7876001628194254
MVSC,16,ari,0.6540222811840675
MVSC,17,chs,5.8059504461962925
MVSC,17,ami,0.7957214986274553
MVSC,17,ari,0.666533858128285
MVSC,18,chs,5.880692831400487
MVSC,18,ami,0.8101802706256639
MVSC,18,ari,0.6921333870331271
MVSC,19,chs,5.8770431971426245
MVSC,19,ami,0.8111206484565275
MVSC,19,ari,0.6826238620572304
MVSC,20,chs,5.8081180570308995
MVSC,20,ami,0.7936603886497465
MVSC,20,ari,0.6740202686950229
MVSC,21,chs,5.937945251292963
MVSC,21,ami,0.8106094899083837
MVSC,21,ari,0.6726413108277473
MVSC,22,chs,5.8920601845833005
MVSC,22,ami,0.7996910192698103
MVSC,22,ari,0.6811480732931544
MVSC,23,chs,5.981087913159572
MVSC,23,ami,0.8102727014349137
MVSC,23,ari,0.6700245347352433
MVSC,24,chs,5.808139760472086
MVSC,24,ami,0.7991688982339541
MVSC,24,ari,0.6706022958953087
MVSC,25,chs,5.815699591457051
MVSC,25,ami,0.7827974799046032
MVSC,25,ari,0.6450323404491575
MVSC,26,chs,5.888257644957148
MVSC,26,ami,0.8133527460958392
MVSC,26,ari,0.6862260703789023
MVSC,27,chs,5.804872940025575
MVSC,27,ami,0.8065455762977359
MVSC,27,ari,0.6934526988718067
MVSC,28,chs,5.8295158185137534
MVSC,28,ami,0.8047985259312515
MVSC,28,ari,0.6748950677837995
MVSC,29,chs,5.881677661418942
MVSC,29,ami,0.8146022997354183
MVSC,29,ari,0.6869725401189182
MVSC,30,chs,5.882987601775401
MVSC,30,ami,0.802463391347728
MVSC,30,ari,0.6621405578452008
MVSC,31,chs,5.901218625713767
MVSC,31,ami,0.8098808910083114
MVSC,31,ari,0.6917187990973234
MVSC,32,chs,5.879661771546093
MVSC,32,ami,0.8128540632418909
MVSC,32,ari,0.6887248734938075
MVSC,33,chs,5.9200804484686795
MVSC,33,ami,0.8010164820654856
MVSC,33,ari,0.6684464466969785
MVSC,34,chs,5.8446804950951785
MVSC,34,ami,0.7949059893324665
MVSC,34,ari,0.6618641806109324
MVSC,35,chs,5.923002227198219
MVSC,35,ami,0.8028152660594824
MVSC,35,ari,0.6720055864016069
MVSC,36,chs,5.966530450021647
MVSC,36,ami,0.8062435213039411
MVSC,36,ari,0.6682005677940115
MVSC,37,chs,5.912425193523658
MVSC,37,ami,0.8019563605854643
MVSC,37,ari,0.6632672004170995
MVSC,38,chs,5.818337152795577
MVSC,38,ami,0.7911179137964549
MVSC,38,ari,0.6657255798980667
MVSC,39,chs,5.890322656120458
MVSC,39,ami,0.8041151006685759
MVSC,39,ari,0.682900809013101
MVSC,40,chs,5.869390423148749
MVSC,40,ami,0.7966011914885165
MVSC,40,ari,0.6693230318196911
MVSC,41,chs,5.94221516675673
MVSC,41,ami,0.8131100999996832
MVSC,41,ari,0.6935773182416214
MVSC,42,chs,5.7721005396249385
MVSC,42,ami,0.8075346225496705
MVSC,42,ari,0.6910159152709843
MVSC,43,chs,5.848128510832123
MVSC,43,ami,0.796474245353101
MVSC,43,ari,0.6670320558764422
MVSC,44,chs,5.920310546772285
MVSC,44,ami,0.8101097965497074
MVSC,44,ari,0.6909935030927543
MVSC,45,chs,5.964815254128216
MVSC,45,ami,0.8036527111065829
MVSC,45,ari,0.6720917780193082
MVSC,46,chs,5.809641627964286
MVSC,46,ami,0.7900560100594516
MVSC,46,ari,0.6630755377688844
MVSC,47,chs,5.869833859743709
MVSC,47,ami,0.7964071259627186
MVSC,47,ari,0.6713511860204927
MVSC,48,chs,5.889376323631671
MVSC,48,ami,0.7980949135370996
MVSC,48,ari,0.6734749274636715
MVSC,49,chs,5.971666470183225
MVSC,49,ami,0.8046212328108647
MVSC,49,ari,0.6546055301141963
MVSC,50,chs,5.787898462228344
MVSC,50,ami,0.8048214073241833
MVSC,50,ari,0.6911760505041848
MVSC,51,chs,5.854155554098038
MVSC,51,ami,0.7944788204754005
MVSC,51,ari,0.6709232857700657
MVSC,52,chs,5.868616430009805
MVSC,52,ami,0.8094748020219705
MVSC,52,ari,0.673507925080549
MVSC,53,chs,5.834210575253375
MVSC,53,ami,0.8095855355385109
MVSC,53,ari,0.6820755321363935
MVSC,54,chs,5.881873373070345
MVSC,54,ami,0.8020345853242885
MVSC,54,ari,0.6689203239087684
MVSC,55,chs,5.949072708672625
MVSC,55,ami,0.8093598169517078
MVSC,55,ari,0.6743342457950284
MVSC,56,chs,5.913719218045079
MVSC,56,ami,0.7804664382985911
MVSC,56,ari,0.6411001556824079
MVSC,57,chs,5.882734935031957
MVSC,57,ami,0.8093629961488127
MVSC,57,ari,0.685106965544733
MVSC,58,chs,5.882040658868405
MVSC,58,ami,0.8179170044473195
MVSC,58,ari,0.7009449536061935
MVSC,59,chs,5.954373864380425
MVSC,59,ami,0.8022242094751555
MVSC,59,ari,0.6702711536085392
MVSC,60,chs,5.892264729284658
MVSC,60,ami,0.8107695188865238
MVSC,60,ari,0.6783815980591208
MVSC,61,chs,5.825991453634831
MVSC,61,ami,0.8047603606000032
MVSC,61,ari,0.6837376188199986
MVSC,62,chs,5.959444719576812
MVSC,62,ami,0.8176034186972092
MVSC,62,ari,0.6884961513574454
MVSC,63,chs,5.908706350104886
MVSC,63,ami,0.8013487456277363
MVSC,63,ari,0.6650006213152554
MVSC,64,chs,5.846577084565039
MVSC,64,ami,0.7973636471283699
MVSC,64,ari,0.6589296843676437
MVSC,65,chs,5.838305939182793
MVSC,65,ami,0.7960662228202428
MVSC,65,ari,0.6658163727184394
MVSC,66,chs,5.93611315960773
MVSC,66,ami,0.8043758190955991
MVSC,66,ari,0.6699514666805086
MVSC,67,chs,5.885981031343395
MVSC,67,ami,0.793064948536252
MVSC,67,ari,0.6543547877948012
MVSC,68,chs,5.76866642733537
MVSC,68,ami,0.7973793307915349
MVSC,68,ari,0.6725228277999896
MVSC,69,chs,5.888135845230183
MVSC,69,ami,0.8044014451528467
MVSC,69,ari,0.6731208879774335
MVSC,70,chs,5.774860525980178
MVSC,70,ami,0.7932797793820653
MVSC,70,ari,0.6733546131630948
MVSC,71,chs,5.8968030936186
MVSC,71,ami,0.8011379014944239
MVSC,71,ari,0.6725228277999896
MVSC,72,chs,5.981143136592014
MVSC,72,ami,0.7972524232654079
MVSC,72,ari,0.6536193229433457
MVSC,73,chs,5.951775567277964
MVSC,73,ami,0.8104031395212845
MVSC,73,ari,0.6753312875566124
MVSC,74,chs,5.844754127316403
MVSC,74,ami,0.8037078353948818
MVSC,74,ari,0.6716412024073387
MVSC,75,chs,5.87257294326057
MVSC,75,ami,0.7866908649848449
MVSC,75,ari,0.6494306780808092
MVSC,76,chs,5.978983830822514
MVSC,76,ami,0.8083207710766781
MVSC,76,ari,0.6719698044221707
MVSC,77,chs,5.765443134589548
MVSC,77,ami,0.8010410570662028
MVSC,77,ari,0.6629264482145327
MVSC,78,chs,5.853836867678608
MVSC,78,ami,0.7981268226714224
MVSC,78,ari,0.6718685133420053
MVSC,79,chs,5.7673961623915515
MVSC,79,ami,0.8126439942698456
MVSC,79,ari,0.6706259558578072
MVSC,80,chs,5.8863013681935294
MVSC,80,ami,0.798775109225003
MVSC,80,ari,0.6589236307381073
MVSC,81,chs,5.8854081454063785
MVSC,81,ami,0.7813487311496636
MVSC,81,ari,0.6408584151849162
MVSC,82,chs,5.843491558804385
MVSC,82,ami,0.8085178926759526
MVSC,82,ari,0.6768748801227543
MVSC,83,chs,5.891752725625469
MVSC,83,ami,0.7922200824300363
MVSC,83,ari,0.6538488468163168
MVSC,84,chs,5.880124331091912
MVSC,84,ami,0.7961890407440441
MVSC,84,ari,0.6745627379486313
MVSC,85,chs,5.898888245311211
MVSC,85,ami,0.8012821218958375
MVSC,85,ari,0.6690132351285721
MVSC,86,chs,5.88184409491661
MVSC,86,ami,0.796272320727813
MVSC,86,ari,0.6717586259309926
MVSC,87,chs,5.910828741988876
MVSC,87,ami,0.7810401754289276
MVSC,87,ari,0.6375964842314954
MVSC,88,chs,5.969973027475222
MVSC,88,ami,0.8036056449797822
MVSC,88,ari,0.6705748113515104
MVSC,89,chs,5.936750838275055
MVSC,89,ami,0.7932420729916702
MVSC,89,ari,0.6532842610042725
MVSC,90,chs,5.916503365916823
MVSC,90,ami,0.8088677840134187
MVSC,90,ari,0.6769397876543505
MVSC,91,chs,5.863618360870078
MVSC,91,ami,0.7985058940655174
MVSC,91,ari,0.6725724540837756
MVSC,92,chs,5.831454339441137
MVSC,92,ami,0.7917196520461525
MVSC,92,ari,0.6503072103791735
MVSC,93,chs,5.905081910112035
MVSC,93,ami,0.803948453540142
MVSC,93,ari,0.6776300015514153
MVSC,94,chs,5.925516868803333
MVSC,94,ami,0.8074782794083348
MVSC,94,ari,0.681546184169479
MVSC,95,chs,5.796230196255911
MVSC,95,ami,0.8036535176288001
MVSC,95,ari,0.6801393502127159
MVSC,96,chs,5.918947052144563
MVSC,96,ami,0.8077262509513051
MVSC,96,ari,0.690516646043489
MVSC,97,chs,5.814618137773153
MVSC,97,ami,0.8162500899471947
MVSC,97,ari,0.6887248734938075
MVSC,98,chs,5.925417880253182
MVSC,98,ami,0.7934000218367877
MVSC,98,ari,0.6609655965832979
MVSC,99,chs,5.837131491480076
MVSC,99,ami,0.800416216353929
MVSC,99,ari,0.6678530225081029
MVSC + MDT,0,chs,5.866435542870127
MVSC + MDT,0,ami,0.7859402595864105
MVSC + MDT,0,ari,0.6438883937752794
MVSC + MDT,1,chs,5.851929540863502
MVSC + MDT,1,ami,0.7991798206177209
MVSC + MDT,1,ari,0.6680869844326753
MVSC + MDT,2,chs,5.9550766186885795
MVSC + MDT,2,ami,0.7977797352362432
MVSC + MDT,2,ari,0.6581636267741453
MVSC + MDT,3,chs,5.716397963283427
MVSC + MDT,3,ami,0.8093646726983399
MVSC + MDT,3,ari,0.6941302096947077
MVSC + MDT,4,chs,5.845734627838949
MVSC + MDT,4,ami,0.8059977598874292
MVSC + MDT,4,ari,0.6833511026317266
MVSC + MDT,5,chs,5.92221323471088
MVSC + MDT,5,ami,0.7966944201167672
MVSC + MDT,5,ari,0.6562375311291809
MVSC + MDT,6,chs,5.891384968692561
MVSC + MDT,6,ami,0.8143432331508835
MVSC + MDT,6,ari,0.6892323063039835
MVSC + MDT,7,chs,5.757088501804816
MVSC + MDT,7,ami,0.7999519994053528
MVSC + MDT,7,ari,0.6743650066746882
MVSC + MDT,8,chs,5.913355793048049
MVSC + MDT,8,ami,0.7976055288289305
MVSC + MDT,8,ari,0.662750779191775
MVSC + MDT,9,chs,5.856401528021611
MVSC + MDT,9,ami,0.8058245772715966
MVSC + MDT,9,ari,0.6839917642778601
MVSC + MDT,10,chs,5.854790863329649
MVSC + MDT,10,ami,0.7878242220222202
MVSC + MDT,10,ari,0.6452580454314057
MVSC + MDT,11,chs,5.76674886266749
MVSC + MDT,11,ami,0.8042422265718194
MVSC + MDT,11,ari,0.6895177979077596
MVSC + MDT,12,chs,5.839256337946473
MVSC + MDT,12,ami,0.7977283237768584
MVSC + MDT,12,ari,0.6649794879773747
MVSC + MDT,13,chs,5.929275930864559
MVSC + MDT,13,ami,0.8051808148065888
MVSC + MDT,13,ari,0.6764881362155216
MVSC + MDT,14,chs,5.826047732182349
MVSC + MDT,14,ami,0.8138142327594606
MVSC + MDT,14,ari,0.687255055651356
MVSC + MDT,15,chs,5.930194532364416
MVSC + MDT,15,ami,0.793953165435976
MVSC + MDT,15,ari,0.6589357471599995
MVSC + MDT,16,chs,5.740153381011529
MVSC + MDT,16,ami,0.7975613605219847
MVSC + MDT,16,ari,0.6696840490675653
MVSC + MDT,17,chs,5.726136739257192
MVSC + MDT,17,ami,0.7804276253351302
MVSC + MDT,17,ari,0.6441464508727427
MVSC + MDT,18,chs,5.780484993496064
MVSC + MDT,18,ami,0.7926201509840527
MVSC + MDT,18,ari,0.6564840499997013
MVSC + MDT,19,chs,5.906354306897505
MVSC + MDT,19,ami,0.8009108224482642
MVSC + MDT,19,ari,0.6730417674138625
MVSC + MDT,20,chs,5.947981485515947
MVSC + MDT,20,ami,0.8030479493274225
MVSC + MDT,20,ari,0.6648536581991529
MVSC + MDT,21,chs,5.868577834672642
MVSC + MDT,21,ami,0.8063693483622518
MVSC + MDT,21,ari,0.6856415507465163
MVSC + MDT,22,chs,5.836230174621717
MVSC + MDT,22,ami,0.7980317741989824
MVSC + MDT,22,ari,0.6578371153113345
MVSC + MDT,23,chs,5.875374734788732
MVSC + MDT,23,ami,0.804167984891133
MVSC + MDT,23,ari,0.6710410768907373
MVSC + MDT,24,chs,5.870060276262745
MVSC + MDT,24,ami,0.7992784956329945
MVSC + MDT,24,ari,0.6652005532503458
MVSC + MDT,25,chs,5.871435570960145
MVSC + MDT,25,ami,0.7998401437373388
MVSC + MDT,25,ari,0.6501462997346191
MVSC + MDT,26,chs,5.938277468998324
MVSC + MDT,26,ami,0.8026522543008454
MVSC + MDT,26,ari,0.6646542845981747
MVSC + MDT,27,chs,5.964113876681685
MVSC + MDT,27,ami,0.8123976223907304
MVSC + MDT,27,ari,0.6823618653291903
MVSC + MDT,28,chs,5.878707499978788
MVSC + MDT,28,ami,0.814694337709637
MVSC + MDT,28,ari,0.6741650993500102
MVSC + MDT,29,chs,5.856871119544376
MVSC + MDT,29,ami,0.8000513556524516
MVSC + MDT,29,ari,0.674840104531224
MVSC + MDT,30,chs,5.832986136177492
MVSC + MDT,30,ami,0.8013145974734597
MVSC + MDT,30,ari,0.6724570121817143
MVSC + MDT,31,chs,5.884065291698315
MVSC + MDT,31,ami,0.7880604650554262
MVSC + MDT,31,ari,0.6534503542682292
MVSC + MDT,32,chs,5.900503363341047
MVSC + MDT,32,ami,0.793183843237016
MVSC + MDT,32,ari,0.6676079281030263
MVSC + MDT,33,chs,5.8572632524100054
MVSC + MDT,33,ami,0.7964464880524516
MVSC + MDT,33,ari,0.6551695819988503
MVSC + MDT,34,chs,5.840433539506404
MVSC + MDT,34,ami,0.7912707894783432
MVSC + MDT,34,ari,0.6571027440970006
MVSC + MDT,35,chs,5.758329388882645
MVSC + MDT,35,ami,0.8011031556424424
MVSC + MDT,35,ari,0.6682397357243983
MVSC + MDT,36,chs,5.799480103318733
MVSC + MDT,36,ami,0.7977332563978928
MVSC + MDT,36,ari,0.6695879652078133
MVSC + MDT,37,chs,5.8205906161634235
MVSC + MDT,37,ami,0.8057531469519476
MVSC + MDT,37,ari,0.6646877666876925
MVSC + MDT,38,chs,5.814383896102919
MVSC + MDT,38,ami,0.7867230749758555
MVSC + MDT,38,ari,0.6589723175036466
MVSC + MDT,39,chs,5.780219910304391
MVSC + MDT,39,ami,0.8082891626038629
MVSC + MDT,39,ari,0.6803880084627361
MVSC + MDT,40,chs,5.9126940499019565
MVSC + MDT,40,ami,0.7921002882125379
MVSC + MDT,40,ari,0.6671397558859629
MVSC + MDT,41,chs,5.874414664158288
MVSC + MDT,41,ami,0.8036563842995011
MVSC + MDT,41,ari,0.6767632151637815
MVSC + MDT,42,chs,5.993448347610036
MVSC + MDT,42,ami,0.8103287593806716
MVSC + MDT,42,ari,0.6822371185592796
MVSC + MDT,43,chs,5.94248279923506
MVSC + MDT,43,ami,0.8083128424621139
MVSC + MDT,43,ari,0.6818162867018605
MVSC + MDT,44,chs,5.960935091471276
MVSC + MDT,44,ami,0.8067506508793826
MVSC + MDT,44,ari,0.6763811459638667
MVSC + MDT,45,chs,5.816388098314031
MVSC + MDT,45,ami,0.7961594366374012
MVSC + MDT,45,ari,0.6585107199282255
MVSC + MDT,46,chs,5.817961901002813
MVSC + MDT,46,ami,0.7947591996300519
MVSC + MDT,46,ari,0.6721680420105026
MVSC + MDT,47,chs,5.800427889122013
MVSC + MDT,47,ami,0.8046547128850251
MVSC + MDT,47,ari,0.6620325759224146
MVSC + MDT,48,chs,5.8547373850221724
MVSC + MDT,48,ami,0.8050591087885031
MVSC + MDT,48,ari,0.6768748801227543
MVSC + MDT,49,chs,5.964449571255495
MVSC + MDT,49,ami,0.7971962544231136
MVSC + MDT,49,ari,0.6602997750303452
MVSC + MDT,50,chs,5.884812809418649
MVSC + MDT,50,ami,0.8065146186472376
MVSC + MDT,50,ari,0.6814275397207511
MVSC + MDT,51,chs,5.875179031650418
MVSC + MDT,51,ami,0.8115433660745534
MVSC + MDT,51,ari,0.6921637988614877
MVSC + MDT,52,chs,5.885149969396716
MVSC + MDT,52,ami,0.8008926051949652
MVSC + MDT,52,ari,0.6702711536085392
MVSC + MDT,53,chs,5.932616154735492
MVSC + MDT,53,ami,0.81016290849841
MVSC + MDT,53,ari,0.6703685782063236
MVSC + MDT,54,chs,5.7812693712281025
MVSC + MDT,54,ami,0.8031841272252674
MVSC + MDT,54,ari,0.6652072279321732
MVSC + MDT,55,chs,5.7959538343024395
MVSC + MDT,55,ami,0.7959109920954506
MVSC + MDT,55,ari,0.6814540520215149
MVSC + MDT,56,chs,5.927711384325479
MVSC + MDT,56,ami,0.8070065403567682
MVSC + MDT,56,ari,0.6674697938596318
MVSC + MDT,57,chs,5.936010347555899
MVSC + MDT,57,ami,0.7989093706327233
MVSC + MDT,57,ari,0.6774014593810993
MVSC + MDT,58,chs,5.888733989510673
MVSC + MDT,58,ami,0.8181260673611148
MVSC + MDT,58,ari,0.6887102478412735
MVSC + MDT,59,chs,5.900494189520872
MVSC + MDT,59,ami,0.8117624264284166
MVSC + MDT,59,ari,0.6820001588688538
MVSC + MDT,60,chs,5.867368811051298
MVSC + MDT,60,ami,0.7755490236969952
MVSC + MDT,60,ari,0.6368099043836187
MVSC + MDT,61,chs,5.744016733454927
MVSC + MDT,61,ami,0.7943182362692175
MVSC + MDT,61,ari,0.6621059803389925
MVSC + MDT,62,chs,5.815554281733451
MVSC + MDT,62,ami,0.8224619653231021
MVSC + MDT,62,ari,0.7032260907535824
MVSC + MDT,63,chs,5.799949124786165
MVSC + MDT,63,ami,0.7961425303258214
MVSC + MDT,63,ari,0.6712731602590701
MVSC + MDT,64,chs,5.929671558183063
MVSC + MDT,64,ami,0.8001955756245799
MVSC + MDT,64,ari,0.647250188277306
MVSC + MDT,65,chs,5.93700815914476
MVSC + MDT,65,ami,0.7974316385650794
MVSC + MDT,65,ari,0.6689579709331688
MVSC + MDT,66,chs,5.855481982912627
MVSC + MDT,66,ami,0.8059870793324714
MVSC + MDT,66,ari,0.6638637352130998
MVSC + MDT,67,chs,5.930477425721556
MVSC + MDT,67,ami,0.8044456467034697
MVSC + MDT,67,ari,0.6692808456437219
MVSC + MDT,68,chs,5.794496861843456
MVSC + MDT,68,ami,0.8029950894823409
MVSC + MDT,68,ari,0.6731377759321852
MVSC + MDT,69,chs,5.935057943062166
MVSC + MDT,69,ami,0.8098953403811223
MVSC + MDT,69,ari,0.6807084537521535
MVSC + MDT,70,chs,5.869486016049593
MVSC + MDT,70,ami,0.8036293503036779
MVSC + MDT,70,ari,0.666103124333484
MVSC + MDT,71,chs,5.895046393870621
MVSC + MDT,71,ami,0.807553734328214
MVSC + MDT,71,ari,0.6826159190454614
MVSC + MDT,72,chs,5.810878437989643
MVSC + MDT,72,ami,0.7953659834183966
MVSC + MDT,72,ari,0.6698908639632076
MVSC + MDT,73,chs,5.889488433435857
MVSC + MDT,73,ami,0.7944192568394053
MVSC + MDT,73,ari,0.6691542288557214
MVSC + MDT,74,chs,5.899313364304563
MVSC + MDT,74,ami,0.8120083110444856
MVSC + MDT,74,ari,0.6919113381461905
MVSC + MDT,75,chs,5.818817610713771
MVSC + MDT,75,ami,0.806327974730306
MVSC + MDT,75,ari,0.6873688184833489
MVSC + MDT,76,chs,5.890662440329727
MVSC + MDT,76,ami,0.8166703657105481
MVSC + MDT,76,ari,0.6950922752093779
MVSC + MDT,77,chs,5.7812997339709575
MVSC + MDT,77,ami,0.8035852159938016
MVSC + MDT,77,ari,0.6693635989062442
MVSC + MDT,78,chs,5.783288409954185
MVSC + MDT,78,ami,0.7900665309267726
MVSC + MDT,78,ari,0.6563020345315326
MVSC + MDT,79,chs,5.88417694147039
MVSC + MDT,79,ami,0.7944137487240387
MVSC + MDT,79,ari,0.6548649829141081
MVSC + MDT,80,chs,5.834041445018974
MVSC + MDT,80,ami,0.7991915413204034
MVSC + MDT,80,ari,0.6697165865007896
MVSC + MDT,81,chs,5.8760620750162
MVSC + MDT,81,ami,0.8055758108418994
MVSC + MDT,81,ari,0.6670025900081759
MVSC + MDT,82,chs,5.885807743848236
MVSC + MDT,82,ami,0.8134608799093216
MVSC + MDT,82,ari,0.6842391683527523
MVSC + MDT,83,chs,5.8198475330075965
MVSC + MDT,83,ami,0.7878036278457368
MVSC + MDT,83,ari,0.6704001554945456
MVSC + MDT,84,chs,5.887719448922677
MVSC + MDT,84,ami,0.8081003449320557
MVSC + MDT,84,ari,0.6728550821965167
MVSC + MDT,85,chs,5.7850667148890516
MVSC + MDT,85,ami,0.808469788275481
MVSC + MDT,85,ari,0.6870120452236235
MVSC + MDT,86,chs,5.842452678916542
MVSC + MDT,86,ami,0.8063767075268454
MVSC + MDT,86,ari,0.6777538306044875
MVSC + MDT,87,chs,5.857845158181799
MVSC + MDT,87,ami,0.8035742122698767
MVSC + MDT,87,ari,0.676198344792819
MVSC + MDT,88,chs,5.822438405519764
MVSC + MDT,88,ami,0.8008666991263259
MVSC + MDT,88,ari,0.6687806707531239
MVSC + MDT,89,chs,5.955175961938339
MVSC + MDT,89,ami,0.8149254624742194
MVSC + MDT,89,ari,0.6766280045679063
MVSC + MDT,90,chs,5.76252315249736
MVSC + MDT,90,ami,0.8090253578273363
MVSC + MDT,90,ari,0.6889724503107973
MVSC + MDT,91,chs,5.842331750022174
MVSC + MDT,91,ami,0.7942652000705253
MVSC + MDT,91,ari,0.6644864414712873
MVSC + MDT,92,chs,5.841345618055637
MVSC + MDT,92,ami,0.7951913417845572
MVSC + MDT,92,ari,0.6656455239126541
MVSC + MDT,93,chs,5.85448383678611
MVSC + MDT,93,ami,0.8055804058694868
MVSC + MDT,93,ari,0.681681399473338
MVSC + MDT,94,chs,5.782774287321127
MVSC + MDT,94,ami,0.7967701469492613
MVSC + MDT,94,ari,0.6588815101546378
MVSC + MDT,95,chs,5.8432709034117565
MVSC + MDT,95,ami,0.7887230323803128
MVSC + MDT,95,ari,0.6504837666767513
MVSC + MDT,96,chs,5.93757420114185
MVSC + MDT,96,ami,0.8156332299442712
MVSC + MDT,96,ari,0.6756008229966993
MVSC + MDT,97,chs,5.874939975045109
MVSC + MDT,97,ami,0.7945072024197679
MVSC + MDT,97,ari,0.6679438110094399
MVSC + MDT,98,chs,5.805739881777233
MVSC + MDT,98,ami,0.8093705145295167
MVSC + MDT,98,ari,0.6776932153859556
MVSC + MDT,99,chs,5.94748276261675
MVSC + MDT,99,ami,0.8020085590560486
MVSC + MDT,99,ari,0.6731546895978519
