method,repeat,metric,value
Alternating Diffusion,0,chs,5.021319795457697
Alternating Diffusion,0,ami,0.5701323729471096
Alternating Diffusion,0,ari,0.4455774772777655
Alternating Diffusion,1,chs,5.159188760881533
Alternating Diffusion,1,ami,0.574336933876975
Alternating Diffusion,1,ari,0.4148704320805388
Alternating Diffusion,2,chs,5.144379266305228
Alternating Diffusion,2,ami,0.5609068330291433
Alternating Diffusion,2,ari,0.3989052864962239
Alternating Diffusion,3,chs,5.178753636363424
Alternating Diffusion,3,ami,0.5908482472020798
Alternating Diffusion,3,ari,0.3919879525760302
Alternating Diffusion,4,chs,5.131951553641001
Alternating Diffusion,4,ami,0.5684901760984522
Alternating Diffusion,4,ari,0.4149613363523732
Alternating Diffusion,5,chs,5.197779787971654
Alternating Diffusion,5,ami,0.5831894081723373
Alternating Diffusion,5,ari,0.40994040621072686
Alternating Diffusion,6,chs,5.143710245144065
Alternating Diffusion,6,ami,0.5709293690714489
Alternating Diffusion,6,ari,0.41743138664524043
Alternating Diffusion,7,chs,5.1329902239111105
Alternating Diffusion,7,ami,0.5818202789050028
Alternating Diffusion,7,ari,0.4272396253949363
Alternating Diffusion,8,chs,5.164863504029245
Alternating Diffusion,8,ami,0.5776827487882132
Alternating Diffusion,8,ari,0.4096144078848028
Alternating Diffusion,9,chs,5.186799801079328
Alternating Diffusion,9,ami,0.5775194216293892
Alternating Diffusion,9,ari,0.41594956003602856
Alternating Diffusion,10,chs,5.1381359742275645
Alternating Diffusion,10,ami,0.5652227241727775
Alternating Diffusion,10,ari,0.40639441535776616
Alternating Diffusion,11,chs,5.132214652672508
Alternating Diffusion,11,ami,0.584741671925384
Alternating Diffusion,11,ari,0.4252255304730846
Alternating Diffusion,12,chs,5.181468726291693
Alternating Diffusion,12,ami,0.5794533848087605
Alternating Diffusion,12,ari,0.40360819873429676
Alternating Diffusion,13,chs,5.182941102399622
Alternating Diffusion,13,ami,0.5883841092158375
Alternating Diffusion,13,ari,0.3961031430007345
Alternating Diffusion,14,chs,5.16843475924669
Alternating Diffusion,14,ami,0.5966796823953159
Alternating Diffusion,14,ari,0.4238888666906408
Alternating Diffusion,15,chs,5.1371310787829
Alternating Diffusion,15,ami,0.5730054177555497
Alternating Diffusion,15,ari,0.42521467272135693
Alternating Diffusion,16,chs,5.210703489771273
Alternating Diffusion,16,ami,0.5871669881038998
Alternating Diffusion,16,ari,0.42015354818932965
Alternating Diffusion,17,chs,5.161382132113665
Alternating Diffusion,17,ami,0.587384028758833
Alternating Diffusion,17,ari,0.41257642382706755
Alternating Diffusion,18,chs,5.183338816209702
Alternating Diffusion,18,ami,0.5784084763047447
Alternating Diffusion,18,ari,0.38716156193271795
Alternating Diffusion,19,chs,5.197175777299997
Alternating Diffusion,19,ami,0.5668540292110835
Alternating Diffusion,19,ari,0.36050391811330657
Alternating Diffusion,20,chs,5.172700635184142
Alternating Diffusion,20,ami,0.5885651995503788
Alternating Diffusion,20,ari,0.4253730318878777
Alternating Diffusion,21,chs,5.162050235881321
Alternating Diffusion,21,ami,0.5930359757447649
Alternating Diffusion,21,ari,0.4039542547005234
Alternating Diffusion,22,chs,5.185335865639974
Alternating Diffusion,22,ami,0.5841334615811126
Alternating Diffusion,22,ari,0.39560722516189667
Alternating Diffusion,23,chs,5.139312218027581
Alternating Diffusion,23,ami,0.6177863581946265
Alternating Diffusion,23,ari,0.3319869929830567
Alternating Diffusion,24,chs,5.190987231777063
Alternating Diffusion,24,ami,0.5868837100987176
Alternating Diffusion,24,ari,0.43450279963144095
Alternating Diffusion,25,chs,5.140097927203117
Alternating Diffusion,25,ami,0.5717239975071239
Alternating Diffusion,25,ari,0.38659199045804
Alternating Diffusion,26,chs,5.207303511019907
Alternating Diffusion,26,ami,0.5872039590963175
Alternating Diffusion,26,ari,0.3941249727175853
Alternating Diffusion,27,chs,5.21640568366954
Alternating Diffusion,27,ami,0.5928529658066528
Alternating Diffusion,27,ari,0.4313005556727861
Alternating Diffusion,28,chs,5.131951553641001
Alternating Diffusion,28,ami,0.5684901760984522
Alternating Diffusion,28,ari,0.4149613363523732
Alternating Diffusion,29,chs,5.137458195540604
Alternating Diffusion,29,ami,0.5487672789792704
Alternating Diffusion,29,ari,0.3883212685280938
Alternating Diffusion,30,chs,5.180002755235351
Alternating Diffusion,30,ami,0.5681104349826258
Alternating Diffusion,30,ari,0.378668410323474
Alternating Diffusion,31,chs,5.19430588128269
Alternating Diffusion,31,ami,0.5668891817345115
Alternating Diffusion,31,ari,0.36400438878589536
Alternating Diffusion,32,chs,5.123318654649883
Alternating Diffusion,32,ami,0.5806425037120277
Alternating Diffusion,32,ari,0.40866189989785495
Alternating Diffusion,33,chs,5.095814747389466
Alternating Diffusion,33,ami,0.5635264275038495
Alternating Diffusion,33,ari,0.4038319308968616
Alternating Diffusion,34,chs,5.176495586832929
Alternating Diffusion,34,ami,0.5911872065227313
Alternating Diffusion,34,ari,0.3964148296851073
Alternating Diffusion,35,chs,5.190928676310116
Alternating Diffusion,35,ami,0.5846124657020835
Alternating Diffusion,35,ari,0.42985897273660384
Alternating Diffusion,36,chs,5.198197242783899
Alternating Diffusion,36,ami,0.5945576067905934
Alternating Diffusion,36,ari,0.4223384975950074
Alternating Diffusion,37,chs,5.198303135012278
Alternating Diffusion,37,ami,0.5823273612343177
Alternating Diffusion,37,ari,0.4206752650226162
Alternating Diffusion,38,chs,5.192306637363108
Alternating Diffusion,38,ami,0.5832179412968718
Alternating Diffusion,38,ari,0.42699458597389517
Alternating Diffusion,39,chs,5.198197242783901
Alternating Diffusion,39,ami,0.5945576067905933
Alternating Diffusion,39,ari,0.4223384975950074
Alternating Diffusion,40,chs,5.197779787971654
Alternating Diffusion,40,ami,0.5831894081723373
Alternating Diffusion,40,ari,0.40994040621072686
Alternating Diffusion,41,chs,5.090855888983514
Alternating Diffusion,41,ami,0.5593144318383977
Alternating Diffusion,41,ari,0.3977690015935703
Alternating Diffusion,42,chs,5.166006007026412
Alternating Diffusion,42,ami,0.5754519961573823
Alternating Diffusion,42,ari,0.4217882200756457
Alternating Diffusion,43,chs,5.166548340174072
Alternating Diffusion,43,ami,0.5842677131740891
Alternating Diffusion,43,ari,0.4289966165466313
Alternating Diffusion,44,chs,5.192660917433735
Alternating Diffusion,44,ami,0.5766286534457216
Alternating Diffusion,44,ari,0.4096791644126337
Alternating Diffusion,45,chs,5.098585316142007
Alternating Diffusion,45,ami,0.5650050886820237
Alternating Diffusion,45,ari,0.4014263096689224
Alternating Diffusion,46,chs,5.192660917433735
Alternating Diffusion,46,ami,0.5766286534457216
Alternating Diffusion,46,ari,0.4096791644126337
Alternating Diffusion,47,chs,5.198303135012278
Alternating Diffusion,47,ami,0.5823273612343175
Alternating Diffusion,47,ari,0.4206752650226162
Alternating Diffusion,48,chs,5.21640568366954
Alternating Diffusion,48,ami,0.5928529658066529
Alternating Diffusion,48,ari,0.4313005556727861
Alternating Diffusion,49,chs,5.172173397020621
Alternating Diffusion,49,ami,0.5946420411743661
Alternating Diffusion,49,ari,0.4050138915810558
Alternating Diffusion,50,chs,5.1755634824007055
Alternating Diffusion,50,ami,0.5802544390856511
Alternating Diffusion,50,ari,0.4118157534339449
Alternating Diffusion,51,chs,5.192660917433735
Alternating Diffusion,51,ami,0.5766286534457216
Alternating Diffusion,51,ari,0.4096791644126337
Alternating Diffusion,52,chs,5.126731125251481
Alternating Diffusion,52,ami,0.5822292135381586
Alternating Diffusion,52,ari,0.3960309714360076
Alternating Diffusion,53,chs,5.197175777299997
Alternating Diffusion,53,ami,0.5668540292110833
Alternating Diffusion,53,ari,0.36050391811330657
Alternating Diffusion,54,chs,5.197175777299996
Alternating Diffusion,54,ami,0.5668540292110835
Alternating Diffusion,54,ari,0.36050391811330657
Alternating Diffusion,55,chs,5.1681734828769565
Alternating Diffusion,55,ami,0.5665382899372144
Alternating Diffusion,55,ari,0.40951102535061595
Alternating Diffusion,56,chs,5.1694799649810195
Alternating Diffusion,56,ami,0.5865927290833073
Alternating Diffusion,56,ari,0.391500592892935
Alternating Diffusion,57,chs,5.134313183464152
Alternating Diffusion,57,ami,0.5849319378969609
Alternating Diffusion,57,ari,0.42355311201578044
Alternating Diffusion,58,chs,5.1971757772999965
Alternating Diffusion,58,ami,0.5668540292110834
Alternating Diffusion,58,ari,0.36050391811330657
Alternating Diffusion,59,chs,5.197175777299996
Alternating Diffusion,59,ami,0.5668540292110835
Alternating Diffusion,59,ari,0.36050391811330657
Alternating Diffusion,60,chs,5.129916958469251
Alternating Diffusion,60,ami,0.5739613622186993
Alternating Diffusion,60,ari,0.414310395684969
Alternating Diffusion,61,chs,5.1412656752121775
Alternating Diffusion,61,ami,0.5677578855582938
Alternating Diffusion,61,ari,0.3902521462854053
Alternating Diffusion,62,chs,5.1923066373631075
Alternating Diffusion,62,ami,0.5832179412968717
Alternating Diffusion,62,ari,0.42699458597389517
Alternating Diffusion,63,chs,5.141587438900491
Alternating Diffusion,63,ami,0.5913593073421105
Alternating Diffusion,63,ari,0.4362405653029724
Alternating Diffusion,64,chs,5.149577602157656
Alternating Diffusion,64,ami,0.596291982013947
Alternating Diffusion,64,ari,0.4429363627338354
Alternating Diffusion,65,chs,5.194083300551434
Alternating Diffusion,65,ami,0.5876576321125027
Alternating Diffusion,65,ari,0.42871346749009226
Alternating Diffusion,66,chs,5.122000495744365
Alternating Diffusion,66,ami,0.574881520683697
Alternating Diffusion,66,ari,0.38551386537527726
Alternating Diffusion,67,chs,5.1735447586593475
Alternating Diffusion,67,ami,0.5847377169745311
Alternating Diffusion,67,ari,0.38411235127550697
Alternating Diffusion,68,chs,5.132593919139841
Alternating Diffusion,68,ami,0.5860028040974478
Alternating Diffusion,68,ari,0.4301436696024621
Alternating Diffusion,69,chs,5.188605163791334
Alternating Diffusion,69,ami,0.5775218893687265
Alternating Diffusion,69,ari,0.41786843901963244
Alternating Diffusion,70,chs,5.1349345861071
Alternating Diffusion,70,ami,0.5671204776901322
Alternating Diffusion,70,ari,0.4124176057835424
Alternating Diffusion,71,chs,5.131510712710973
Alternating Diffusion,71,ami,0.5595261384925261
Alternating Diffusion,71,ari,0.4007616959680706
Alternating Diffusion,72,chs,5.163399484281783
Alternating Diffusion,72,ami,0.6189752310866906
Alternating Diffusion,72,ari,0.3312578254542993
Alternating Diffusion,73,chs,5.1371310787829
Alternating Diffusion,73,ami,0.5730054177555495
Alternating Diffusion,73,ari,0.42521467272135693
Alternating Diffusion,74,chs,5.16986531158366
Alternating Diffusion,74,ami,0.5956723177725431
Alternating Diffusion,74,ari,0.4261761241599113
Alternating Diffusion,75,chs,5.211390955119708
Alternating Diffusion,75,ami,0.5819491175837822
Alternating Diffusion,75,ari,0.40644466868483015
Alternating Diffusion,76,chs,5.2164056836695405
Alternating Diffusion,76,ami,0.5928529658066531
Alternating Diffusion,76,ari,0.4313005556727861
Alternating Diffusion,77,chs,5.132593919139842
Alternating Diffusion,77,ami,0.5860028040974478
Alternating Diffusion,77,ari,0.4301436696024621
Alternating Diffusion,78,chs,5.136033062680741
Alternating Diffusion,78,ami,0.582204699746955
Alternating Diffusion,78,ari,0.42811221094070834
Alternating Diffusion,79,chs,5.167943295116594
Alternating Diffusion,79,ami,0.5971127358437374
Alternating Diffusion,79,ari,0.40080111593145723
Alternating Diffusion,80,chs,5.08671899766195
Alternating Diffusion,80,ami,0.5746086754989621
Alternating Diffusion,80,ari,0.4248696521677023
Alternating Diffusion,81,chs,5.199019286756281
Alternating Diffusion,81,ami,0.5750117657548296
Alternating Diffusion,81,ari,0.3735699897381323
Alternating Diffusion,82,chs,4.9927672534383705
Alternating Diffusion,82,ami,0.5706102752159286
Alternating Diffusion,82,ari,0.4403386206189493
Alternating Diffusion,83,chs,5.21640568366954
Alternating Diffusion,83,ami,0.5928529658066531
Alternating Diffusion,83,ari,0.4313005556727861
Alternating Diffusion,84,chs,5.186799801079328
Alternating Diffusion,84,ami,0.5775194216293892
Alternating Diffusion,84,ari,0.41594956003602856
Alternating Diffusion,85,chs,5.099094445535516
Alternating Diffusion,85,ami,0.5659429168421306
Alternating Diffusion,85,ari,0.40878430709870023
Alternating Diffusion,86,chs,5.192329863541397
Alternating Diffusion,86,ami,0.5600656687498574
Alternating Diffusion,86,ari,0.36652539676479196
Alternating Diffusion,87,chs,5.017992326264432
Alternating Diffusion,87,ami,0.560240524126693
Alternating Diffusion,87,ari,0.3970342608058011
Alternating Diffusion,88,chs,5.155274822723519
Alternating Diffusion,88,ami,0.5748472634257432
Alternating Diffusion,88,ari,0.41602339674638994
Alternating Diffusion,89,chs,5.171271446499607
Alternating Diffusion,89,ami,0.5887602310565603
Alternating Diffusion,89,ari,0.43101193740245497
Alternating Diffusion,90,chs,5.141587484052706
Alternating Diffusion,90,ami,0.6112915190677853
Alternating Diffusion,90,ari,0.3203225770270422
Alternating Diffusion,91,chs,5.176402748536586
Alternating Diffusion,91,ami,0.5854663154675993
Alternating Diffusion,91,ari,0.41367087917331263
Alternating Diffusion,92,chs,4.972981114514369
Alternating Diffusion,92,ami,0.5699447536162193
Alternating Diffusion,92,ari,0.4410386076978811
Alternating Diffusion,93,chs,5.116583473757131
Alternating Diffusion,93,ami,0.5752935837037674
Alternating Diffusion,93,ari,0.40084439904664626
Alternating Diffusion,94,chs,5.156540673468872
Alternating Diffusion,94,ami,0.5637922427066022
Alternating Diffusion,94,ari,0.36607266719634773
Alternating Diffusion,95,chs,5.140097927203118
Alternating Diffusion,95,ami,0.5717239975071239
Alternating Diffusion,95,ari,0.38659199045804
Alternating Diffusion,96,chs,5.1515024269435115
Alternating Diffusion,96,ami,0.5871669881038999
Alternating Diffusion,96,ari,0.42015354818932965
Alternating Diffusion,97,chs,5.1399424260739695
Alternating Diffusion,97,ami,0.5906179319575273
Alternating Diffusion,97,ari,0.4347783098153877
Alternating Diffusion,98,chs,5.129587482705992
Alternating Diffusion,98,ami,0.5829618507494899
Alternating Diffusion,98,ari,0.43130972216288577
Alternating Diffusion,99,chs,5.197779787971654
Alternating Diffusion,99,ami,0.5831894081723373
Alternating Diffusion,99,ari,0.40994040621072686
Multi-view Diffusion Maps,0,chs,5.095037437516521
Multi-view Diffusion Maps,0,ami,0.5586460854875132
Multi-view Diffusion Maps,0,ari,0.40063854357720263
Multi-view Diffusion Maps,1,chs,5.008710515812074
Multi-view Diffusion Maps,1,ami,0.5645844393426611
Multi-view Diffusion Maps,1,ari,0.41093395315961884
Multi-view Diffusion Maps,2,chs,4.982397123474426
Multi-view Diffusion Maps,2,ami,0.5644807238963552
Multi-view Diffusion Maps,2,ari,0.43646970433552834
Multi-view Diffusion Maps,3,chs,4.9984087111982705
Multi-view Diffusion Maps,3,ami,0.5595729495225895
Multi-view Diffusion Maps,3,ari,0.4159047416542632
Multi-view Diffusion Maps,4,chs,5.132699939428257
Multi-view Diffusion Maps,4,ami,0.5702001821127775
Multi-view Diffusion Maps,4,ari,0.42721920483542175
Multi-view Diffusion Maps,5,chs,5.042487952689075
Multi-view Diffusion Maps,5,ami,0.572275526038242
Multi-view Diffusion Maps,5,ari,0.41303029077526593
Multi-view Diffusion Maps,6,chs,5.156006912722739
Multi-view Diffusion Maps,6,ami,0.5763675973042659
Multi-view Diffusion Maps,6,ari,0.42927861222762853
Multi-view Diffusion Maps,7,chs,5.14106575428147
Multi-view Diffusion Maps,7,ami,0.573104177951875
Multi-view Diffusion Maps,7,ari,0.35236763934999127
Multi-view Diffusion Maps,8,chs,5.117059931128279
Multi-view Diffusion Maps,8,ami,0.5608584780473215
Multi-view Diffusion Maps,8,ari,0.4187504452518344
Multi-view Diffusion Maps,9,chs,5.093259037013727
Multi-view Diffusion Maps,9,ami,0.5608584780473213
Multi-view Diffusion Maps,9,ari,0.4187504452518344
Multi-view Diffusion Maps,10,chs,5.155979080336899
Multi-view Diffusion Maps,10,ami,0.5682246764928921
Multi-view Diffusion Maps,10,ari,0.4095509815909245
Multi-view Diffusion Maps,11,chs,5.118932442941813
Multi-view Diffusion Maps,11,ami,0.5779128796088577
Multi-view Diffusion Maps,11,ari,0.4210723036670958
Multi-view Diffusion Maps,12,chs,5.11117942162353
Multi-view Diffusion Maps,12,ami,0.5689524791066527
Multi-view Diffusion Maps,12,ari,0.424904524610645
Multi-view Diffusion Maps,13,chs,5.118048406362941
Multi-view Diffusion Maps,13,ami,0.5705679042277576
Multi-view Diffusion Maps,13,ari,0.41606521769016097
Multi-view Diffusion Maps,14,chs,5.042882327635496
Multi-view Diffusion Maps,14,ami,0.5532982636579373
Multi-view Diffusion Maps,14,ari,0.3870046458983167
Multi-view Diffusion Maps,15,chs,5.129314279465089
Multi-view Diffusion Maps,15,ami,0.5610101896825717
Multi-view Diffusion Maps,15,ari,0.4056993184405041
Multi-view Diffusion Maps,16,chs,5.172919283030527
Multi-view Diffusion Maps,16,ami,0.5672112532068273
Multi-view Diffusion Maps,16,ari,0.4211832733939779
Multi-view Diffusion Maps,17,chs,5.175718571294932
Multi-view Diffusion Maps,17,ami,0.5656130878559557
Multi-view Diffusion Maps,17,ari,0.41807267780255536
Multi-view Diffusion Maps,18,chs,5.132699939428257
Multi-view Diffusion Maps,18,ami,0.5702001821127776
Multi-view Diffusion Maps,18,ari,0.42721920483542175
Multi-view Diffusion Maps,19,chs,5.156006912722738
Multi-view Diffusion Maps,19,ami,0.5763675973042657
Multi-view Diffusion Maps,19,ari,0.42927861222762853
Multi-view Diffusion Maps,20,chs,5.175718571294932
Multi-view Diffusion Maps,20,ami,0.5656130878559559
Multi-view Diffusion Maps,20,ari,0.41807267780255536
Multi-view Diffusion Maps,21,chs,5.130373540766304
Multi-view Diffusion Maps,21,ami,0.5703518916621262
Multi-view Diffusion Maps,21,ari,0.42780084763902565
Multi-view Diffusion Maps,22,chs,5.125435180242147
Multi-view Diffusion Maps,22,ami,0.5608141636742286
Multi-view Diffusion Maps,22,ari,0.40543059610455473
Multi-view Diffusion Maps,23,chs,5.155979080336899
Multi-view Diffusion Maps,23,ami,0.5682246764928921
Multi-view Diffusion Maps,23,ari,0.4095509815909245
Multi-view Diffusion Maps,24,chs,5.160852594481004
Multi-view Diffusion Maps,24,ami,0.5725319485475927
Multi-view Diffusion Maps,24,ari,0.4119248864264434
Multi-view Diffusion Maps,25,chs,5.156006912722739
Multi-view Diffusion Maps,25,ami,0.5763675973042659
Multi-view Diffusion Maps,25,ari,0.42927861222762853
Multi-view Diffusion Maps,26,chs,5.1180484063629414
Multi-view Diffusion Maps,26,ami,0.5705679042277574
Multi-view Diffusion Maps,26,ari,0.41606521769016097
Multi-view Diffusion Maps,27,chs,5.148621499218794
Multi-view Diffusion Maps,27,ami,0.5562564559382844
Multi-view Diffusion Maps,27,ari,0.4097452934662237
Multi-view Diffusion Maps,28,chs,5.148621499218794
Multi-view Diffusion Maps,28,ami,0.5562564559382841
Multi-view Diffusion Maps,28,ari,0.4097452934662237
Multi-view Diffusion Maps,29,chs,5.128613357195335
Multi-view Diffusion Maps,29,ami,0.5588322162386307
Multi-view Diffusion Maps,29,ari,0.4014883013538654
Multi-view Diffusion Maps,30,chs,5.155979080336899
Multi-view Diffusion Maps,30,ami,0.5682246764928919
Multi-view Diffusion Maps,30,ari,0.4095509815909245
Multi-view Diffusion Maps,31,chs,5.146910888604889
Multi-view Diffusion Maps,31,ami,0.5766283282819986
Multi-view Diffusion Maps,31,ari,0.4196627168682007
Multi-view Diffusion Maps,32,chs,5.128613357195337
Multi-view Diffusion Maps,32,ami,0.5588322162386307
Multi-view Diffusion Maps,32,ari,0.4014883013538654
Multi-view Diffusion Maps,33,chs,5.160852594481005
Multi-view Diffusion Maps,33,ami,0.5725319485475927
Multi-view Diffusion Maps,33,ari,0.4119248864264434
Multi-view Diffusion Maps,34,chs,5.093259037013726
Multi-view Diffusion Maps,34,ami,0.5608584780473213
Multi-view Diffusion Maps,34,ari,0.4187504452518344
Multi-view Diffusion Maps,35,chs,5.157681898145923
Multi-view Diffusion Maps,35,ami,0.5796917868213063
Multi-view Diffusion Maps,35,ari,0.4362873174283634
Multi-view Diffusion Maps,36,chs,5.089205248814616
Multi-view Diffusion Maps,36,ami,0.5705199787158141
Multi-view Diffusion Maps,36,ari,0.4077686721300553
Multi-view Diffusion Maps,37,chs,5.148621499218794
Multi-view Diffusion Maps,37,ami,0.5562564559382843
Multi-view Diffusion Maps,37,ari,0.4097452934662237
Multi-view Diffusion Maps,38,chs,4.9646232301432205
Multi-view Diffusion Maps,38,ami,0.5540909243430122
Multi-view Diffusion Maps,38,ari,0.42983110331212987
Multi-view Diffusion Maps,39,chs,5.128613357195335
Multi-view Diffusion Maps,39,ami,0.5588322162386308
Multi-view Diffusion Maps,39,ari,0.4014883013538654
Multi-view Diffusion Maps,40,chs,5.142925456094101
Multi-view Diffusion Maps,40,ami,0.568919924044198
Multi-view Diffusion Maps,40,ari,0.406675994403358
Multi-view Diffusion Maps,41,chs,5.11117942162353
Multi-view Diffusion Maps,41,ami,0.5689524791066527
Multi-view Diffusion Maps,41,ari,0.424904524610645
Multi-view Diffusion Maps,42,chs,4.984388539435913
Multi-view Diffusion Maps,42,ami,0.556386707684255
Multi-view Diffusion Maps,42,ari,0.41701182800290365
Multi-view Diffusion Maps,43,chs,5.005775410547209
Multi-view Diffusion Maps,43,ami,0.5648262088426664
Multi-view Diffusion Maps,43,ari,0.4234529536134406
Multi-view Diffusion Maps,44,chs,5.160852594481006
Multi-view Diffusion Maps,44,ami,0.5725319485475928
Multi-view Diffusion Maps,44,ari,0.4119248864264434
Multi-view Diffusion Maps,45,chs,5.105582632526249
Multi-view Diffusion Maps,45,ami,0.5608584780473213
Multi-view Diffusion Maps,45,ari,0.4187504452518344
Multi-view Diffusion Maps,46,chs,5.119772828736717
Multi-view Diffusion Maps,46,ami,0.5672265359672464
Multi-view Diffusion Maps,46,ari,0.4116577064553943
Multi-view Diffusion Maps,47,chs,5.155979080336899
Multi-view Diffusion Maps,47,ami,0.5682246764928919
Multi-view Diffusion Maps,47,ari,0.4095509815909245
Multi-view Diffusion Maps,48,chs,5.175718571294932
Multi-view Diffusion Maps,48,ami,0.5656130878559557
Multi-view Diffusion Maps,48,ari,0.41807267780255536
Multi-view Diffusion Maps,49,chs,5.175718571294931
Multi-view Diffusion Maps,49,ami,0.5656130878559557
Multi-view Diffusion Maps,49,ari,0.41807267780255536
Multi-view Diffusion Maps,50,chs,4.93899625914882
Multi-view Diffusion Maps,50,ami,0.5634974003943124
Multi-view Diffusion Maps,50,ari,0.44235157263657104
Multi-view Diffusion Maps,51,chs,5.145500995716678
Multi-view Diffusion Maps,51,ami,0.5578595047733975
Multi-view Diffusion Maps,51,ari,0.41280782622178996
Multi-view Diffusion Maps,52,chs,5.120298103090726
Multi-view Diffusion Maps,52,ami,0.5702001821127776
Multi-view Diffusion Maps,52,ari,0.42721920483542175
Multi-view Diffusion Maps,53,chs,5.172919283030526
Multi-view Diffusion Maps,53,ami,0.5672112532068271
Multi-view Diffusion Maps,53,ari,0.4211832733939779
Multi-view Diffusion Maps,54,chs,5.120298103090727
Multi-view Diffusion Maps,54,ami,0.5702001821127775
Multi-view Diffusion Maps,54,ari,0.42721920483542175
Multi-view Diffusion Maps,55,chs,5.175718571294932
Multi-view Diffusion Maps,55,ami,0.5656130878559557
Multi-view Diffusion Maps,55,ari,0.41807267780255536
Multi-view Diffusion Maps,56,chs,5.170113885054422
Multi-view Diffusion Maps,56,ami,0.5689524791066526
Multi-view Diffusion Maps,56,ari,0.424904524610645
Multi-view Diffusion Maps,57,chs,5.090914820081044
Multi-view Diffusion Maps,57,ami,0.5705199787158141
Multi-view Diffusion Maps,57,ari,0.4077686721300553
Multi-view Diffusion Maps,58,chs,5.119772828736718
Multi-view Diffusion Maps,58,ami,0.5672265359672465
Multi-view Diffusion Maps,58,ari,0.4116577064553943
Multi-view Diffusion Maps,59,chs,5.111179421623532
Multi-view Diffusion Maps,59,ami,0.5689524791066529
Multi-view Diffusion Maps,59,ari,0.424904524610645
Multi-view Diffusion Maps,60,chs,5.111179421623532
Multi-view Diffusion Maps,60,ami,0.5689524791066526
Multi-view Diffusion Maps,60,ari,0.424904524610645
Multi-view Diffusion Maps,61,chs,5.175718571294932
Multi-view Diffusion Maps,61,ami,0.5656130878559557
Multi-view Diffusion Maps,61,ari,0.41807267780255536
Multi-view Diffusion Maps,62,chs,5.108919864169774
Multi-view Diffusion Maps,62,ami,0.556517238921513
Multi-view Diffusion Maps,62,ari,0.3932464086004035
Multi-view Diffusion Maps,63,chs,5.172919283030526
Multi-view Diffusion Maps,63,ami,0.5672112532068273
Multi-view Diffusion Maps,63,ari,0.4211832733939779
Multi-view Diffusion Maps,64,chs,5.091793590331812
Multi-view Diffusion Maps,64,ami,0.5685406317712045
Multi-view Diffusion Maps,64,ari,0.41285127225935
Multi-view Diffusion Maps,65,chs,5.179627433402469
Multi-view Diffusion Maps,65,ami,0.5620015167555085
Multi-view Diffusion Maps,65,ari,0.4133683274774584
Multi-view Diffusion Maps,66,chs,5.120298103090728
Multi-view Diffusion Maps,66,ami,0.5702001821127776
Multi-view Diffusion Maps,66,ari,0.42721920483542175
Multi-view Diffusion Maps,67,chs,5.111138143141347
Multi-view Diffusion Maps,67,ami,0.5689524791066527
Multi-view Diffusion Maps,67,ari,0.424904524610645
Multi-view Diffusion Maps,68,chs,5.136958465504942
Multi-view Diffusion Maps,68,ami,0.5599661573526522
Multi-view Diffusion Maps,68,ari,0.4164427192196676
Multi-view Diffusion Maps,69,chs,5.17571857129493
Multi-view Diffusion Maps,69,ami,0.5656130878559557
Multi-view Diffusion Maps,69,ari,0.41807267780255536
Multi-view Diffusion Maps,70,chs,5.1429254560941
Multi-view Diffusion Maps,70,ami,0.5689199240441978
Multi-view Diffusion Maps,70,ari,0.406675994403358
Multi-view Diffusion Maps,71,chs,5.175718571294932
Multi-view Diffusion Maps,71,ami,0.5656130878559557
Multi-view Diffusion Maps,71,ari,0.41807267780255536
Multi-view Diffusion Maps,72,chs,5.093259037013727
Multi-view Diffusion Maps,72,ami,0.560858478047321
Multi-view Diffusion Maps,72,ari,0.4187504452518344
Multi-view Diffusion Maps,73,chs,5.151470513090563
Multi-view Diffusion Maps,73,ami,0.5736773163318953
Multi-view Diffusion Maps,73,ari,0.4064912916784165
Multi-view Diffusion Maps,74,chs,5.120298103090726
Multi-view Diffusion Maps,74,ami,0.5702001821127776
Multi-view Diffusion Maps,74,ari,0.42721920483542175
Multi-view Diffusion Maps,75,chs,5.142925456094101
Multi-view Diffusion Maps,75,ami,0.568919924044198
Multi-view Diffusion Maps,75,ari,0.406675994403358
Multi-view Diffusion Maps,76,chs,5.093259037013727
Multi-view Diffusion Maps,76,ami,0.5608584780473214
Multi-view Diffusion Maps,76,ari,0.4187504452518344
Multi-view Diffusion Maps,77,chs,5.074720777361211
Multi-view Diffusion Maps,77,ami,0.5531115287341106
Multi-view Diffusion Maps,77,ari,0.38617420501678845
Multi-view Diffusion Maps,78,chs,5.093259037013727
Multi-view Diffusion Maps,78,ami,0.5608584780473213
Multi-view Diffusion Maps,78,ari,0.4187504452518344
Multi-view Diffusion Maps,79,chs,5.155979080336899
Multi-view Diffusion Maps,79,ami,0.5682246764928919
Multi-view Diffusion Maps,79,ari,0.4095509815909245
Multi-view Diffusion Maps,80,chs,5.175718571294932
Multi-view Diffusion Maps,80,ami,0.5656130878559557
Multi-view Diffusion Maps,80,ari,0.41807267780255536
Multi-view Diffusion Maps,81,chs,5.111179421623532
Multi-view Diffusion Maps,81,ami,0.5689524791066527
Multi-view Diffusion Maps,81,ari,0.424904524610645
Multi-view Diffusion Maps,82,chs,5.120298103090726
Multi-view Diffusion Maps,82,ami,0.5702001821127776
Multi-view Diffusion Maps,82,ari,0.42721920483542175
Multi-view Diffusion Maps,83,chs,5.148621499218794
Multi-view Diffusion Maps,83,ami,0.5562564559382844
Multi-view Diffusion Maps,83,ari,0.4097452934662237
Multi-view Diffusion Maps,84,chs,5.157681898145924
Multi-view Diffusion Maps,84,ami,0.5796917868213064
Multi-view Diffusion Maps,84,ari,0.4362873174283634
Multi-view Diffusion Maps,85,chs,5.1240106404937995
Multi-view Diffusion Maps,85,ami,0.564273075708328
Multi-view Diffusion Maps,85,ari,0.3985235890208711
Multi-view Diffusion Maps,86,chs,5.128613357195336
Multi-view Diffusion Maps,86,ami,0.5588322162386307
Multi-view Diffusion Maps,86,ari,0.4014883013538654
Multi-view Diffusion Maps,87,chs,5.115376006418654
Multi-view Diffusion Maps,87,ami,0.561981567983903
Multi-view Diffusion Maps,87,ari,0.42075987016144023
Multi-view Diffusion Maps,88,chs,5.170113885054422
Multi-view Diffusion Maps,88,ami,0.5689524791066527
Multi-view Diffusion Maps,88,ari,0.424904524610645
Multi-view Diffusion Maps,89,chs,5.160852594481005
Multi-view Diffusion Maps,89,ami,0.5725319485475928
Multi-view Diffusion Maps,89,ari,0.4119248864264434
Multi-view Diffusion Maps,90,chs,5.104513720558965
Multi-view Diffusion Maps,90,ami,0.5488259481009401
Multi-view Diffusion Maps,90,ari,0.3720065681444992
Multi-view Diffusion Maps,91,chs,5.118048406362942
Multi-view Diffusion Maps,91,ami,0.5705679042277576
Multi-view Diffusion Maps,91,ari,0.41606521769016097
Multi-view Diffusion Maps,92,chs,5.154736674000731
Multi-view Diffusion Maps,92,ami,0.5648183654961862
Multi-view Diffusion Maps,92,ari,0.3990272503164768
Multi-view Diffusion Maps,93,chs,5.172919283030526
Multi-view Diffusion Maps,93,ami,0.5672112532068273
Multi-view Diffusion Maps,93,ari,0.4211832733939779
Multi-view Diffusion Maps,94,chs,5.151263704457436
Multi-view Diffusion Maps,94,ami,0.5570153728673098
Multi-view Diffusion Maps,94,ari,0.38617420501678845
Multi-view Diffusion Maps,95,chs,5.111179421623532
Multi-view Diffusion Maps,95,ami,0.5689524791066528
Multi-view Diffusion Maps,95,ari,0.424904524610645
Multi-view Diffusion Maps,96,chs,5.136208413020356
Multi-view Diffusion Maps,96,ami,0.5659123011493188
Multi-view Diffusion Maps,96,ari,0.4012814781701684
Multi-view Diffusion Maps,97,chs,5.155979080336899
Multi-view Diffusion Maps,97,ami,0.5682246764928919
Multi-view Diffusion Maps,97,ari,0.4095509815909245
Multi-view Diffusion Maps,98,chs,5.148621499218794
Multi-view Diffusion Maps,98,ami,0.5562564559382843
Multi-view Diffusion Maps,98,ari,0.4097452934662237
Multi-view Diffusion Maps,99,chs,5.172919283030526
Multi-view Diffusion Maps,99,ami,0.5672112532068274
Multi-view Diffusion Maps,99,ari,0.4211832733939779
Single-view Diffusion Maps (view 1),0,chs,4.809075462239641
Single-view Diffusion Maps (view 1),0,ami,0.4867218734715251
Single-view Diffusion Maps (view 1),0,ari,0.3545504829170744
Single-view Diffusion Maps (view 1),1,chs,4.854203907765872
Single-view Diffusion Maps (view 1),1,ami,0.4930976165828915
Single-view Diffusion Maps (view 1),1,ari,0.35220311773900553
Single-view Diffusion Maps (view 1),2,chs,4.799610195291993
Single-view Diffusion Maps (view 1),2,ami,0.49549817969253745
Single-view Diffusion Maps (view 1),2,ari,0.36304649201789363
Single-view Diffusion Maps (view 1),3,chs,4.780716240401525
Single-view Diffusion Maps (view 1),3,ami,0.48005814511301825
Single-view Diffusion Maps (view 1),3,ari,0.3462374760179066
Single-view Diffusion Maps (view 1),4,chs,4.821895091888059
Single-view Diffusion Maps (view 1),4,ami,0.47976708275323754
Single-view Diffusion Maps (view 1),4,ari,0.3398615064361273
Single-view Diffusion Maps (view 1),5,chs,4.853525518554792
Single-view Diffusion Maps (view 1),5,ami,0.486159943819218
Single-view Diffusion Maps (view 1),5,ari,0.3389681994041601
Single-view Diffusion Maps (view 1),6,chs,4.827775038638374
Single-view Diffusion Maps (view 1),6,ami,0.49288596694605863
Single-view Diffusion Maps (view 1),6,ari,0.3668093368044831
Single-view Diffusion Maps (view 1),7,chs,4.879373626118462
Single-view Diffusion Maps (view 1),7,ami,0.5219267805474187
Single-view Diffusion Maps (view 1),7,ari,0.3742441147705828
Single-view Diffusion Maps (view 1),8,chs,4.852909965750341
Single-view Diffusion Maps (view 1),8,ami,0.5033686748147602
Single-view Diffusion Maps (view 1),8,ari,0.3672144536915776
Single-view Diffusion Maps (view 1),9,chs,4.814013304049841
Single-view Diffusion Maps (view 1),9,ami,0.4807138462362296
Single-view Diffusion Maps (view 1),9,ari,0.3468723444093966
Single-view Diffusion Maps (view 1),10,chs,4.8071391341547605
Single-view Diffusion Maps (view 1),10,ami,0.4744081419891222
Single-view Diffusion Maps (view 1),10,ari,0.33894390841727945
Single-view Diffusion Maps (view 1),11,chs,4.8212509709710565
Single-view Diffusion Maps (view 1),11,ami,0.490833934210986
Single-view Diffusion Maps (view 1),11,ari,0.3571867541339736
Single-view Diffusion Maps (view 1),12,chs,4.8918615954500515
Single-view Diffusion Maps (view 1),12,ami,0.5021540985276969
Single-view Diffusion Maps (view 1),12,ari,0.3741004056352772
Single-view Diffusion Maps (view 1),13,chs,4.808206222497704
Single-view Diffusion Maps (view 1),13,ami,0.48954663634056195
Single-view Diffusion Maps (view 1),13,ari,0.35414269683669264
Single-view Diffusion Maps (view 1),14,chs,4.874664855666414
Single-view Diffusion Maps (view 1),14,ami,0.4939720057180985
Single-view Diffusion Maps (view 1),14,ari,0.347015480294734
Single-view Diffusion Maps (view 1),15,chs,4.874107732365908
Single-view Diffusion Maps (view 1),15,ami,0.5020155833915155
Single-view Diffusion Maps (view 1),15,ari,0.3405426507905524
Single-view Diffusion Maps (view 1),16,chs,4.798759548755702
Single-view Diffusion Maps (view 1),16,ami,0.4775174599667694
Single-view Diffusion Maps (view 1),16,ari,0.3282550882679175
Single-view Diffusion Maps (view 1),17,chs,4.854203907765873
Single-view Diffusion Maps (view 1),17,ami,0.4930976165828914
Single-view Diffusion Maps (view 1),17,ari,0.35220311773900553
Single-view Diffusion Maps (view 1),18,chs,4.786416706207304
Single-view Diffusion Maps (view 1),18,ami,0.48596864351948943
Single-view Diffusion Maps (view 1),18,ari,0.3480779802934833
Single-view Diffusion Maps (view 1),19,chs,4.780537312652631
Single-view Diffusion Maps (view 1),19,ami,0.4882400219499553
Single-view Diffusion Maps (view 1),19,ari,0.361601055641082
Single-view Diffusion Maps (view 1),20,chs,4.685079488764714
Single-view Diffusion Maps (view 1),20,ami,0.48275164019329403
Single-view Diffusion Maps (view 1),20,ari,0.3474156542352792
Single-view Diffusion Maps (view 1),21,chs,4.780537312652631
Single-view Diffusion Maps (view 1),21,ami,0.4882400219499555
Single-view Diffusion Maps (view 1),21,ari,0.361601055641082
Single-view Diffusion Maps (view 1),22,chs,4.8765010116249785
Single-view Diffusion Maps (view 1),22,ami,0.5045538146255357
Single-view Diffusion Maps (view 1),22,ari,0.3581628347014062
Single-view Diffusion Maps (view 1),23,chs,4.874645404205714
Single-view Diffusion Maps (view 1),23,ami,0.505798000822672
Single-view Diffusion Maps (view 1),23,ari,0.36366420289249873
Single-view Diffusion Maps (view 1),24,chs,4.854203907765872
Single-view Diffusion Maps (view 1),24,ami,0.4930976165828913
Single-view Diffusion Maps (view 1),24,ari,0.35220311773900553
Single-view Diffusion Maps (view 1),25,chs,4.803160041739902
Single-view Diffusion Maps (view 1),25,ami,0.5040650008313042
Single-view Diffusion Maps (view 1),25,ari,0.34955050237969326
Single-view Diffusion Maps (view 1),26,chs,4.866564262236863
Single-view Diffusion Maps (view 1),26,ami,0.48854236126548534
Single-view Diffusion Maps (view 1),26,ari,0.3438217512397256
Single-view Diffusion Maps (view 1),27,chs,4.742547389944968
Single-view Diffusion Maps (view 1),27,ami,0.5125617032140776
Single-view Diffusion Maps (view 1),27,ari,0.37226075279981174
Single-view Diffusion Maps (view 1),28,chs,4.864353868422039
Single-view Diffusion Maps (view 1),28,ami,0.5063378933767867
Single-view Diffusion Maps (view 1),28,ari,0.3835730293720409
Single-view Diffusion Maps (view 1),29,chs,4.899331660229968
Single-view Diffusion Maps (view 1),29,ami,0.5108905943310066
Single-view Diffusion Maps (view 1),29,ari,0.3719521621203817
Single-view Diffusion Maps (view 1),30,chs,4.896699431824505
Single-view Diffusion Maps (view 1),30,ami,0.5011074809686884
Single-view Diffusion Maps (view 1),30,ari,0.3572454549185374
Single-view Diffusion Maps (view 1),31,chs,4.838038667493506
Single-view Diffusion Maps (view 1),31,ami,0.49130121085850426
Single-view Diffusion Maps (view 1),31,ari,0.36300688103172196
Single-view Diffusion Maps (view 1),32,chs,4.866564262236861
Single-view Diffusion Maps (view 1),32,ami,0.4885423612654851
Single-view Diffusion Maps (view 1),32,ari,0.3438217512397256
Single-view Diffusion Maps (view 1),33,chs,4.866564262236861
Single-view Diffusion Maps (view 1),33,ami,0.4885423612654853
Single-view Diffusion Maps (view 1),33,ari,0.3438217512397256
Single-view Diffusion Maps (view 1),34,chs,4.832646565199104
Single-view Diffusion Maps (view 1),34,ami,0.49613588602685776
Single-view Diffusion Maps (view 1),34,ari,0.36342522902240765
Single-view Diffusion Maps (view 1),35,chs,4.862174361936366
Single-view Diffusion Maps (view 1),35,ami,0.5039949878268789
Single-view Diffusion Maps (view 1),35,ari,0.3647484370772276
Single-view Diffusion Maps (view 1),36,chs,4.854962553964845
Single-view Diffusion Maps (view 1),36,ami,0.49847054429168397
Single-view Diffusion Maps (view 1),36,ari,0.35906148188542586
Single-view Diffusion Maps (view 1),37,chs,4.8594557632329725
Single-view Diffusion Maps (view 1),37,ami,0.4908666611298686
Single-view Diffusion Maps (view 1),37,ari,0.3514897379943805
Single-view Diffusion Maps (view 1),38,chs,4.676787932607123
Single-view Diffusion Maps (view 1),38,ami,0.4923170958510209
Single-view Diffusion Maps (view 1),38,ari,0.3641752539965506
Single-view Diffusion Maps (view 1),39,chs,4.844994896624255
Single-view Diffusion Maps (view 1),39,ami,0.51388740344766
Single-view Diffusion Maps (view 1),39,ari,0.37844462390728384
Single-view Diffusion Maps (view 1),40,chs,4.863536080589976
Single-view Diffusion Maps (view 1),40,ami,0.5198301138266039
Single-view Diffusion Maps (view 1),40,ari,0.35217259191735034
Single-view Diffusion Maps (view 1),41,chs,4.762131950694667
Single-view Diffusion Maps (view 1),41,ami,0.4738598874917412
Single-view Diffusion Maps (view 1),41,ari,0.3303195425496132
Single-view Diffusion Maps (view 1),42,chs,4.690080017221399
Single-view Diffusion Maps (view 1),42,ami,0.4624148499261995
Single-view Diffusion Maps (view 1),42,ari,0.3420441092646994
Single-view Diffusion Maps (view 1),43,chs,4.841695782497747
Single-view Diffusion Maps (view 1),43,ami,0.5082196790144923
Single-view Diffusion Maps (view 1),43,ari,0.34513083646452
Single-view Diffusion Maps (view 1),44,chs,4.899331660229968
Single-view Diffusion Maps (view 1),44,ami,0.5108905943310067
Single-view Diffusion Maps (view 1),44,ari,0.3719521621203817
Single-view Diffusion Maps (view 1),45,chs,4.853039347617187
Single-view Diffusion Maps (view 1),45,ami,0.4978276434684249
Single-view Diffusion Maps (view 1),45,ari,0.36278837225912436
Single-view Diffusion Maps (view 1),46,chs,4.853432341792407
Single-view Diffusion Maps (view 1),46,ami,0.4851028915615529
Single-view Diffusion Maps (view 1),46,ari,0.33592591107725617
Single-view Diffusion Maps (view 1),47,chs,4.89739212426991
Single-view Diffusion Maps (view 1),47,ami,0.5116423244788997
Single-view Diffusion Maps (view 1),47,ari,0.37585850432615375
Single-view Diffusion Maps (view 1),48,chs,4.946037354532884
Single-view Diffusion Maps (view 1),48,ami,0.5237676862439058
Single-view Diffusion Maps (view 1),48,ari,0.3904885617377499
Single-view Diffusion Maps (view 1),49,chs,4.859455763232972
Single-view Diffusion Maps (view 1),49,ami,0.49086666112986843
Single-view Diffusion Maps (view 1),49,ari,0.3514897379943805
Single-view Diffusion Maps (view 1),50,chs,4.780716240401524
Single-view Diffusion Maps (view 1),50,ami,0.4800581451130186
Single-view Diffusion Maps (view 1),50,ari,0.3462374760179066
Single-view Diffusion Maps (view 1),51,chs,4.837262222530289
Single-view Diffusion Maps (view 1),51,ami,0.49500280504397637
Single-view Diffusion Maps (view 1),51,ari,0.36654523109335907
Single-view Diffusion Maps (view 1),52,chs,4.744611552978964
Single-view Diffusion Maps (view 1),52,ami,0.47089113462392285
Single-view Diffusion Maps (view 1),52,ari,0.31968725525334185
Single-view Diffusion Maps (view 1),53,chs,4.78053731265263
Single-view Diffusion Maps (view 1),53,ami,0.48824002194995536
Single-view Diffusion Maps (view 1),53,ari,0.361601055641082
Single-view Diffusion Maps (view 1),54,chs,4.866564262236861
Single-view Diffusion Maps (view 1),54,ami,0.4885423612654852
Single-view Diffusion Maps (view 1),54,ari,0.3438217512397256
Single-view Diffusion Maps (view 1),55,chs,4.829353093974912
Single-view Diffusion Maps (view 1),55,ami,0.5060269933623486
Single-view Diffusion Maps (view 1),55,ari,0.3638136331576982
Single-view Diffusion Maps (view 1),56,chs,4.854203907765874
Single-view Diffusion Maps (view 1),56,ami,0.4930976165828913
Single-view Diffusion Maps (view 1),56,ari,0.35220311773900553
Single-view Diffusion Maps (view 1),57,chs,4.973463043032602
Single-view Diffusion Maps (view 1),57,ami,0.535089156919029
Single-view Diffusion Maps (view 1),57,ari,0.40762373193974794
Single-view Diffusion Maps (view 1),58,chs,4.8765010116249785
Single-view Diffusion Maps (view 1),58,ami,0.5045538146255356
Single-view Diffusion Maps (view 1),58,ari,0.3581628347014062
Single-view Diffusion Maps (view 1),59,chs,4.844601013619227
Single-view Diffusion Maps (view 1),59,ami,0.48130927602728185
Single-view Diffusion Maps (view 1),59,ari,0.33358834977518287
Single-view Diffusion Maps (view 1),60,chs,4.8065183214067915
Single-view Diffusion Maps (view 1),60,ami,0.4968707226503039
Single-view Diffusion Maps (view 1),60,ari,0.36500676782788344
Single-view Diffusion Maps (view 1),61,chs,4.836838920359963
Single-view Diffusion Maps (view 1),61,ami,0.5075098983232411
Single-view Diffusion Maps (view 1),61,ari,0.3577767780458877
Single-view Diffusion Maps (view 1),62,chs,4.808206222497705
Single-view Diffusion Maps (view 1),62,ami,0.4895466363405621
Single-view Diffusion Maps (view 1),62,ari,0.35414269683669264
Single-view Diffusion Maps (view 1),63,chs,4.798759548755701
Single-view Diffusion Maps (view 1),63,ami,0.4775174599667695
Single-view Diffusion Maps (view 1),63,ari,0.3282550882679175
Single-view Diffusion Maps (view 1),64,chs,4.879602836843834
Single-view Diffusion Maps (view 1),64,ami,0.5035672045385792
Single-view Diffusion Maps (view 1),64,ari,0.36734290514308304
Single-view Diffusion Maps (view 1),65,chs,4.8594557632329725
Single-view Diffusion Maps (view 1),65,ami,0.49086666112986854
Single-view Diffusion Maps (view 1),65,ari,0.3514897379943805
Single-view Diffusion Maps (view 1),66,chs,4.829916828405516
Single-view Diffusion Maps (view 1),66,ami,0.478708058490538
Single-view Diffusion Maps (view 1),66,ari,0.33743325302562804
Single-view Diffusion Maps (view 1),67,chs,4.89186159545005
Single-view Diffusion Maps (view 1),67,ami,0.5021540985276968
Single-view Diffusion Maps (view 1),67,ari,0.3741004056352772
Single-view Diffusion Maps (view 1),68,chs,4.832015956988394
Single-view Diffusion Maps (view 1),68,ami,0.4994078968965359
Single-view Diffusion Maps (view 1),68,ari,0.370881688885054
Single-view Diffusion Maps (view 1),69,chs,4.8765010116249785
Single-view Diffusion Maps (view 1),69,ami,0.5045538146255356
Single-view Diffusion Maps (view 1),69,ari,0.3581628347014062
Single-view Diffusion Maps (view 1),70,chs,4.806895465624852
Single-view Diffusion Maps (view 1),70,ami,0.5009495874177773
Single-view Diffusion Maps (view 1),70,ari,0.3738013624332885
Single-view Diffusion Maps (view 1),71,chs,4.829916828405516
Single-view Diffusion Maps (view 1),71,ami,0.4787080584905381
Single-view Diffusion Maps (view 1),71,ari,0.33743325302562804
Single-view Diffusion Maps (view 1),72,chs,4.883886640681964
Single-view Diffusion Maps (view 1),72,ami,0.5086168386482917
Single-view Diffusion Maps (view 1),72,ari,0.3715127336164615
Single-view Diffusion Maps (view 1),73,chs,4.868831125999482
Single-view Diffusion Maps (view 1),73,ami,0.522422484140583
Single-view Diffusion Maps (view 1),73,ari,0.37599251400184397
Single-view Diffusion Maps (view 1),74,chs,4.896699431824504
Single-view Diffusion Maps (view 1),74,ami,0.5011074809686884
Single-view Diffusion Maps (view 1),74,ari,0.3572454549185374
Single-view Diffusion Maps (view 1),75,chs,4.755351999978215
Single-view Diffusion Maps (view 1),75,ami,0.49208046265004074
Single-view Diffusion Maps (view 1),75,ari,0.3415678654982355
Single-view Diffusion Maps (view 1),76,chs,4.808206222497704
Single-view Diffusion Maps (view 1),76,ami,0.489546636340562
Single-view Diffusion Maps (view 1),76,ari,0.35414269683669264
Single-view Diffusion Maps (view 1),77,chs,4.89186159545005
Single-view Diffusion Maps (view 1),77,ami,0.5021540985276968
Single-view Diffusion Maps (view 1),77,ari,0.3741004056352772
Single-view Diffusion Maps (view 1),78,chs,4.866564262236861
Single-view Diffusion Maps (view 1),78,ami,0.4885423612654851
Single-view Diffusion Maps (view 1),78,ari,0.3438217512397256
Single-view Diffusion Maps (view 1),79,chs,4.903173680026968
Single-view Diffusion Maps (view 1),79,ami,0.5131366421266875
Single-view Diffusion Maps (view 1),79,ari,0.3795103740397731
Single-view Diffusion Maps (view 1),80,chs,4.874664855666413
Single-view Diffusion Maps (view 1),80,ami,0.49397200571809846
Single-view Diffusion Maps (view 1),80,ari,0.347015480294734
Single-view Diffusion Maps (view 1),81,chs,4.874645404205714
Single-view Diffusion Maps (view 1),81,ami,0.5057980008226719
Single-view Diffusion Maps (view 1),81,ari,0.36366420289249873
Single-view Diffusion Maps (view 1),82,chs,4.854203907765874
Single-view Diffusion Maps (view 1),82,ami,0.49309761658289164
Single-view Diffusion Maps (view 1),82,ari,0.35220311773900553
Single-view Diffusion Maps (view 1),83,chs,4.898946403611724
Single-view Diffusion Maps (view 1),83,ami,0.511593410149386
Single-view Diffusion Maps (view 1),83,ari,0.3683449671636859
Single-view Diffusion Maps (view 1),84,chs,4.8672211248961945
Single-view Diffusion Maps (view 1),84,ami,0.4960391120479642
Single-view Diffusion Maps (view 1),84,ari,0.36667403640651486
Single-view Diffusion Maps (view 1),85,chs,4.7714004566592125
Single-view Diffusion Maps (view 1),85,ami,0.4930064188946768
Single-view Diffusion Maps (view 1),85,ari,0.35119521078410854
Single-view Diffusion Maps (view 1),86,chs,4.864353868422039
Single-view Diffusion Maps (view 1),86,ami,0.5063378933767866
Single-view Diffusion Maps (view 1),86,ari,0.3835730293720409
Single-view Diffusion Maps (view 1),87,chs,4.846274164151857
Single-view Diffusion Maps (view 1),87,ami,0.5172598926467237
Single-view Diffusion Maps (view 1),87,ari,0.38648364771729904
Single-view Diffusion Maps (view 1),88,chs,4.8218950918880585
Single-view Diffusion Maps (view 1),88,ami,0.47976708275323754
Single-view Diffusion Maps (view 1),88,ari,0.3398615064361273
Single-view Diffusion Maps (view 1),89,chs,4.866492520156282
Single-view Diffusion Maps (view 1),89,ami,0.4900104481976853
Single-view Diffusion Maps (view 1),89,ari,0.3494836721069303
Single-view Diffusion Maps (view 1),90,chs,4.715672317827167
Single-view Diffusion Maps (view 1),90,ami,0.4991418121602326
Single-view Diffusion Maps (view 1),90,ari,0.3525394793000427
Single-view Diffusion Maps (view 1),91,chs,4.708879557062734
Single-view Diffusion Maps (view 1),91,ami,0.49758825384759076
Single-view Diffusion Maps (view 1),91,ari,0.3456726513680261
Single-view Diffusion Maps (view 1),92,chs,4.829916828405516
Single-view Diffusion Maps (view 1),92,ami,0.478708058490538
Single-view Diffusion Maps (view 1),92,ari,0.33743325302562804
Single-view Diffusion Maps (view 1),93,chs,4.826461308569299
Single-view Diffusion Maps (view 1),93,ami,0.5082505802403149
Single-view Diffusion Maps (view 1),93,ari,0.3784927661412222
Single-view Diffusion Maps (view 1),94,chs,4.690080017221398
Single-view Diffusion Maps (view 1),94,ami,0.4624148499261996
Single-view Diffusion Maps (view 1),94,ari,0.3420441092646994
Single-view Diffusion Maps (view 1),95,chs,4.82971300401969
Single-view Diffusion Maps (view 1),95,ami,0.48060150220838005
Single-view Diffusion Maps (view 1),95,ari,0.3470610899439188
Single-view Diffusion Maps (view 1),96,chs,4.854203907765873
Single-view Diffusion Maps (view 1),96,ami,0.49309761658289136
Single-view Diffusion Maps (view 1),96,ari,0.35220311773900553
Single-view Diffusion Maps (view 1),97,chs,4.874645404205715
Single-view Diffusion Maps (view 1),97,ami,0.5057980008226719
Single-view Diffusion Maps (view 1),97,ari,0.36366420289249873
Single-view Diffusion Maps (view 1),98,chs,4.673316638870449
Single-view Diffusion Maps (view 1),98,ami,0.496505579028568
Single-view Diffusion Maps (view 1),98,ari,0.36
Single-view Diffusion Maps (view 1),99,chs,4.8746648556664125
Single-view Diffusion Maps (view 1),99,ami,0.49397200571809846
Single-view Diffusion Maps (view 1),99,ari,0.347015480294734
Single-view Diffusion Maps (view 2),0,chs,4.893441720001287
Single-view Diffusion Maps (view 2),0,ami,0.5713975113559862
Single-view Diffusion Maps (view 2),0,ari,0.4003747912168493
Single-view Diffusion Maps (view 2),1,chs,4.979547690071306
Single-view Diffusion Maps (view 2),1,ami,0.5819574435787377
Single-view Diffusion Maps (view 2),1,ari,0.41058690344667675
Single-view Diffusion Maps (view 2),2,chs,4.962695862663298
Single-view Diffusion Maps (view 2),2,ami,0.578326026337377
Single-view Diffusion Maps (view 2),2,ari,0.41333277710566935
Single-view Diffusion Maps (view 2),3,chs,4.913199238571427
Single-view Diffusion Maps (view 2),3,ami,0.5548836001893473
Single-view Diffusion Maps (view 2),3,ari,0.3813215953909731
Single-view Diffusion Maps (view 2),4,chs,4.946020669185034
Single-view Diffusion Maps (view 2),4,ami,0.6270468797222204
Single-view Diffusion Maps (view 2),4,ari,0.3554774046069984
Single-view Diffusion Maps (view 2),5,chs,5.0143837030800364
Single-view Diffusion Maps (view 2),5,ami,0.5834351774787672
Single-view Diffusion Maps (view 2),5,ari,0.4129912558854617
Single-view Diffusion Maps (view 2),6,chs,4.951296464523895
Single-view Diffusion Maps (view 2),6,ami,0.570961339483187
Single-view Diffusion Maps (view 2),6,ari,0.3993223554923087
Single-view Diffusion Maps (view 2),7,chs,4.964728526947442
Single-view Diffusion Maps (view 2),7,ami,0.5718084885967525
Single-view Diffusion Maps (view 2),7,ari,0.3926525775232076
Single-view Diffusion Maps (view 2),8,chs,5.0143837030800364
Single-view Diffusion Maps (view 2),8,ami,0.5834351774787672
Single-view Diffusion Maps (view 2),8,ari,0.4129912558854617
Single-view Diffusion Maps (view 2),9,chs,4.926058470125405
Single-view Diffusion Maps (view 2),9,ami,0.5817418521699489
Single-view Diffusion Maps (view 2),9,ari,0.40219644983078506
Single-view Diffusion Maps (view 2),10,chs,4.9372958712833634
Single-view Diffusion Maps (view 2),10,ami,0.5576811313717427
Single-view Diffusion Maps (view 2),10,ari,0.3870126695726565
Single-view Diffusion Maps (view 2),11,chs,4.88598784101188
Single-view Diffusion Maps (view 2),11,ami,0.6109030744842546
Single-view Diffusion Maps (view 2),11,ari,0.3458033573141487
Single-view Diffusion Maps (view 2),12,chs,4.926058470125404
Single-view Diffusion Maps (view 2),12,ami,0.5817418521699491
Single-view Diffusion Maps (view 2),12,ari,0.40219644983078506
Single-view Diffusion Maps (view 2),13,chs,4.974279624262755
Single-view Diffusion Maps (view 2),13,ami,0.5685805284140051
Single-view Diffusion Maps (view 2),13,ari,0.39795653539865317
Single-view Diffusion Maps (view 2),14,chs,4.932032916532137
Single-view Diffusion Maps (view 2),14,ami,0.5641338701826545
Single-view Diffusion Maps (view 2),14,ari,0.3959793913055362
Single-view Diffusion Maps (view 2),15,chs,5.002159014436548
Single-view Diffusion Maps (view 2),15,ami,0.5929684171925483
Single-view Diffusion Maps (view 2),15,ari,0.42703711382956666
Single-view Diffusion Maps (view 2),16,chs,4.913303312513579
Single-view Diffusion Maps (view 2),16,ami,0.5614343341299872
Single-view Diffusion Maps (view 2),16,ari,0.39956618449593123
Single-view Diffusion Maps (view 2),17,chs,4.951296464523895
Single-view Diffusion Maps (view 2),17,ami,0.570961339483187
Single-view Diffusion Maps (view 2),17,ari,0.3993223554923087
Single-view Diffusion Maps (view 2),18,chs,4.862592567597643
Single-view Diffusion Maps (view 2),18,ami,0.554887679690302
Single-view Diffusion Maps (view 2),18,ari,0.3877785435331955
Single-view Diffusion Maps (view 2),19,chs,4.861220873602269
Single-view Diffusion Maps (view 2),19,ami,0.5603902037637731
Single-view Diffusion Maps (view 2),19,ari,0.38922398089300897
Single-view Diffusion Maps (view 2),20,chs,4.877787699785764
Single-view Diffusion Maps (view 2),20,ami,0.560390203763773
Single-view Diffusion Maps (view 2),20,ari,0.38922398089300897
Single-view Diffusion Maps (view 2),21,chs,5.014383703080037
Single-view Diffusion Maps (view 2),21,ami,0.5834351774787672
Single-view Diffusion Maps (view 2),21,ari,0.4129912558854617
Single-view Diffusion Maps (view 2),22,chs,4.838331320789008
Single-view Diffusion Maps (view 2),22,ami,0.5589057362147877
Single-view Diffusion Maps (view 2),22,ari,0.39505158028852083
Single-view Diffusion Maps (view 2),23,chs,4.863718868326857
Single-view Diffusion Maps (view 2),23,ami,0.5757414389054464
Single-view Diffusion Maps (view 2),23,ari,0.40894480541875317
Single-view Diffusion Maps (view 2),24,chs,4.913842745418882
Single-view Diffusion Maps (view 2),24,ami,0.570961339483187
Single-view Diffusion Maps (view 2),24,ari,0.3993223554923087
Single-view Diffusion Maps (view 2),25,chs,4.863044644489476
Single-view Diffusion Maps (view 2),25,ami,0.5692425744198992
Single-view Diffusion Maps (view 2),25,ari,0.3742435153950145
Single-view Diffusion Maps (view 2),26,chs,4.91757804900449
Single-view Diffusion Maps (view 2),26,ami,0.5541786955826138
Single-view Diffusion Maps (view 2),26,ari,0.36698525712959024
Single-view Diffusion Maps (view 2),27,chs,4.979547690071307
Single-view Diffusion Maps (view 2),27,ami,0.5819574435787378
Single-view Diffusion Maps (view 2),27,ari,0.41058690344667675
Single-view Diffusion Maps (view 2),28,chs,4.821219421379207
Single-view Diffusion Maps (view 2),28,ami,0.569060422155516
Single-view Diffusion Maps (view 2),28,ari,0.3742435153950145
Single-view Diffusion Maps (view 2),29,chs,4.863718868326855
Single-view Diffusion Maps (view 2),29,ami,0.5757414389054465
Single-view Diffusion Maps (view 2),29,ari,0.40894480541875317
Single-view Diffusion Maps (view 2),30,chs,4.901223292698907
Single-view Diffusion Maps (view 2),30,ami,0.6172118315829062
Single-view Diffusion Maps (view 2),30,ari,0.3483373742342786
Single-view Diffusion Maps (view 2),31,chs,5.002159014436548
Single-view Diffusion Maps (view 2),31,ami,0.5929684171925481
Single-view Diffusion Maps (view 2),31,ari,0.42703711382956666
Single-view Diffusion Maps (view 2),32,chs,4.905230212120578
Single-view Diffusion Maps (view 2),32,ami,0.5688976830139154
Single-view Diffusion Maps (view 2),32,ari,0.3798766634209672
Single-view Diffusion Maps (view 2),33,chs,4.812955144167044
Single-view Diffusion Maps (view 2),33,ami,0.5657158876239746
Single-view Diffusion Maps (view 2),33,ari,0.3996890008119005
Single-view Diffusion Maps (view 2),34,chs,4.827629287913172
Single-view Diffusion Maps (view 2),34,ami,0.562955643833421
Single-view Diffusion Maps (view 2),34,ari,0.3728697764451361
Single-view Diffusion Maps (view 2),35,chs,4.860305093889756
Single-view Diffusion Maps (view 2),35,ami,0.5548876796903017
Single-view Diffusion Maps (view 2),35,ari,0.3877785435331955
Single-view Diffusion Maps (view 2),36,chs,4.838503408538337
Single-view Diffusion Maps (view 2),36,ami,0.560390203763773
Single-view Diffusion Maps (view 2),36,ari,0.38922398089300897
Single-view Diffusion Maps (view 2),37,chs,4.809741134767393
Single-view Diffusion Maps (view 2),37,ami,0.5657158876239744
Single-view Diffusion Maps (view 2),37,ari,0.3996890008119005
Single-view Diffusion Maps (view 2),38,chs,4.913842745418882
Single-view Diffusion Maps (view 2),38,ami,0.5709613394831871
Single-view Diffusion Maps (view 2),38,ari,0.3993223554923087
Single-view Diffusion Maps (view 2),39,chs,4.9460206691850335
Single-view Diffusion Maps (view 2),39,ami,0.6270468797222202
Single-view Diffusion Maps (view 2),39,ari,0.3554774046069984
Single-view Diffusion Maps (view 2),40,chs,4.913199238571427
Single-view Diffusion Maps (view 2),40,ami,0.5548836001893475
Single-view Diffusion Maps (view 2),40,ari,0.3813215953909731
Single-view Diffusion Maps (view 2),41,chs,4.932032916532137
Single-view Diffusion Maps (view 2),41,ami,0.5641338701826546
Single-view Diffusion Maps (view 2),41,ari,0.3959793913055362
Single-view Diffusion Maps (view 2),42,chs,5.014383703080038
Single-view Diffusion Maps (view 2),42,ami,0.5834351774787672
Single-view Diffusion Maps (view 2),42,ari,0.4129912558854617
Single-view Diffusion Maps (view 2),43,chs,4.951296464523895
Single-view Diffusion Maps (view 2),43,ami,0.570961339483187
Single-view Diffusion Maps (view 2),43,ari,0.3993223554923087
Single-view Diffusion Maps (view 2),44,chs,4.979547690071307
Single-view Diffusion Maps (view 2),44,ami,0.5819574435787378
Single-view Diffusion Maps (view 2),44,ari,0.41058690344667675
Single-view Diffusion Maps (view 2),45,chs,4.6409181257985415
Single-view Diffusion Maps (view 2),45,ami,0.5504208489517544
Single-view Diffusion Maps (view 2),45,ari,0.38129486820900094
Single-view Diffusion Maps (view 2),46,chs,4.985065349449632
Single-view Diffusion Maps (view 2),46,ami,0.5945456970036732
Single-view Diffusion Maps (view 2),46,ari,0.42986733347225115
Single-view Diffusion Maps (view 2),47,chs,4.951296464523896
Single-view Diffusion Maps (view 2),47,ami,0.5709613394831871
Single-view Diffusion Maps (view 2),47,ari,0.3993223554923087
Single-view Diffusion Maps (view 2),48,chs,4.820690226338077
Single-view Diffusion Maps (view 2),48,ami,0.5417574639290498
Single-view Diffusion Maps (view 2),48,ari,0.3668562187669835
Single-view Diffusion Maps (view 2),49,chs,4.838331320789008
Single-view Diffusion Maps (view 2),49,ami,0.5589057362147879
Single-view Diffusion Maps (view 2),49,ari,0.39505158028852083
Single-view Diffusion Maps (view 2),50,chs,5.0143837030800364
Single-view Diffusion Maps (view 2),50,ami,0.5834351774787672
Single-view Diffusion Maps (view 2),50,ari,0.4129912558854617
Single-view Diffusion Maps (view 2),51,chs,4.617994718283552
Single-view Diffusion Maps (view 2),51,ami,0.5561560623192412
Single-view Diffusion Maps (view 2),51,ari,0.35808157754573716
Single-view Diffusion Maps (view 2),52,chs,4.812955144167044
Single-view Diffusion Maps (view 2),52,ami,0.5657158876239747
Single-view Diffusion Maps (view 2),52,ari,0.3996890008119005
Single-view Diffusion Maps (view 2),53,chs,4.855259900408072
Single-view Diffusion Maps (view 2),53,ami,0.5677730761762088
Single-view Diffusion Maps (view 2),53,ari,0.35653005166926827
Single-view Diffusion Maps (view 2),54,chs,5.002159014436548
Single-view Diffusion Maps (view 2),54,ami,0.5929684171925481
Single-view Diffusion Maps (view 2),54,ari,0.42703711382956666
Single-view Diffusion Maps (view 2),55,chs,4.881275570360856
Single-view Diffusion Maps (view 2),55,ami,0.5652729789394565
Single-view Diffusion Maps (view 2),55,ari,0.3870890994884809
Single-view Diffusion Maps (view 2),56,chs,4.974279624262756
Single-view Diffusion Maps (view 2),56,ami,0.5685805284140051
Single-view Diffusion Maps (view 2),56,ari,0.39795653539865317
Single-view Diffusion Maps (view 2),57,chs,4.951296464523896
Single-view Diffusion Maps (view 2),57,ami,0.5709613394831872
Single-view Diffusion Maps (view 2),57,ari,0.3993223554923087
Single-view Diffusion Maps (view 2),58,chs,4.8974938491472555
Single-view Diffusion Maps (view 2),58,ami,0.5671111866635239
Single-view Diffusion Maps (view 2),58,ari,0.401294632382372
Single-view Diffusion Maps (view 2),59,chs,4.946308220201678
Single-view Diffusion Maps (view 2),59,ami,0.559173301961662
Single-view Diffusion Maps (view 2),59,ari,0.37333126958944396
Single-view Diffusion Maps (view 2),60,chs,4.8974938491472555
Single-view Diffusion Maps (view 2),60,ami,0.5671111866635239
Single-view Diffusion Maps (view 2),60,ari,0.401294632382372
Single-view Diffusion Maps (view 2),61,chs,4.812955144167043
Single-view Diffusion Maps (view 2),61,ami,0.5657158876239744
Single-view Diffusion Maps (view 2),61,ari,0.3996890008119005
Single-view Diffusion Maps (view 2),62,chs,4.974279624262755
Single-view Diffusion Maps (view 2),62,ami,0.568580528414005
Single-view Diffusion Maps (view 2),62,ari,0.39795653539865317
Single-view Diffusion Maps (view 2),63,chs,4.883716560177931
Single-view Diffusion Maps (view 2),63,ami,0.5598516515034392
Single-view Diffusion Maps (view 2),63,ari,0.3879443793832196
Single-view Diffusion Maps (view 2),64,chs,4.98082063855445
Single-view Diffusion Maps (view 2),64,ami,0.5844083411794027
Single-view Diffusion Maps (view 2),64,ari,0.36437548860424557
Single-view Diffusion Maps (view 2),65,chs,4.914558923656274
Single-view Diffusion Maps (view 2),65,ami,0.6158698063022989
Single-view Diffusion Maps (view 2),65,ari,0.33810027645994745
Single-view Diffusion Maps (view 2),66,chs,4.915879029147441
Single-view Diffusion Maps (view 2),66,ami,0.624223234405189
Single-view Diffusion Maps (view 2),66,ari,0.36124730105333475
Single-view Diffusion Maps (view 2),67,chs,4.931792684442754
Single-view Diffusion Maps (view 2),67,ami,0.5713975113559862
Single-view Diffusion Maps (view 2),67,ari,0.4003747912168493
Single-view Diffusion Maps (view 2),68,chs,4.951296464523897
Single-view Diffusion Maps (view 2),68,ami,0.570961339483187
Single-view Diffusion Maps (view 2),68,ari,0.3993223554923087
Single-view Diffusion Maps (view 2),69,chs,4.883032297930805
Single-view Diffusion Maps (view 2),69,ami,0.5688562950559202
Single-view Diffusion Maps (view 2),69,ari,0.4048065569215809
Single-view Diffusion Maps (view 2),70,chs,5.014383703080037
Single-view Diffusion Maps (view 2),70,ami,0.583435177478767
Single-view Diffusion Maps (view 2),70,ari,0.4129912558854617
Single-view Diffusion Maps (view 2),71,chs,5.014383703080038
Single-view Diffusion Maps (view 2),71,ami,0.5834351774787673
Single-view Diffusion Maps (view 2),71,ari,0.4129912558854617
Single-view Diffusion Maps (view 2),72,chs,4.951296464523895
Single-view Diffusion Maps (view 2),72,ami,0.570961339483187
Single-view Diffusion Maps (view 2),72,ari,0.3993223554923087
Single-view Diffusion Maps (view 2),73,chs,4.913958956682541
Single-view Diffusion Maps (view 2),73,ami,0.571397511355986
Single-view Diffusion Maps (view 2),73,ari,0.4003747912168493
Single-view Diffusion Maps (view 2),74,chs,4.857768660917183
Single-view Diffusion Maps (view 2),74,ami,0.5472957132607672
Single-view Diffusion Maps (view 2),74,ari,0.3608227678400429
Single-view Diffusion Maps (view 2),75,chs,5.002159014436548
Single-view Diffusion Maps (view 2),75,ami,0.5929684171925481
Single-view Diffusion Maps (view 2),75,ari,0.42703711382956666
Single-view Diffusion Maps (view 2),76,chs,5.0143837030800364
Single-view Diffusion Maps (view 2),76,ami,0.5834351774787672
Single-view Diffusion Maps (view 2),76,ari,0.4129912558854617
Single-view Diffusion Maps (view 2),77,chs,4.937295871283364
Single-view Diffusion Maps (view 2),77,ami,0.5576811313717426
Single-view Diffusion Maps (view 2),77,ari,0.3870126695726565
Single-view Diffusion Maps (view 2),78,chs,4.866883046467468
Single-view Diffusion Maps (view 2),78,ami,0.5688562950559202
Single-view Diffusion Maps (view 2),78,ari,0.4048065569215809
Single-view Diffusion Maps (view 2),79,chs,5.014383703080037
Single-view Diffusion Maps (view 2),79,ami,0.583435177478767
Single-view Diffusion Maps (view 2),79,ari,0.4129912558854617
Single-view Diffusion Maps (view 2),80,chs,4.919999906851561
Single-view Diffusion Maps (view 2),80,ami,0.5659967919508124
Single-view Diffusion Maps (view 2),80,ari,0.3926543335366267
Single-view Diffusion Maps (view 2),81,chs,5.002159014436547
Single-view Diffusion Maps (view 2),81,ami,0.5929684171925481
Single-view Diffusion Maps (view 2),81,ari,0.42703711382956666
Single-view Diffusion Maps (view 2),82,chs,4.884354989204451
Single-view Diffusion Maps (view 2),82,ami,0.5530867244603124
Single-view Diffusion Maps (view 2),82,ari,0.37841447939624656
Single-view Diffusion Maps (view 2),83,chs,5.014383703080037
Single-view Diffusion Maps (view 2),83,ami,0.5834351774787672
Single-view Diffusion Maps (view 2),83,ari,0.4129912558854617
Single-view Diffusion Maps (view 2),84,chs,5.014383703080038
Single-view Diffusion Maps (view 2),84,ami,0.5834351774787672
Single-view Diffusion Maps (view 2),84,ari,0.4129912558854617
Single-view Diffusion Maps (view 2),85,chs,4.8537855358230235
Single-view Diffusion Maps (view 2),85,ami,0.5501410959108176
Single-view Diffusion Maps (view 2),85,ari,0.36616210496431933
Single-view Diffusion Maps (view 2),86,chs,4.965223188706772
Single-view Diffusion Maps (view 2),86,ami,0.5614861703698111
Single-view Diffusion Maps (view 2),86,ari,0.3775492917367111
Single-view Diffusion Maps (view 2),87,chs,4.951296464523896
Single-view Diffusion Maps (view 2),87,ami,0.5709613394831872
Single-view Diffusion Maps (view 2),87,ari,0.3993223554923087
Single-view Diffusion Maps (view 2),88,chs,4.979547690071307
Single-view Diffusion Maps (view 2),88,ami,0.5819574435787378
Single-view Diffusion Maps (view 2),88,ari,0.41058690344667675
Single-view Diffusion Maps (view 2),89,chs,4.9372958712833634
Single-view Diffusion Maps (view 2),89,ami,0.5576811313717428
Single-view Diffusion Maps (view 2),89,ari,0.3870126695726565
Single-view Diffusion Maps (view 2),90,chs,4.951296464523896
Single-view Diffusion Maps (view 2),90,ami,0.570961339483187
Single-view Diffusion Maps (view 2),90,ari,0.3993223554923087
Single-view Diffusion Maps (view 2),91,chs,5.0143837030800364
Single-view Diffusion Maps (view 2),91,ami,0.5834351774787672
Single-view Diffusion Maps (view 2),91,ari,0.4129912558854617
Single-view Diffusion Maps (view 2),92,chs,4.913199238571427
Single-view Diffusion Maps (view 2),92,ami,0.5548836001893471
Single-view Diffusion Maps (view 2),92,ari,0.3813215953909731
Single-view Diffusion Maps (view 2),93,chs,5.014383703080038
Single-view Diffusion Maps (view 2),93,ami,0.5834351774787672
Single-view Diffusion Maps (view 2),93,ari,0.4129912558854617
Single-view Diffusion Maps (view 2),94,chs,4.871473734066433
Single-view Diffusion Maps (view 2),94,ami,0.5725751220992006
Single-view Diffusion Maps (view 2),94,ari,0.40249205894782764
Single-view Diffusion Maps (view 2),95,chs,4.881275570360856
Single-view Diffusion Maps (view 2),95,ami,0.5652729789394565
Single-view Diffusion Maps (view 2),95,ari,0.3870890994884809
Single-view Diffusion Maps (view 2),96,chs,4.826968965100814
Single-view Diffusion Maps (view 2),96,ami,0.563799059347947
Single-view Diffusion Maps (view 2),96,ari,0.3951911136583835
Single-view Diffusion Maps (view 2),97,chs,4.9460206691850335
Single-view Diffusion Maps (view 2),97,ami,0.6270468797222204
Single-view Diffusion Maps (view 2),97,ari,0.3554774046069984
Single-view Diffusion Maps (view 2),98,chs,4.951296464523896
Single-view Diffusion Maps (view 2),98,ami,0.570961339483187
Single-view Diffusion Maps (view 2),98,ari,0.3993223554923087
Single-view Diffusion Maps (view 2),99,chs,4.7265031638986805
Single-view Diffusion Maps (view 2),99,ami,0.5518758827085521
Single-view Diffusion Maps (view 2),99,ari,0.3743881130540328
Single-view Diffusion Maps (view 3),0,chs,4.87047863575073
Single-view Diffusion Maps (view 3),0,ami,0.5901614429164407
Single-view Diffusion Maps (view 3),0,ari,0.46811665109934913
Single-view Diffusion Maps (view 3),1,chs,4.892287634220848
Single-view Diffusion Maps (view 3),1,ami,0.5801662498246974
Single-view Diffusion Maps (view 3),1,ari,0.4486311836877265
Single-view Diffusion Maps (view 3),2,chs,4.931112782462407
Single-view Diffusion Maps (view 3),2,ami,0.5883380473924527
Single-view Diffusion Maps (view 3),2,ari,0.4608192799377688
Single-view Diffusion Maps (view 3),3,chs,4.772892030534358
Single-view Diffusion Maps (view 3),3,ami,0.5862837122200534
Single-view Diffusion Maps (view 3),3,ari,0.4547572534548875
Single-view Diffusion Maps (view 3),4,chs,4.9522421468448
Single-view Diffusion Maps (view 3),4,ami,0.5911771281044933
Single-view Diffusion Maps (view 3),4,ari,0.45917875454664975
Single-view Diffusion Maps (view 3),5,chs,4.892721460083042
Single-view Diffusion Maps (view 3),5,ami,0.58616180388035
Single-view Diffusion Maps (view 3),5,ari,0.45998899939050675
Single-view Diffusion Maps (view 3),6,chs,4.892287634220847
Single-view Diffusion Maps (view 3),6,ami,0.5801662498246973
Single-view Diffusion Maps (view 3),6,ari,0.4486311836877265
Single-view Diffusion Maps (view 3),7,chs,4.825740138670664
Single-view Diffusion Maps (view 3),7,ami,0.5738145002362368
Single-view Diffusion Maps (view 3),7,ari,0.4521348783797891
Single-view Diffusion Maps (view 3),8,chs,4.850255771470305
Single-view Diffusion Maps (view 3),8,ami,0.5806582763497303
Single-view Diffusion Maps (view 3),8,ari,0.45558857886409676
Single-view Diffusion Maps (view 3),9,chs,4.853669127276274
Single-view Diffusion Maps (view 3),9,ami,0.5631031302399262
Single-view Diffusion Maps (view 3),9,ari,0.4398458916796325
Single-view Diffusion Maps (view 3),10,chs,4.87047863575073
Single-view Diffusion Maps (view 3),10,ami,0.5901614429164406
Single-view Diffusion Maps (view 3),10,ari,0.46811665109934913
Single-view Diffusion Maps (view 3),11,chs,4.892287634220847
Single-view Diffusion Maps (view 3),11,ami,0.5801662498246972
Single-view Diffusion Maps (view 3),11,ari,0.4486311836877265
Single-view Diffusion Maps (view 3),12,chs,4.924867420207914
Single-view Diffusion Maps (view 3),12,ami,0.5921181256036477
Single-view Diffusion Maps (view 3),12,ari,0.4643584223091231
Single-view Diffusion Maps (view 3),13,chs,4.86736032028783
Single-view Diffusion Maps (view 3),13,ami,0.5829288549001745
Single-view Diffusion Maps (view 3),13,ari,0.4376378992931124
Single-view Diffusion Maps (view 3),14,chs,4.971052718014055
Single-view Diffusion Maps (view 3),14,ami,0.5773947331975623
Single-view Diffusion Maps (view 3),14,ari,0.41857196014387893
Single-view Diffusion Maps (view 3),15,chs,4.866832098974881
Single-view Diffusion Maps (view 3),15,ami,0.5804251539434301
Single-view Diffusion Maps (view 3),15,ari,0.43708151844490495
Single-view Diffusion Maps (view 3),16,chs,4.88454138692527
Single-view Diffusion Maps (view 3),16,ami,0.5888862877747658
Single-view Diffusion Maps (view 3),16,ari,0.4652147610405324
Single-view Diffusion Maps (view 3),17,chs,4.595779306002916
Single-view Diffusion Maps (view 3),17,ami,0.5512135947886717
Single-view Diffusion Maps (view 3),17,ari,0.4051294855256405
Single-view Diffusion Maps (view 3),18,chs,4.8069070814423
Single-view Diffusion Maps (view 3),18,ami,0.576930101355329
Single-view Diffusion Maps (view 3),18,ari,0.43823740855076754
Single-view Diffusion Maps (view 3),19,chs,4.807028901767002
Single-view Diffusion Maps (view 3),19,ami,0.5979200397833235
Single-view Diffusion Maps (view 3),19,ari,0.46355361290229513
Single-view Diffusion Maps (view 3),20,chs,4.770777458460269
Single-view Diffusion Maps (view 3),20,ami,0.5621570486033769
Single-view Diffusion Maps (view 3),20,ari,0.3772294404712872
Single-view Diffusion Maps (view 3),21,chs,4.900724459913714
Single-view Diffusion Maps (view 3),21,ami,0.5657977120560873
Single-view Diffusion Maps (view 3),21,ari,0.4130914235778786
Single-view Diffusion Maps (view 3),22,chs,4.813502822092576
Single-view Diffusion Maps (view 3),22,ami,0.5746361087988291
Single-view Diffusion Maps (view 3),22,ari,0.43955775719721446
Single-view Diffusion Maps (view 3),23,chs,4.873741855811755
Single-view Diffusion Maps (view 3),23,ami,0.573921466975634
Single-view Diffusion Maps (view 3),23,ari,0.4266941835488354
Single-view Diffusion Maps (view 3),24,chs,4.871851292476775
Single-view Diffusion Maps (view 3),24,ami,0.5790009104118516
Single-view Diffusion Maps (view 3),24,ari,0.451770398064658
Single-view Diffusion Maps (view 3),25,chs,4.885504876058061
Single-view Diffusion Maps (view 3),25,ami,0.5861943446926157
Single-view Diffusion Maps (view 3),25,ari,0.44505298589419934
Single-view Diffusion Maps (view 3),26,chs,4.9274502489063385
Single-view Diffusion Maps (view 3),26,ami,0.5810039518792985
Single-view Diffusion Maps (view 3),26,ari,0.44603516168225665
Single-view Diffusion Maps (view 3),27,chs,4.935553106317802
Single-view Diffusion Maps (view 3),27,ami,0.5774837462393755
Single-view Diffusion Maps (view 3),27,ari,0.42164875741608926
Single-view Diffusion Maps (view 3),28,chs,4.899852245062708
Single-view Diffusion Maps (view 3),28,ami,0.5919038036674913
Single-view Diffusion Maps (view 3),28,ari,0.4637229513233551
Single-view Diffusion Maps (view 3),29,chs,4.892287634220846
Single-view Diffusion Maps (view 3),29,ami,0.5801662498246974
Single-view Diffusion Maps (view 3),29,ari,0.4486311836877265
Single-view Diffusion Maps (view 3),30,chs,4.905397457962071
Single-view Diffusion Maps (view 3),30,ami,0.569717118368934
Single-view Diffusion Maps (view 3),30,ari,0.442766354042828
Single-view Diffusion Maps (view 3),31,chs,4.7074693839049635
Single-view Diffusion Maps (view 3),31,ami,0.5756965254826295
Single-view Diffusion Maps (view 3),31,ari,0.44075624811153796
Single-view Diffusion Maps (view 3),32,chs,4.890744242364864
Single-view Diffusion Maps (view 3),32,ami,0.5701502000872979
Single-view Diffusion Maps (view 3),32,ari,0.44399829384165085
Single-view Diffusion Maps (view 3),33,chs,4.79555185193736
Single-view Diffusion Maps (view 3),33,ami,0.5662253066226557
Single-view Diffusion Maps (view 3),33,ari,0.46005214152700186
Single-view Diffusion Maps (view 3),34,chs,4.770918802632409
Single-view Diffusion Maps (view 3),34,ami,0.590372846871779
Single-view Diffusion Maps (view 3),34,ari,0.4588808418983188
Single-view Diffusion Maps (view 3),35,chs,4.864835913783696
Single-view Diffusion Maps (view 3),35,ami,0.580227969219439
Single-view Diffusion Maps (view 3),35,ari,0.4543254688445251
Single-view Diffusion Maps (view 3),36,chs,4.781539263181425
Single-view Diffusion Maps (view 3),36,ami,0.5677527449291772
Single-view Diffusion Maps (view 3),36,ari,0.4453611619022135
Single-view Diffusion Maps (view 3),37,chs,4.8717017589455685
Single-view Diffusion Maps (view 3),37,ami,0.5808657101644402
Single-view Diffusion Maps (view 3),37,ari,0.45585130726191003
Single-view Diffusion Maps (view 3),38,chs,4.701598359572281
Single-view Diffusion Maps (view 3),38,ami,0.545564109089678
Single-view Diffusion Maps (view 3),38,ari,0.38374456128865064
Single-view Diffusion Maps (view 3),39,chs,4.847236304398446
Single-view Diffusion Maps (view 3),39,ami,0.5957146344667119
Single-view Diffusion Maps (view 3),39,ari,0.45803079126387397
Single-view Diffusion Maps (view 3),40,chs,4.8731496036670015
Single-view Diffusion Maps (view 3),40,ami,0.5817577959246107
Single-view Diffusion Maps (view 3),40,ari,0.45813100488558234
Single-view Diffusion Maps (view 3),41,chs,4.901814951285073
Single-view Diffusion Maps (view 3),41,ami,0.5835117149568722
Single-view Diffusion Maps (view 3),41,ari,0.4498246226840734
Single-view Diffusion Maps (view 3),42,chs,4.800269025986869
Single-view Diffusion Maps (view 3),42,ami,0.5720536034221173
Single-view Diffusion Maps (view 3),42,ari,0.3903072650721132
Single-view Diffusion Maps (view 3),43,chs,4.8166823886945265
Single-view Diffusion Maps (view 3),43,ami,0.5986903052462218
Single-view Diffusion Maps (view 3),43,ari,0.4666232544678388
Single-view Diffusion Maps (view 3),44,chs,4.852988623477172
Single-view Diffusion Maps (view 3),44,ami,0.581327936501296
Single-view Diffusion Maps (view 3),44,ari,0.45685707935096687
Single-view Diffusion Maps (view 3),45,chs,4.6487807360088205
Single-view Diffusion Maps (view 3),45,ami,0.6006337187020757
Single-view Diffusion Maps (view 3),45,ari,0.4592305423285997
Single-view Diffusion Maps (view 3),46,chs,4.799121298311648
Single-view Diffusion Maps (view 3),46,ami,0.5690685103582409
Single-view Diffusion Maps (view 3),46,ari,0.42811221094070834
Single-view Diffusion Maps (view 3),47,chs,4.892287634220847
Single-view Diffusion Maps (view 3),47,ami,0.5801662498246972
Single-view Diffusion Maps (view 3),47,ari,0.4486311836877265
Single-view Diffusion Maps (view 3),48,chs,4.819736424803286
Single-view Diffusion Maps (view 3),48,ami,0.5590862245842266
Single-view Diffusion Maps (view 3),48,ari,0.44324740844128463
Single-view Diffusion Maps (view 3),49,chs,4.910149186717462
Single-view Diffusion Maps (view 3),49,ami,0.5925458330065146
Single-view Diffusion Maps (view 3),49,ari,0.46563339350975297
Single-view Diffusion Maps (view 3),50,chs,4.867250683828939
Single-view Diffusion Maps (view 3),50,ami,0.5870727866282589
Single-view Diffusion Maps (view 3),50,ari,0.43904829923399014
Single-view Diffusion Maps (view 3),51,chs,4.918861156443303
Single-view Diffusion Maps (view 3),51,ami,0.5882779937091959
Single-view Diffusion Maps (view 3),51,ari,0.4365217391304348
Single-view Diffusion Maps (view 3),52,chs,4.860418748668878
Single-view Diffusion Maps (view 3),52,ami,0.5564505427970333
Single-view Diffusion Maps (view 3),52,ari,0.4385119647263224
Single-view Diffusion Maps (view 3),53,chs,4.971031350442524
Single-view Diffusion Maps (view 3),53,ami,0.5753164476939144
Single-view Diffusion Maps (view 3),53,ari,0.43307424743419076
Single-view Diffusion Maps (view 3),54,chs,4.892287634220848
Single-view Diffusion Maps (view 3),54,ami,0.5801662498246974
Single-view Diffusion Maps (view 3),54,ari,0.4486311836877265
Single-view Diffusion Maps (view 3),55,chs,4.905397457962071
Single-view Diffusion Maps (view 3),55,ami,0.5697171183689339
Single-view Diffusion Maps (view 3),55,ari,0.442766354042828
Single-view Diffusion Maps (view 3),56,chs,4.9061016479712505
Single-view Diffusion Maps (view 3),56,ami,0.5881231743420507
Single-view Diffusion Maps (view 3),56,ari,0.4601862033575251
Single-view Diffusion Maps (view 3),57,chs,4.892287634220847
Single-view Diffusion Maps (view 3),57,ami,0.5801662498246973
Single-view Diffusion Maps (view 3),57,ari,0.4486311836877265
Single-view Diffusion Maps (view 3),58,chs,4.906511349219738
Single-view Diffusion Maps (view 3),58,ami,0.590617413947961
Single-view Diffusion Maps (view 3),58,ari,0.46069189283991757
Single-view Diffusion Maps (view 3),59,chs,4.807028901767004
Single-view Diffusion Maps (view 3),59,ami,0.5979200397833234
Single-view Diffusion Maps (view 3),59,ari,0.46355361290229513
Single-view Diffusion Maps (view 3),60,chs,4.90695127038264
Single-view Diffusion Maps (view 3),60,ami,0.5797351274685643
Single-view Diffusion Maps (view 3),60,ari,0.4474024370760896
Single-view Diffusion Maps (view 3),61,chs,4.872913967193752
Single-view Diffusion Maps (view 3),61,ami,0.5767230326577303
Single-view Diffusion Maps (view 3),61,ari,0.45050981789037803
Single-view Diffusion Maps (view 3),62,chs,4.765855919047074
Single-view Diffusion Maps (view 3),62,ami,0.5654315982859519
Single-view Diffusion Maps (view 3),62,ari,0.4295425290348708
Single-view Diffusion Maps (view 3),63,chs,4.906951270382639
Single-view Diffusion Maps (view 3),63,ami,0.5797351274685643
Single-view Diffusion Maps (view 3),63,ari,0.4474024370760896
Single-view Diffusion Maps (view 3),64,chs,4.825740138670664
Single-view Diffusion Maps (view 3),64,ami,0.5738145002362366
Single-view Diffusion Maps (view 3),64,ari,0.4521348783797891
Single-view Diffusion Maps (view 3),65,chs,4.890744242364864
Single-view Diffusion Maps (view 3),65,ami,0.5701502000872978
Single-view Diffusion Maps (view 3),65,ari,0.44399829384165085
Single-view Diffusion Maps (view 3),66,chs,4.952034129532337
Single-view Diffusion Maps (view 3),66,ami,0.5641275885025427
Single-view Diffusion Maps (view 3),66,ari,0.3945875221959653
Single-view Diffusion Maps (view 3),67,chs,4.819467393442267
Single-view Diffusion Maps (view 3),67,ami,0.5674722297146988
Single-view Diffusion Maps (view 3),67,ari,0.4630271389351456
Single-view Diffusion Maps (view 3),68,chs,4.82284948477774
Single-view Diffusion Maps (view 3),68,ami,0.576169746567053
Single-view Diffusion Maps (view 3),68,ari,0.42674046023885814
Single-view Diffusion Maps (view 3),69,chs,4.819968365016025
Single-view Diffusion Maps (view 3),69,ami,0.6010719322672002
Single-view Diffusion Maps (view 3),69,ari,0.47255625497431447
Single-view Diffusion Maps (view 3),70,chs,4.869909219656772
Single-view Diffusion Maps (view 3),70,ami,0.583083098993329
Single-view Diffusion Maps (view 3),70,ari,0.4559514917175623
Single-view Diffusion Maps (view 3),71,chs,4.928520814037351
Single-view Diffusion Maps (view 3),71,ami,0.5758171430727641
Single-view Diffusion Maps (view 3),71,ari,0.4396708393306291
Single-view Diffusion Maps (view 3),72,chs,4.872913967193753
Single-view Diffusion Maps (view 3),72,ami,0.57672303265773
Single-view Diffusion Maps (view 3),72,ari,0.45050981789037803
Single-view Diffusion Maps (view 3),73,chs,4.790350229173977
Single-view Diffusion Maps (view 3),73,ami,0.5769282193284714
Single-view Diffusion Maps (view 3),73,ari,0.45681950868998966
Single-view Diffusion Maps (view 3),74,chs,4.87047863575073
Single-view Diffusion Maps (view 3),74,ami,0.5901614429164407
Single-view Diffusion Maps (view 3),74,ari,0.46811665109934913
Single-view Diffusion Maps (view 3),75,chs,4.818239828939821
Single-view Diffusion Maps (view 3),75,ami,0.5808954130937598
Single-view Diffusion Maps (view 3),75,ari,0.4327173111954723
Single-view Diffusion Maps (view 3),76,chs,4.969407884016271
Single-view Diffusion Maps (view 3),76,ami,0.5652888159718003
Single-view Diffusion Maps (view 3),76,ari,0.428356546766752
Single-view Diffusion Maps (view 3),77,chs,4.892287634220847
Single-view Diffusion Maps (view 3),77,ami,0.5801662498246973
Single-view Diffusion Maps (view 3),77,ari,0.4486311836877265
Single-view Diffusion Maps (view 3),78,chs,4.67097173785265
Single-view Diffusion Maps (view 3),78,ami,0.5677444880725142
Single-view Diffusion Maps (view 3),78,ari,0.43284571529588545
Single-view Diffusion Maps (view 3),79,chs,4.839210064608233
Single-view Diffusion Maps (view 3),79,ami,0.5972382381829062
Single-view Diffusion Maps (view 3),79,ari,0.4589399272811554
Single-view Diffusion Maps (view 3),80,chs,4.890744242364865
Single-view Diffusion Maps (view 3),80,ami,0.570150200087298
Single-view Diffusion Maps (view 3),80,ari,0.44399829384165085
Single-view Diffusion Maps (view 3),81,chs,4.892287634220846
Single-view Diffusion Maps (view 3),81,ami,0.580166249824697
Single-view Diffusion Maps (view 3),81,ari,0.4486311836877265
Single-view Diffusion Maps (view 3),82,chs,4.841230114052164
Single-view Diffusion Maps (view 3),82,ami,0.5885986973144839
Single-view Diffusion Maps (view 3),82,ari,0.4468569501243729
Single-view Diffusion Maps (view 3),83,chs,4.953813773983325
Single-view Diffusion Maps (view 3),83,ami,0.584776842090072
Single-view Diffusion Maps (view 3),83,ari,0.4327173111954723
Single-view Diffusion Maps (view 3),84,chs,4.86736032028783
Single-view Diffusion Maps (view 3),84,ami,0.5829288549001745
Single-view Diffusion Maps (view 3),84,ari,0.4376378992931124
Single-view Diffusion Maps (view 3),85,chs,4.8668320989748795
Single-view Diffusion Maps (view 3),85,ami,0.5804251539434301
Single-view Diffusion Maps (view 3),85,ari,0.43708151844490495
Single-view Diffusion Maps (view 3),86,chs,4.90539745796207
Single-view Diffusion Maps (view 3),86,ami,0.5697171183689342
Single-view Diffusion Maps (view 3),86,ari,0.442766354042828
Single-view Diffusion Maps (view 3),87,chs,4.931112782462406
Single-view Diffusion Maps (view 3),87,ami,0.588338047392453
Single-view Diffusion Maps (view 3),87,ari,0.4608192799377688
Single-view Diffusion Maps (view 3),88,chs,4.90695127038264
Single-view Diffusion Maps (view 3),88,ami,0.5797351274685644
Single-view Diffusion Maps (view 3),88,ari,0.4474024370760896
Single-view Diffusion Maps (view 3),89,chs,4.583904881074427
Single-view Diffusion Maps (view 3),89,ami,0.576419060042264
Single-view Diffusion Maps (view 3),89,ari,0.419767426336097
Single-view Diffusion Maps (view 3),90,chs,4.898806642655702
Single-view Diffusion Maps (view 3),90,ami,0.569904365841977
Single-view Diffusion Maps (view 3),90,ari,0.41708584493868217
Single-view Diffusion Maps (view 3),91,chs,4.94294307424279
Single-view Diffusion Maps (view 3),91,ami,0.5820457354279879
Single-view Diffusion Maps (view 3),91,ari,0.4443242931499344
Single-view Diffusion Maps (view 3),92,chs,4.956546407632426
Single-view Diffusion Maps (view 3),92,ami,0.608646492122721
Single-view Diffusion Maps (view 3),92,ari,0.3691521833925123
Single-view Diffusion Maps (view 3),93,chs,4.844060350534934
Single-view Diffusion Maps (view 3),93,ami,0.5715442667644522
Single-view Diffusion Maps (view 3),93,ari,0.4471010956838043
Single-view Diffusion Maps (view 3),94,chs,4.944370171726266
Single-view Diffusion Maps (view 3),94,ami,0.5999413141305067
Single-view Diffusion Maps (view 3),94,ari,0.4700423052713246
Single-view Diffusion Maps (view 3),95,chs,4.783876131294117
Single-view Diffusion Maps (view 3),95,ami,0.5692152931094306
Single-view Diffusion Maps (view 3),95,ari,0.42414605910986514
Single-view Diffusion Maps (view 3),96,chs,4.81705875945076
Single-view Diffusion Maps (view 3),96,ami,0.5762927634220903
Single-view Diffusion Maps (view 3),96,ari,0.45258078363456045
Single-view Diffusion Maps (view 3),97,chs,4.9304800626993
Single-view Diffusion Maps (view 3),97,ami,0.5794744140156282
Single-view Diffusion Maps (view 3),97,ari,0.4267328246396753
Single-view Diffusion Maps (view 3),98,chs,4.661866846977574
Single-view Diffusion Maps (view 3),98,ami,0.5543497629656575
Single-view Diffusion Maps (view 3),98,ari,0.42509225092250924
Single-view Diffusion Maps (view 3),99,chs,4.81829709629569
Single-view Diffusion Maps (view 3),99,ami,0.5844800073518419
Single-view Diffusion Maps (view 3),99,ari,0.44115942028985505
Integrated Diffusion Maps,0,chs,4.852722505068651
Integrated Diffusion Maps,0,ami,0.5043689773227508
Integrated Diffusion Maps,0,ari,0.3627674688939596
Integrated Diffusion Maps,1,chs,4.9784257960829805
Integrated Diffusion Maps,1,ami,0.5334335144285289
Integrated Diffusion Maps,1,ari,0.4061663189975293
Integrated Diffusion Maps,2,chs,4.956156696250514
Integrated Diffusion Maps,2,ami,0.5257846403963011
Integrated Diffusion Maps,2,ari,0.39524802864201913
Integrated Diffusion Maps,3,chs,5.1001341027485685
Integrated Diffusion Maps,3,ami,0.5372477077067065
Integrated Diffusion Maps,3,ari,0.3590208405651766
Integrated Diffusion Maps,4,chs,4.955791954254177
Integrated Diffusion Maps,4,ami,0.5292382452486116
Integrated Diffusion Maps,4,ari,0.4006753454480828
Integrated Diffusion Maps,5,chs,5.004769706971806
Integrated Diffusion Maps,5,ami,0.524362783879337
Integrated Diffusion Maps,5,ari,0.39098555414644104
Integrated Diffusion Maps,6,chs,5.0263046652001115
Integrated Diffusion Maps,6,ami,0.5173557403139437
Integrated Diffusion Maps,6,ari,0.3797312737738824
Integrated Diffusion Maps,7,chs,4.953538146074134
Integrated Diffusion Maps,7,ami,0.5173529093851766
Integrated Diffusion Maps,7,ari,0.3865711229319617
Integrated Diffusion Maps,8,chs,5.007789722530461
Integrated Diffusion Maps,8,ami,0.5346115734863335
Integrated Diffusion Maps,8,ari,0.4013372543855799
Integrated Diffusion Maps,9,chs,4.761767668160229
Integrated Diffusion Maps,9,ami,0.5096097125163702
Integrated Diffusion Maps,9,ari,0.3790846834325095
Integrated Diffusion Maps,10,chs,5.03538309295614
Integrated Diffusion Maps,10,ami,0.5333949403274593
Integrated Diffusion Maps,10,ari,0.39234130267531825
Integrated Diffusion Maps,11,chs,4.985383634229865
Integrated Diffusion Maps,11,ami,0.52695453697923
Integrated Diffusion Maps,11,ari,0.39053972991558034
Integrated Diffusion Maps,12,chs,5.013206007658415
Integrated Diffusion Maps,12,ami,0.5408338837380389
Integrated Diffusion Maps,12,ari,0.4111429621462698
Integrated Diffusion Maps,13,chs,4.817794079056502
Integrated Diffusion Maps,13,ami,0.5045660606756752
Integrated Diffusion Maps,13,ari,0.3713344921637625
Integrated Diffusion Maps,14,chs,4.745089035670347
Integrated Diffusion Maps,14,ami,0.5139016660355091
Integrated Diffusion Maps,14,ari,0.3586504789546117
Integrated Diffusion Maps,15,chs,5.0263046652001115
Integrated Diffusion Maps,15,ami,0.5173557403139439
Integrated Diffusion Maps,15,ari,0.3797312737738824
Integrated Diffusion Maps,16,chs,4.895121340235686
Integrated Diffusion Maps,16,ami,0.5264758264919805
Integrated Diffusion Maps,16,ari,0.3906026181054901
Integrated Diffusion Maps,17,chs,5.019802285177371
Integrated Diffusion Maps,17,ami,0.5282044240498258
Integrated Diffusion Maps,17,ari,0.3913461118630747
Integrated Diffusion Maps,18,chs,4.6993818363157605
Integrated Diffusion Maps,18,ami,0.4946746162347358
Integrated Diffusion Maps,18,ari,0.3505617659143396
Integrated Diffusion Maps,19,chs,4.690960237593694
Integrated Diffusion Maps,19,ami,0.4896832731219049
Integrated Diffusion Maps,19,ari,0.34963685726492194
Integrated Diffusion Maps,20,chs,4.817655608290205
Integrated Diffusion Maps,20,ami,0.5056348502354002
Integrated Diffusion Maps,20,ari,0.37239838959782623
Integrated Diffusion Maps,21,chs,5.050748598273231
Integrated Diffusion Maps,21,ami,0.5335460660695817
Integrated Diffusion Maps,21,ari,0.3915113438045375
Integrated Diffusion Maps,22,chs,4.978425796082981
Integrated Diffusion Maps,22,ami,0.5334335144285288
Integrated Diffusion Maps,22,ari,0.4061663189975293
Integrated Diffusion Maps,23,chs,4.978425796082981
Integrated Diffusion Maps,23,ami,0.5334335144285288
Integrated Diffusion Maps,23,ari,0.4061663189975293
Integrated Diffusion Maps,24,chs,5.064206154695655
Integrated Diffusion Maps,24,ami,0.5359920902881684
Integrated Diffusion Maps,24,ari,0.364254188962231
Integrated Diffusion Maps,25,chs,4.953538146074133
Integrated Diffusion Maps,25,ami,0.5173529093851765
Integrated Diffusion Maps,25,ari,0.3865711229319617
Integrated Diffusion Maps,26,chs,5.021226860684085
Integrated Diffusion Maps,26,ami,0.5295381944129098
Integrated Diffusion Maps,26,ari,0.3886828132955124
Integrated Diffusion Maps,27,chs,5.0263046652001115
Integrated Diffusion Maps,27,ami,0.5173557403139436
Integrated Diffusion Maps,27,ari,0.3797312737738824
Integrated Diffusion Maps,28,chs,4.761446490318332
Integrated Diffusion Maps,28,ami,0.5182327544075481
Integrated Diffusion Maps,28,ari,0.38849474066013784
Integrated Diffusion Maps,29,chs,4.711898545951956
Integrated Diffusion Maps,29,ami,0.5053946171998449
Integrated Diffusion Maps,29,ari,0.34955527144251525
Integrated Diffusion Maps,30,chs,4.985383634229865
Integrated Diffusion Maps,30,ami,0.5269545369792302
Integrated Diffusion Maps,30,ari,0.39053972991558034
Integrated Diffusion Maps,31,chs,5.03538309295614
Integrated Diffusion Maps,31,ami,0.5333949403274593
Integrated Diffusion Maps,31,ari,0.39234130267531825
Integrated Diffusion Maps,32,chs,4.980316344059198
Integrated Diffusion Maps,32,ami,0.5204271728997667
Integrated Diffusion Maps,32,ari,0.3861109893801949
Integrated Diffusion Maps,33,chs,4.955791954254177
Integrated Diffusion Maps,33,ami,0.5292382452486114
Integrated Diffusion Maps,33,ari,0.4006753454480828
Integrated Diffusion Maps,34,chs,4.884657311627744
Integrated Diffusion Maps,34,ami,0.5201113139099421
Integrated Diffusion Maps,34,ari,0.37991635334375395
Integrated Diffusion Maps,35,chs,5.100134102748569
Integrated Diffusion Maps,35,ami,0.5372477077067065
Integrated Diffusion Maps,35,ari,0.3590208405651766
Integrated Diffusion Maps,36,chs,5.064206154695655
Integrated Diffusion Maps,36,ami,0.5359920902881683
Integrated Diffusion Maps,36,ari,0.364254188962231
Integrated Diffusion Maps,37,chs,4.929259861355963
Integrated Diffusion Maps,37,ami,0.5138207147705842
Integrated Diffusion Maps,37,ari,0.3825899343930254
Integrated Diffusion Maps,38,chs,4.825478558597684
Integrated Diffusion Maps,38,ami,0.4975299667135012
Integrated Diffusion Maps,38,ari,0.35012208748913626
Integrated Diffusion Maps,39,chs,5.035383092956141
Integrated Diffusion Maps,39,ami,0.5333949403274593
Integrated Diffusion Maps,39,ari,0.39234130267531825
Integrated Diffusion Maps,40,chs,4.681243483261589
Integrated Diffusion Maps,40,ami,0.519655505044233
Integrated Diffusion Maps,40,ari,0.37548287760685173
Integrated Diffusion Maps,41,chs,5.013206007658415
Integrated Diffusion Maps,41,ami,0.5408338837380391
Integrated Diffusion Maps,41,ari,0.4111429621462698
Integrated Diffusion Maps,42,chs,5.035383092956141
Integrated Diffusion Maps,42,ami,0.5333949403274593
Integrated Diffusion Maps,42,ari,0.39234130267531825
Integrated Diffusion Maps,43,chs,5.007789722530461
Integrated Diffusion Maps,43,ami,0.5346115734863334
Integrated Diffusion Maps,43,ari,0.4013372543855799
Integrated Diffusion Maps,44,chs,5.007789722530461
Integrated Diffusion Maps,44,ami,0.5346115734863336
Integrated Diffusion Maps,44,ari,0.4013372543855799
Integrated Diffusion Maps,45,chs,4.956156696250514
Integrated Diffusion Maps,45,ami,0.525784640396301
Integrated Diffusion Maps,45,ari,0.39524802864201913
Integrated Diffusion Maps,46,chs,4.924487131687765
Integrated Diffusion Maps,46,ami,0.5135012260319282
Integrated Diffusion Maps,46,ari,0.38334138026891396
Integrated Diffusion Maps,47,chs,4.953538146074133
Integrated Diffusion Maps,47,ami,0.5173529093851763
Integrated Diffusion Maps,47,ari,0.3865711229319617
Integrated Diffusion Maps,48,chs,4.958988068026602
Integrated Diffusion Maps,48,ami,0.5235824464654342
Integrated Diffusion Maps,48,ari,0.39632198124180984
Integrated Diffusion Maps,49,chs,5.043751361177907
Integrated Diffusion Maps,49,ami,0.5371991980468801
Integrated Diffusion Maps,49,ari,0.39941813950105465
Integrated Diffusion Maps,50,chs,5.0263046652001115
Integrated Diffusion Maps,50,ami,0.5173557403139436
Integrated Diffusion Maps,50,ari,0.3797312737738824
Integrated Diffusion Maps,51,chs,5.007789722530461
Integrated Diffusion Maps,51,ami,0.5346115734863334
Integrated Diffusion Maps,51,ari,0.4013372543855799
Integrated Diffusion Maps,52,chs,4.953538146074135
Integrated Diffusion Maps,52,ami,0.5173529093851765
Integrated Diffusion Maps,52,ari,0.3865711229319617
Integrated Diffusion Maps,53,chs,5.021999320612383
Integrated Diffusion Maps,53,ami,0.5361679796611203
Integrated Diffusion Maps,53,ari,0.3932002327132377
Integrated Diffusion Maps,54,chs,4.953538146074134
Integrated Diffusion Maps,54,ami,0.5173529093851763
Integrated Diffusion Maps,54,ari,0.3865711229319617
Integrated Diffusion Maps,55,chs,5.007789722530461
Integrated Diffusion Maps,55,ami,0.5346115734863335
Integrated Diffusion Maps,55,ari,0.4013372543855799
Integrated Diffusion Maps,56,chs,4.9245317940591065
Integrated Diffusion Maps,56,ami,0.51619333350653
Integrated Diffusion Maps,56,ari,0.3912424983329629
Integrated Diffusion Maps,57,chs,5.0263046652001115
Integrated Diffusion Maps,57,ami,0.5173557403139436
Integrated Diffusion Maps,57,ari,0.3797312737738824
Integrated Diffusion Maps,58,chs,5.01289577982016
Integrated Diffusion Maps,58,ami,0.5257320776035878
Integrated Diffusion Maps,58,ari,0.3816284167283601
Integrated Diffusion Maps,59,chs,5.0263046652001115
Integrated Diffusion Maps,59,ami,0.5173557403139438
Integrated Diffusion Maps,59,ari,0.3797312737738824
Integrated Diffusion Maps,60,chs,5.0263046652001115
Integrated Diffusion Maps,60,ami,0.5173557403139439
Integrated Diffusion Maps,60,ari,0.3797312737738824
Integrated Diffusion Maps,61,chs,5.007789722530462
Integrated Diffusion Maps,61,ami,0.5346115734863336
Integrated Diffusion Maps,61,ari,0.4013372543855799
Integrated Diffusion Maps,62,chs,4.88786074068505
Integrated Diffusion Maps,62,ami,0.5177145455138916
Integrated Diffusion Maps,62,ari,0.3772828381575778
Integrated Diffusion Maps,63,chs,4.950864799332295
Integrated Diffusion Maps,63,ami,0.526837655910824
Integrated Diffusion Maps,63,ari,0.38478775759122946
Integrated Diffusion Maps,64,chs,5.026304665200111
Integrated Diffusion Maps,64,ami,0.5173557403139438
Integrated Diffusion Maps,64,ari,0.3797312737738824
Integrated Diffusion Maps,65,chs,5.043751361177907
Integrated Diffusion Maps,65,ami,0.5371991980468801
Integrated Diffusion Maps,65,ari,0.39941813950105465
Integrated Diffusion Maps,66,chs,5.032295527809028
Integrated Diffusion Maps,66,ami,0.5278369146505238
Integrated Diffusion Maps,66,ari,0.35201376317580146
Integrated Diffusion Maps,67,chs,4.955791954254177
Integrated Diffusion Maps,67,ami,0.5292382452486116
Integrated Diffusion Maps,67,ari,0.4006753454480828
Integrated Diffusion Maps,68,chs,4.95203577427616
Integrated Diffusion Maps,68,ami,0.5241388934594116
Integrated Diffusion Maps,68,ari,0.3843155798191692
Integrated Diffusion Maps,69,chs,5.0263046652001115
Integrated Diffusion Maps,69,ami,0.517355740313944
Integrated Diffusion Maps,69,ari,0.3797312737738824
Integrated Diffusion Maps,70,chs,4.902838463286338
Integrated Diffusion Maps,70,ami,0.5164809217517209
Integrated Diffusion Maps,70,ari,0.3687518454464926
Integrated Diffusion Maps,71,chs,4.855079907522405
Integrated Diffusion Maps,71,ami,0.5190328510601059
Integrated Diffusion Maps,71,ari,0.3864818275317602
Integrated Diffusion Maps,72,chs,5.035383092956141
Integrated Diffusion Maps,72,ami,0.5333949403274592
Integrated Diffusion Maps,72,ari,0.39234130267531825
Integrated Diffusion Maps,73,chs,4.943728749102436
Integrated Diffusion Maps,73,ami,0.5257722513093354
Integrated Diffusion Maps,73,ari,0.3898336705845209
Integrated Diffusion Maps,74,chs,4.989195331803654
Integrated Diffusion Maps,74,ami,0.5199314022692187
Integrated Diffusion Maps,74,ari,0.38473418127249154
Integrated Diffusion Maps,75,chs,5.013206007658415
Integrated Diffusion Maps,75,ami,0.5408338837380389
Integrated Diffusion Maps,75,ari,0.4111429621462698
Integrated Diffusion Maps,76,chs,4.924531794059106
Integrated Diffusion Maps,76,ami,0.51619333350653
Integrated Diffusion Maps,76,ari,0.3912424983329629
Integrated Diffusion Maps,77,chs,5.007789722530461
Integrated Diffusion Maps,77,ami,0.5346115734863335
Integrated Diffusion Maps,77,ari,0.4013372543855799
Integrated Diffusion Maps,78,chs,4.985383634229865
Integrated Diffusion Maps,78,ami,0.5269545369792301
Integrated Diffusion Maps,78,ari,0.39053972991558034
Integrated Diffusion Maps,79,chs,5.026304665200111
Integrated Diffusion Maps,79,ami,0.5173557403139437
Integrated Diffusion Maps,79,ari,0.3797312737738824
Integrated Diffusion Maps,80,chs,5.013074699376153
Integrated Diffusion Maps,80,ami,0.5183652728780634
Integrated Diffusion Maps,80,ari,0.3816284167283601
Integrated Diffusion Maps,81,chs,4.884657311627744
Integrated Diffusion Maps,81,ami,0.5201113139099423
Integrated Diffusion Maps,81,ari,0.37991635334375395
Integrated Diffusion Maps,82,chs,5.013074699376152
Integrated Diffusion Maps,82,ami,0.5183652728780634
Integrated Diffusion Maps,82,ari,0.3816284167283601
Integrated Diffusion Maps,83,chs,5.007789722530461
Integrated Diffusion Maps,83,ami,0.5346115734863335
Integrated Diffusion Maps,83,ari,0.4013372543855799
Integrated Diffusion Maps,84,chs,5.00778972253046
Integrated Diffusion Maps,84,ami,0.5346115734863336
Integrated Diffusion Maps,84,ari,0.4013372543855799
Integrated Diffusion Maps,85,chs,5.03538309295614
Integrated Diffusion Maps,85,ami,0.5333949403274593
Integrated Diffusion Maps,85,ari,0.39234130267531825
Integrated Diffusion Maps,86,chs,4.985383634229865
Integrated Diffusion Maps,86,ami,0.5269545369792302
Integrated Diffusion Maps,86,ari,0.39053972991558034
Integrated Diffusion Maps,87,chs,4.990452533070535
Integrated Diffusion Maps,87,ami,0.5366352432791592
Integrated Diffusion Maps,87,ari,0.40569216958780335
Integrated Diffusion Maps,88,chs,4.916322212578643
Integrated Diffusion Maps,88,ami,0.5150596752795209
Integrated Diffusion Maps,88,ari,0.37585211827192505
Integrated Diffusion Maps,89,chs,4.931592342324045
Integrated Diffusion Maps,89,ami,0.533529376562388
Integrated Diffusion Maps,89,ari,0.392224004161068
Integrated Diffusion Maps,90,chs,5.01289577982016
Integrated Diffusion Maps,90,ami,0.525732077603588
Integrated Diffusion Maps,90,ari,0.3816284167283601
Integrated Diffusion Maps,91,chs,4.931592342324045
Integrated Diffusion Maps,91,ami,0.5335293765623877
Integrated Diffusion Maps,91,ari,0.392224004161068
Integrated Diffusion Maps,92,chs,4.8626728456542585
Integrated Diffusion Maps,92,ami,0.5327756257568181
Integrated Diffusion Maps,92,ari,0.38763958359603773
Integrated Diffusion Maps,93,chs,4.990807273744608
Integrated Diffusion Maps,93,ami,0.5331802568903575
Integrated Diffusion Maps,93,ari,0.4002940095553105
Integrated Diffusion Maps,94,chs,4.985383634229865
Integrated Diffusion Maps,94,ami,0.5269545369792302
Integrated Diffusion Maps,94,ari,0.39053972991558034
Integrated Diffusion Maps,95,chs,4.956156696250514
Integrated Diffusion Maps,95,ami,0.525784640396301
Integrated Diffusion Maps,95,ari,0.39524802864201913
Integrated Diffusion Maps,96,chs,4.887860740685051
Integrated Diffusion Maps,96,ami,0.5177145455138916
Integrated Diffusion Maps,96,ari,0.3772828381575778
Integrated Diffusion Maps,97,chs,4.99194955974614
Integrated Diffusion Maps,97,ami,0.5202758752384733
Integrated Diffusion Maps,97,ari,0.3749241943445455
Integrated Diffusion Maps,98,chs,4.985383634229865
Integrated Diffusion Maps,98,ami,0.5269545369792302
Integrated Diffusion Maps,98,ari,0.39053972991558034
Integrated Diffusion Maps,99,chs,4.884657311627745
Integrated Diffusion Maps,99,ami,0.5201113139099423
Integrated Diffusion Maps,99,ari,0.37991635334375395
Affinity Addition,0,chs,5.184798212691239
Affinity Addition,0,ami,0.6018328437716377
Affinity Addition,0,ari,0.4249270450908406
Affinity Addition,1,chs,5.193184275615163
Affinity Addition,1,ami,0.6014317938579711
Affinity Addition,1,ari,0.4376093498495346
Affinity Addition,2,chs,5.139373424041955
Affinity Addition,2,ami,0.5846636718877927
Affinity Addition,2,ari,0.3758363718954489
Affinity Addition,3,chs,5.167071123195387
Affinity Addition,3,ami,0.5959863556915198
Affinity Addition,3,ari,0.42928890194597163
Affinity Addition,4,chs,5.206595547040152
Affinity Addition,4,ami,0.591884874081708
Affinity Addition,4,ari,0.42842746168381274
Affinity Addition,5,chs,5.173685879986027
Affinity Addition,5,ami,0.5889561052837204
Affinity Addition,5,ari,0.41370396070587917
Affinity Addition,6,chs,5.1840749404843285
Affinity Addition,6,ami,0.5961363873048555
Affinity Addition,6,ari,0.41610521644410375
Affinity Addition,7,chs,5.1452468160681795
Affinity Addition,7,ami,0.5870101760909922
Affinity Addition,7,ari,0.42184115271197575
Affinity Addition,8,chs,5.1452468160681795
Affinity Addition,8,ami,0.5870101760909922
Affinity Addition,8,ari,0.42184115271197575
Affinity Addition,9,chs,5.193184275615164
Affinity Addition,9,ami,0.6014317938579712
Affinity Addition,9,ari,0.4376093498495346
Affinity Addition,10,chs,5.231849500170255
Affinity Addition,10,ami,0.5959863556915197
Affinity Addition,10,ari,0.42928890194597163
Affinity Addition,11,chs,5.117227333146893
Affinity Addition,11,ami,0.5878230535496833
Affinity Addition,11,ari,0.39177414180301573
Affinity Addition,12,chs,5.172492867735165
Affinity Addition,12,ami,0.5959863556915198
Affinity Addition,12,ari,0.42928890194597163
Affinity Addition,13,chs,5.172928805287719
Affinity Addition,13,ami,0.5933285689945759
Affinity Addition,13,ari,0.37538355003163915
Affinity Addition,14,chs,5.18479821269124
Affinity Addition,14,ami,0.6018328437716377
Affinity Addition,14,ari,0.4249270450908406
Affinity Addition,15,chs,5.124494703550568
Affinity Addition,15,ami,0.5996282225252136
Affinity Addition,15,ari,0.4220062920632392
Affinity Addition,16,chs,5.20921271103705
Affinity Addition,16,ami,0.594820393076453
Affinity Addition,16,ari,0.42700887569842133
Affinity Addition,17,chs,5.168700558354533
Affinity Addition,17,ami,0.6016616606627595
Affinity Addition,17,ari,0.4405695156574431
Affinity Addition,18,chs,5.206126449738098
Affinity Addition,18,ami,0.5889561052837203
Affinity Addition,18,ari,0.41370396070587917
Affinity Addition,19,chs,5.18479821269124
Affinity Addition,19,ami,0.6018328437716377
Affinity Addition,19,ari,0.4249270450908406
Affinity Addition,20,chs,5.193184275615164
Affinity Addition,20,ami,0.6014317938579712
Affinity Addition,20,ari,0.4376093498495346
Affinity Addition,21,chs,5.22527287940676
Affinity Addition,21,ami,0.5961085660252502
Affinity Addition,21,ari,0.40244326748366643
Affinity Addition,22,chs,5.22527287940676
Affinity Addition,22,ami,0.59610856602525
Affinity Addition,22,ari,0.40244326748366643
Affinity Addition,23,chs,5.167358583656576
Affinity Addition,23,ami,0.5961815361264156
Affinity Addition,23,ari,0.42957519770452796
Affinity Addition,24,chs,5.181581233875264
Affinity Addition,24,ami,0.5972272045477002
Affinity Addition,24,ari,0.43158737516328854
Affinity Addition,25,chs,5.204527862635728
Affinity Addition,25,ami,0.602283911339538
Affinity Addition,25,ari,0.4183019439070294
Affinity Addition,26,chs,4.997989801073973
Affinity Addition,26,ami,0.5664131967515006
Affinity Addition,26,ari,0.41353342797268977
Affinity Addition,27,chs,5.225272879406758
Affinity Addition,27,ami,0.5961085660252502
Affinity Addition,27,ari,0.40244326748366643
Affinity Addition,28,chs,5.209212711037048
Affinity Addition,28,ami,0.5948203930764531
Affinity Addition,28,ari,0.42700887569842133
Affinity Addition,29,chs,5.193184275615164
Affinity Addition,29,ami,0.6014317938579712
Affinity Addition,29,ari,0.4376093498495346
Affinity Addition,30,chs,5.194676712282955
Affinity Addition,30,ami,0.5883740646180152
Affinity Addition,30,ari,0.4243917505510396
Affinity Addition,31,chs,5.160484686293085
Affinity Addition,31,ami,0.5878230535496833
Affinity Addition,31,ari,0.39177414180301573
Affinity Addition,32,chs,5.216475942403498
Affinity Addition,32,ami,0.5959914533821729
Affinity Addition,32,ari,0.4059360908606552
Affinity Addition,33,chs,5.144523102430737
Affinity Addition,33,ami,0.5749285016596557
Affinity Addition,33,ari,0.4100478273310714
Affinity Addition,34,chs,5.205677435042515
Affinity Addition,34,ami,0.5975564021545575
Affinity Addition,34,ari,0.40879519171849127
Affinity Addition,35,chs,5.160484686293084
Affinity Addition,35,ami,0.5878230535496833
Affinity Addition,35,ari,0.39177414180301573
Affinity Addition,36,chs,5.124494703550568
Affinity Addition,36,ami,0.5996282225252139
Affinity Addition,36,ari,0.4220062920632392
Affinity Addition,37,chs,5.1516825773647605
Affinity Addition,37,ami,0.5945576067905933
Affinity Addition,37,ari,0.4223384975950074
Affinity Addition,38,chs,5.18479821269124
Affinity Addition,38,ami,0.6018328437716377
Affinity Addition,38,ari,0.4249270450908406
Affinity Addition,39,chs,5.137715214240633
Affinity Addition,39,ami,0.585725787462828
Affinity Addition,39,ari,0.4193135495360129
Affinity Addition,40,chs,5.216475942403498
Affinity Addition,40,ami,0.595991453382173
Affinity Addition,40,ari,0.4059360908606552
Affinity Addition,41,chs,5.184444765120756
Affinity Addition,41,ami,0.5946563723205783
Affinity Addition,41,ari,0.42452584016590444
Affinity Addition,42,chs,5.216475942403497
Affinity Addition,42,ami,0.5959914533821729
Affinity Addition,42,ari,0.4059360908606552
Affinity Addition,43,chs,5.181830066773634
Affinity Addition,43,ami,0.6016616606627595
Affinity Addition,43,ari,0.4405695156574431
Affinity Addition,44,chs,5.184444765120755
Affinity Addition,44,ami,0.5946563723205781
Affinity Addition,44,ari,0.42452584016590444
Affinity Addition,45,chs,5.22527287940676
Affinity Addition,45,ami,0.5961085660252502
Affinity Addition,45,ari,0.40244326748366643
Affinity Addition,46,chs,5.193184275615164
Affinity Addition,46,ami,0.6014317938579711
Affinity Addition,46,ari,0.4376093498495346
Affinity Addition,47,chs,5.231849500170253
Affinity Addition,47,ami,0.5959863556915198
Affinity Addition,47,ari,0.42928890194597163
Affinity Addition,48,chs,5.18479821269124
Affinity Addition,48,ami,0.6018328437716376
Affinity Addition,48,ari,0.4249270450908406
Affinity Addition,49,chs,5.216475942403498
Affinity Addition,49,ami,0.5959914533821729
Affinity Addition,49,ari,0.4059360908606552
Affinity Addition,50,chs,5.172928805287719
Affinity Addition,50,ami,0.5933285689945759
Affinity Addition,50,ari,0.37538355003163915
Affinity Addition,51,chs,5.172492867735165
Affinity Addition,51,ami,0.5959863556915198
Affinity Addition,51,ari,0.42928890194597163
Affinity Addition,52,chs,5.1516825773647605
Affinity Addition,52,ami,0.5945576067905936
Affinity Addition,52,ari,0.4223384975950074
Affinity Addition,53,chs,5.206476295099049
Affinity Addition,53,ami,0.5889561052837203
Affinity Addition,53,ari,0.41370396070587917
Affinity Addition,54,chs,5.22527287940676
Affinity Addition,54,ami,0.5961085660252502
Affinity Addition,54,ari,0.40244326748366643
Affinity Addition,55,chs,5.193184275615164
Affinity Addition,55,ami,0.6014317938579712
Affinity Addition,55,ari,0.4376093498495346
Affinity Addition,56,chs,5.205484807399778
Affinity Addition,56,ami,0.5776692708635116
Affinity Addition,56,ari,0.4016578240384486
Affinity Addition,57,chs,5.209212711037048
Affinity Addition,57,ami,0.5948203930764531
Affinity Addition,57,ari,0.42700887569842133
Affinity Addition,58,chs,5.22527287940676
Affinity Addition,58,ami,0.5961085660252502
Affinity Addition,58,ari,0.40244326748366643
Affinity Addition,59,chs,5.1608665624332035
Affinity Addition,59,ami,0.5959863556915198
Affinity Addition,59,ari,0.42928890194597163
Affinity Addition,60,chs,5.206126449738099
Affinity Addition,60,ami,0.5889561052837203
Affinity Addition,60,ari,0.41370396070587917
Affinity Addition,61,chs,5.196172638805727
Affinity Addition,61,ami,0.5959863556915199
Affinity Addition,61,ari,0.42928890194597163
Affinity Addition,62,chs,5.214419941359847
Affinity Addition,62,ami,0.5961363873048555
Affinity Addition,62,ari,0.41610521644410375
Affinity Addition,63,chs,5.206126449738099
Affinity Addition,63,ami,0.5889561052837203
Affinity Addition,63,ari,0.41370396070587917
Affinity Addition,64,chs,5.2061264497380995
Affinity Addition,64,ami,0.5889561052837203
Affinity Addition,64,ari,0.41370396070587917
Affinity Addition,65,chs,5.196172638805726
Affinity Addition,65,ami,0.5959863556915197
Affinity Addition,65,ari,0.42928890194597163
Affinity Addition,66,chs,5.205484807399778
Affinity Addition,66,ami,0.577669270863512
Affinity Addition,66,ari,0.4016578240384486
Affinity Addition,67,chs,5.209212711037048
Affinity Addition,67,ami,0.5948203930764531
Affinity Addition,67,ari,0.42700887569842133
Affinity Addition,68,chs,5.193184275615164
Affinity Addition,68,ami,0.6014317938579711
Affinity Addition,68,ari,0.4376093498495346
Affinity Addition,69,chs,5.231849500170254
Affinity Addition,69,ami,0.5959863556915198
Affinity Addition,69,ari,0.42928890194597163
Affinity Addition,70,chs,5.193184275615164
Affinity Addition,70,ami,0.6014317938579712
Affinity Addition,70,ari,0.4376093498495346
Affinity Addition,71,chs,5.04179213294677
Affinity Addition,71,ami,0.5720349728404811
Affinity Addition,71,ari,0.4397091673601682
Affinity Addition,72,chs,5.22527287940676
Affinity Addition,72,ami,0.5961085660252502
Affinity Addition,72,ari,0.40244326748366643
Affinity Addition,73,chs,5.1452468160681795
Affinity Addition,73,ami,0.5870101760909924
Affinity Addition,73,ari,0.42184115271197575
Affinity Addition,74,chs,5.173685879986026
Affinity Addition,74,ami,0.5889561052837204
Affinity Addition,74,ari,0.41370396070587917
Affinity Addition,75,chs,5.218974433783085
Affinity Addition,75,ami,0.5959863556915198
Affinity Addition,75,ari,0.42928890194597163
Affinity Addition,76,chs,5.214419941359847
Affinity Addition,76,ami,0.5961363873048555
Affinity Addition,76,ari,0.41610521644410375
Affinity Addition,77,chs,5.20921271103705
Affinity Addition,77,ami,0.5948203930764532
Affinity Addition,77,ari,0.42700887569842133
Affinity Addition,78,chs,5.193184275615163
Affinity Addition,78,ami,0.6014317938579711
Affinity Addition,78,ari,0.4376093498495346
Affinity Addition,79,chs,5.193184275615164
Affinity Addition,79,ami,0.6014317938579712
Affinity Addition,79,ari,0.4376093498495346
Affinity Addition,80,chs,5.2061264497380995
Affinity Addition,80,ami,0.5889561052837203
Affinity Addition,80,ari,0.41370396070587917
Affinity Addition,81,chs,5.231849500170253
Affinity Addition,81,ami,0.5959863556915197
Affinity Addition,81,ari,0.42928890194597163
Affinity Addition,82,chs,5.193184275615163
Affinity Addition,82,ami,0.6014317938579711
Affinity Addition,82,ari,0.4376093498495346
Affinity Addition,83,chs,5.194676712282955
Affinity Addition,83,ami,0.5883740646180152
Affinity Addition,83,ari,0.4243917505510396
Affinity Addition,84,chs,5.214419941359847
Affinity Addition,84,ami,0.5961363873048555
Affinity Addition,84,ari,0.41610521644410375
Affinity Addition,85,chs,5.20921271103705
Affinity Addition,85,ami,0.5948203930764528
Affinity Addition,85,ari,0.42700887569842133
Affinity Addition,86,chs,5.205677435042514
Affinity Addition,86,ami,0.5975564021545575
Affinity Addition,86,ari,0.40879519171849127
Affinity Addition,87,chs,5.193184275615164
Affinity Addition,87,ami,0.6014317938579712
Affinity Addition,87,ari,0.4376093498495346
Affinity Addition,88,chs,5.146587692416445
Affinity Addition,88,ami,0.5843948201999389
Affinity Addition,88,ari,0.3784402243529953
Affinity Addition,89,chs,5.205484807399778
Affinity Addition,89,ami,0.577669270863512
Affinity Addition,89,ari,0.4016578240384486
Affinity Addition,90,chs,5.172492867735165
Affinity Addition,90,ami,0.5959863556915196
Affinity Addition,90,ari,0.42928890194597163
Affinity Addition,91,chs,5.17292880528772
Affinity Addition,91,ami,0.5933285689945759
Affinity Addition,91,ari,0.37538355003163915
Affinity Addition,92,chs,5.193422080551031
Affinity Addition,92,ami,0.5959863556915198
Affinity Addition,92,ari,0.42928890194597163
Affinity Addition,93,chs,5.167471655802895
Affinity Addition,93,ami,0.5959863556915196
Affinity Addition,93,ari,0.42928890194597163
Affinity Addition,94,chs,5.215951528898528
Affinity Addition,94,ami,0.5959863556915197
Affinity Addition,94,ari,0.42928890194597163
Affinity Addition,95,chs,5.173987518079905
Affinity Addition,95,ami,0.5959914533821729
Affinity Addition,95,ari,0.4059360908606552
Affinity Addition,96,chs,5.204772007219105
Affinity Addition,96,ami,0.6016616606627595
Affinity Addition,96,ari,0.4405695156574431
Affinity Addition,97,chs,5.172928805287719
Affinity Addition,97,ami,0.5933285689945756
Affinity Addition,97,ari,0.37538355003163915
Affinity Addition,98,chs,5.193184275615164
Affinity Addition,98,ami,0.6014317938579712
Affinity Addition,98,ari,0.4376093498495346
Affinity Addition,99,chs,5.196172638805728
Affinity Addition,99,ami,0.5959863556915198
Affinity Addition,99,ari,0.42928890194597163
Affinity Multiplication,0,chs,5.088362828001091
Affinity Multiplication,0,ami,0.547255575821971
Affinity Multiplication,0,ari,0.40668925972001774
Affinity Multiplication,1,chs,5.121255518605412
Affinity Multiplication,1,ami,0.5700051254002885
Affinity Multiplication,1,ari,0.4269288309467835
Affinity Multiplication,2,chs,5.023347948225621
Affinity Multiplication,2,ami,0.5654458904154384
Affinity Multiplication,2,ari,0.4280561470601017
Affinity Multiplication,3,chs,5.068189685615223
Affinity Multiplication,3,ami,0.5681756757974394
Affinity Multiplication,3,ari,0.4283611171249188
Affinity Multiplication,4,chs,5.082627796147397
Affinity Multiplication,4,ami,0.5691513016658966
Affinity Multiplication,4,ari,0.37453252860369535
Affinity Multiplication,5,chs,5.0627234214791725
Affinity Multiplication,5,ami,0.5795328391377681
Affinity Multiplication,5,ari,0.4109722844003093
Affinity Multiplication,6,chs,5.084206821156251
Affinity Multiplication,6,ami,0.5826636342494788
Affinity Multiplication,6,ari,0.4425633253951072
Affinity Multiplication,7,chs,5.048233147677137
Affinity Multiplication,7,ami,0.577130156035893
Affinity Multiplication,7,ari,0.4206137287926714
Affinity Multiplication,8,chs,5.066334753341244
Affinity Multiplication,8,ami,0.5600360114365373
Affinity Multiplication,8,ari,0.39938319198149574
Affinity Multiplication,9,chs,5.0556597487907
Affinity Multiplication,9,ami,0.5588456346152764
Affinity Multiplication,9,ari,0.41978621197039856
Affinity Multiplication,10,chs,5.11391404436636
Affinity Multiplication,10,ami,0.5702001821127775
Affinity Multiplication,10,ari,0.42721920483542175
Affinity Multiplication,11,chs,5.1202566949208475
Affinity Multiplication,11,ami,0.561206909517288
Affinity Multiplication,11,ari,0.41960985772792786
Affinity Multiplication,12,chs,5.108211197260439
Affinity Multiplication,12,ami,0.5664888073403312
Affinity Multiplication,12,ari,0.4103172331056671
Affinity Multiplication,13,chs,5.103255490766926
Affinity Multiplication,13,ami,0.5703518916621262
Affinity Multiplication,13,ari,0.42780084763902565
Affinity Multiplication,14,chs,5.042656618936243
Affinity Multiplication,14,ami,0.5561866442958846
Affinity Multiplication,14,ari,0.419450115102289
Affinity Multiplication,15,chs,5.064049032702971
Affinity Multiplication,15,ami,0.5641985526033201
Affinity Multiplication,15,ari,0.42570072560984407
Affinity Multiplication,16,chs,5.021353053073165
Affinity Multiplication,16,ami,0.5638387530256721
Affinity Multiplication,16,ari,0.4096373820344967
Affinity Multiplication,17,chs,5.097787298188841
Affinity Multiplication,17,ami,0.5681756757974394
Affinity Multiplication,17,ari,0.4283611171249188
Affinity Multiplication,18,chs,5.1135065148654695
Affinity Multiplication,18,ami,0.5662559585348655
Affinity Multiplication,18,ari,0.41779160884253613
Affinity Multiplication,19,chs,5.088986882147707
Affinity Multiplication,19,ami,0.5697349503091985
Affinity Multiplication,19,ari,0.4107425601883805
Affinity Multiplication,20,chs,5.057483670471924
Affinity Multiplication,20,ami,0.5608584780473213
Affinity Multiplication,20,ari,0.4187504452518344
Affinity Multiplication,21,chs,5.0121959103784155
Affinity Multiplication,21,ami,0.5407256655646696
Affinity Multiplication,21,ari,0.39034302914291263
Affinity Multiplication,22,chs,5.084774432275808
Affinity Multiplication,22,ami,0.5694216599468105
Affinity Multiplication,22,ari,0.4307288722698088
Affinity Multiplication,23,chs,5.099384723290526
Affinity Multiplication,23,ami,0.579425977573958
Affinity Multiplication,23,ari,0.4137299710005479
Affinity Multiplication,24,chs,4.981950535217762
Affinity Multiplication,24,ami,0.5472896027792231
Affinity Multiplication,24,ari,0.4149573952300077
Affinity Multiplication,25,chs,5.084505489799379
Affinity Multiplication,25,ami,0.5595895715758474
Affinity Multiplication,25,ari,0.4212406531580394
Affinity Multiplication,26,chs,5.054249301113326
Affinity Multiplication,26,ami,0.5381125983014219
Affinity Multiplication,26,ari,0.39848140362918794
Affinity Multiplication,27,chs,5.022292525725936
Affinity Multiplication,27,ami,0.5571610176851514
Affinity Multiplication,27,ari,0.42100877760059763
Affinity Multiplication,28,chs,5.087026006469714
Affinity Multiplication,28,ami,0.5554988554798413
Affinity Multiplication,28,ari,0.41290874118401366
Affinity Multiplication,29,chs,5.074048691449847
Affinity Multiplication,29,ami,0.5604216831365494
Affinity Multiplication,29,ari,0.4109738219895288
Affinity Multiplication,30,chs,5.09149506974308
Affinity Multiplication,30,ami,0.561206909517288
Affinity Multiplication,30,ari,0.41960985772792786
Affinity Multiplication,31,chs,5.0766336566215715
Affinity Multiplication,31,ami,0.5653193090867799
Affinity Multiplication,31,ari,0.4277606451519495
Affinity Multiplication,32,chs,5.046925621906349
Affinity Multiplication,32,ami,0.5657941025590888
Affinity Multiplication,32,ari,0.4166980802792321
Affinity Multiplication,33,chs,4.802093816874225
Affinity Multiplication,33,ami,0.533484276069816
Affinity Multiplication,33,ari,0.38719928010011107
Affinity Multiplication,34,chs,5.0207455416848505
Affinity Multiplication,34,ami,0.5674670245283868
Affinity Multiplication,34,ari,0.42235640191980184
Affinity Multiplication,35,chs,5.098688539926068
Affinity Multiplication,35,ami,0.567631195914686
Affinity Multiplication,35,ari,0.4048288317649136
Affinity Multiplication,36,chs,5.063381636609605
Affinity Multiplication,36,ami,0.5539245560709394
Affinity Multiplication,36,ari,0.39618955225891644
Affinity Multiplication,37,chs,5.106303729288233
Affinity Multiplication,37,ami,0.5664514291777337
Affinity Multiplication,37,ari,0.41807267780255536
Affinity Multiplication,38,chs,5.0783695143683945
Affinity Multiplication,38,ami,0.5590405743859829
Affinity Multiplication,38,ari,0.4200764956339756
Affinity Multiplication,39,chs,5.048868883497527
Affinity Multiplication,39,ami,0.5552267470289357
Affinity Multiplication,39,ari,0.4171037232889775
Affinity Multiplication,40,chs,5.074076907285417
Affinity Multiplication,40,ami,0.5572948438651314
Affinity Multiplication,40,ari,0.40249205894782764
Affinity Multiplication,41,chs,5.10141459120562
Affinity Multiplication,41,ami,0.5610816707933338
Affinity Multiplication,41,ari,0.41232240782036716
Affinity Multiplication,42,chs,5.0902136549587125
Affinity Multiplication,42,ami,0.560336250213235
Affinity Multiplication,42,ari,0.40271070892342653
Affinity Multiplication,43,chs,5.042139710600422
Affinity Multiplication,43,ami,0.5677433890566042
Affinity Multiplication,43,ari,0.41248203654280435
Affinity Multiplication,44,chs,5.1488220101396385
Affinity Multiplication,44,ami,0.5670159533671144
Affinity Multiplication,44,ari,0.42089905696282826
Affinity Multiplication,45,chs,5.034142316454172
Affinity Multiplication,45,ami,0.5590405743859828
Affinity Multiplication,45,ari,0.4200764956339756
Affinity Multiplication,46,chs,5.083862116343334
Affinity Multiplication,46,ami,0.5826636342494788
Affinity Multiplication,46,ari,0.4425633253951072
Affinity Multiplication,47,chs,5.068189685615223
Affinity Multiplication,47,ami,0.5681756757974393
Affinity Multiplication,47,ari,0.4283611171249188
Affinity Multiplication,48,chs,5.116808309398997
Affinity Multiplication,48,ami,0.5826636342494788
Affinity Multiplication,48,ari,0.4425633253951072
Affinity Multiplication,49,chs,5.137215924652534
Affinity Multiplication,49,ami,0.5707093386740524
Affinity Multiplication,49,ari,0.4277951753821515
Affinity Multiplication,50,chs,5.076633656621571
Affinity Multiplication,50,ami,0.5653193090867796
Affinity Multiplication,50,ari,0.4277606451519495
Affinity Multiplication,51,chs,5.147531784116251
Affinity Multiplication,51,ami,0.5705469089111943
Affinity Multiplication,51,ari,0.4280921174740509
Affinity Multiplication,52,chs,5.054352037068598
Affinity Multiplication,52,ami,0.5590405743859826
Affinity Multiplication,52,ari,0.4200764956339756
Affinity Multiplication,53,chs,5.109876810206549
Affinity Multiplication,53,ami,0.5549304270182066
Affinity Multiplication,53,ari,0.40264826301880074
Affinity Multiplication,54,chs,5.11319228317469
Affinity Multiplication,54,ami,0.5610101896825719
Affinity Multiplication,54,ari,0.4056993184405041
Affinity Multiplication,55,chs,5.051427800852455
Affinity Multiplication,55,ami,0.5497104291918434
Affinity Multiplication,55,ari,0.4115058928751749
Affinity Multiplication,56,chs,5.051978994357518
Affinity Multiplication,56,ami,0.5605584923399591
Affinity Multiplication,56,ari,0.4108947670914112
Affinity Multiplication,57,chs,5.0029909122124865
Affinity Multiplication,57,ami,0.5657285700926514
Affinity Multiplication,57,ari,0.40825657049331116
Affinity Multiplication,58,chs,5.049847347808632
Affinity Multiplication,58,ami,0.5735285328380221
Affinity Multiplication,58,ari,0.43427870390416395
Affinity Multiplication,59,chs,5.12849692493734
Affinity Multiplication,59,ami,0.57038332742506
Affinity Multiplication,59,ari,0.41442219389503404
Affinity Multiplication,60,chs,5.1135065148654695
Affinity Multiplication,60,ami,0.5662559585348657
Affinity Multiplication,60,ari,0.41779160884253613
Affinity Multiplication,61,chs,5.015699322104421
Affinity Multiplication,61,ami,0.5564184053170524
Affinity Multiplication,61,ari,0.42328963985541956
Affinity Multiplication,62,chs,5.074048691449848
Affinity Multiplication,62,ami,0.5604216831365494
Affinity Multiplication,62,ari,0.4109738219895288
Affinity Multiplication,63,chs,5.079399822667024
Affinity Multiplication,63,ami,0.5570919088867424
Affinity Multiplication,63,ari,0.4097452934662237
Affinity Multiplication,64,chs,5.042204252946529
Affinity Multiplication,64,ami,0.5695413094895948
Affinity Multiplication,64,ari,0.41641897266295475
Affinity Multiplication,65,chs,5.058812800056569
Affinity Multiplication,65,ami,0.5556940775652507
Affinity Multiplication,65,ari,0.41319192005588107
Affinity Multiplication,66,chs,5.064049032702972
Affinity Multiplication,66,ami,0.5641985526033201
Affinity Multiplication,66,ari,0.42570072560984407
Affinity Multiplication,67,chs,5.1135065148654695
Affinity Multiplication,67,ami,0.5662559585348657
Affinity Multiplication,67,ari,0.41779160884253613
Affinity Multiplication,68,chs,5.054249301113326
Affinity Multiplication,68,ami,0.5381125983014218
Affinity Multiplication,68,ari,0.39848140362918794
Affinity Multiplication,69,chs,4.9407970618770465
Affinity Multiplication,69,ami,0.5572416383291109
Affinity Multiplication,69,ari,0.4216985554182469
Affinity Multiplication,70,chs,5.125435180242147
Affinity Multiplication,70,ami,0.5608141636742288
Affinity Multiplication,70,ari,0.40543059610455473
Affinity Multiplication,71,chs,5.030000831955467
Affinity Multiplication,71,ami,0.5497104291918433
Affinity Multiplication,71,ari,0.4115058928751749
Affinity Multiplication,72,chs,5.048262319090755
Affinity Multiplication,72,ami,0.5497104291918432
Affinity Multiplication,72,ari,0.4115058928751749
Affinity Multiplication,73,chs,5.089167720909832
Affinity Multiplication,73,ami,0.5641985526033203
Affinity Multiplication,73,ari,0.42570072560984407
Affinity Multiplication,74,chs,5.070440406503167
Affinity Multiplication,74,ami,0.5570919088867422
Affinity Multiplication,74,ari,0.4097452934662237
Affinity Multiplication,75,chs,5.097787298188841
Affinity Multiplication,75,ami,0.5681756757974393
Affinity Multiplication,75,ari,0.4283611171249188
Affinity Multiplication,76,chs,5.116968643258889
Affinity Multiplication,76,ami,0.5547342977155417
Affinity Multiplication,76,ari,0.40238144118250874
Affinity Multiplication,77,chs,5.048262319090754
Affinity Multiplication,77,ami,0.5497104291918433
Affinity Multiplication,77,ari,0.4115058928751749
Affinity Multiplication,78,chs,5.108907253624533
Affinity Multiplication,78,ami,0.550549043853297
Affinity Multiplication,78,ari,0.40865105339964014
Affinity Multiplication,79,chs,5.039930291796583
Affinity Multiplication,79,ami,0.5652471779006183
Affinity Multiplication,79,ari,0.42720545082377864
Affinity Multiplication,80,chs,5.090843550866008
Affinity Multiplication,80,ami,0.5735285328380221
Affinity Multiplication,80,ari,0.43427870390416395
Affinity Multiplication,81,chs,5.071115119219194
Affinity Multiplication,81,ami,0.5610101896825717
Affinity Multiplication,81,ari,0.4056993184405041
Affinity Multiplication,82,chs,5.058943812216295
Affinity Multiplication,82,ami,0.5694216599468105
Affinity Multiplication,82,ari,0.4307288722698088
Affinity Multiplication,83,chs,5.0809537610412745
Affinity Multiplication,83,ami,0.5572144433380521
Affinity Multiplication,83,ari,0.3941914828061997
Affinity Multiplication,84,chs,5.115128238128686
Affinity Multiplication,84,ami,0.5664267068901477
Affinity Multiplication,84,ari,0.4018808021540811
Affinity Multiplication,85,chs,5.05871454003115
Affinity Multiplication,85,ami,0.5733337580267533
Affinity Multiplication,85,ari,0.4339810447050677
Affinity Multiplication,86,chs,5.034142316454172
Affinity Multiplication,86,ami,0.5590405743859828
Affinity Multiplication,86,ari,0.4200764956339756
Affinity Multiplication,87,chs,5.0827221725503255
Affinity Multiplication,87,ami,0.5681756757974394
Affinity Multiplication,87,ari,0.4283611171249188
Affinity Multiplication,88,chs,5.042139710600423
Affinity Multiplication,88,ami,0.5677433890566038
Affinity Multiplication,88,ari,0.41248203654280435
Affinity Multiplication,89,chs,5.064049032702971
Affinity Multiplication,89,ami,0.5641985526033204
Affinity Multiplication,89,ari,0.42570072560984407
Affinity Multiplication,90,chs,5.066061521632165
Affinity Multiplication,90,ami,0.5745780191345377
Affinity Multiplication,90,ari,0.43637101096576997
Affinity Multiplication,91,chs,5.034142316454172
Affinity Multiplication,91,ami,0.5590405743859829
Affinity Multiplication,91,ari,0.4200764956339756
Affinity Multiplication,92,chs,5.053131262076175
Affinity Multiplication,92,ami,0.5463522081268741
Affinity Multiplication,92,ari,0.4047303554890646
Affinity Multiplication,93,chs,5.093103698539362
Affinity Multiplication,93,ami,0.5662559585348654
Affinity Multiplication,93,ari,0.41779160884253613
Affinity Multiplication,94,chs,5.1488220101396385
Affinity Multiplication,94,ami,0.5670159533671143
Affinity Multiplication,94,ari,0.42089905696282826
Affinity Multiplication,95,chs,5.0872759005561505
Affinity Multiplication,95,ami,0.5608584780473215
Affinity Multiplication,95,ari,0.4187504452518344
Affinity Multiplication,96,chs,5.08420682115625
Affinity Multiplication,96,ami,0.5826636342494788
Affinity Multiplication,96,ari,0.4425633253951072
Affinity Multiplication,97,chs,5.068189685615222
Affinity Multiplication,97,ami,0.5681756757974393
Affinity Multiplication,97,ari,0.4283611171249188
Affinity Multiplication,98,chs,5.017067163640019
Affinity Multiplication,98,ami,0.556391564498653
Affinity Multiplication,98,ari,0.4220028648824973
Affinity Multiplication,99,chs,5.055113978611005
Affinity Multiplication,99,ami,0.5427135321928592
Affinity Multiplication,99,ari,0.3890774746772456
Cross Diffusion Maps,0,chs,4.704396491371042
Cross Diffusion Maps,0,ami,0.5551225225111724
Cross Diffusion Maps,0,ari,0.39503460852986283
Cross Diffusion Maps,1,chs,4.906306050740913
Cross Diffusion Maps,1,ami,0.5840526190814183
Cross Diffusion Maps,1,ari,0.4570618716506488
Cross Diffusion Maps,2,chs,5.059375981682312
Cross Diffusion Maps,2,ami,0.5896838592987504
Cross Diffusion Maps,2,ari,0.44508130970611826
Cross Diffusion Maps,3,chs,4.6408598379605905
Cross Diffusion Maps,3,ami,0.5543826926655124
Cross Diffusion Maps,3,ari,0.4155605821347787
Cross Diffusion Maps,4,chs,4.472817322699714
Cross Diffusion Maps,4,ami,0.5211572162462456
Cross Diffusion Maps,4,ari,0.362838947410582
Cross Diffusion Maps,5,chs,4.842113720912885
Cross Diffusion Maps,5,ami,0.5599636253659475
Cross Diffusion Maps,5,ari,0.4117789247678767
Cross Diffusion Maps,6,chs,5.025448736362876
Cross Diffusion Maps,6,ami,0.5748618924428357
Cross Diffusion Maps,6,ari,0.43461892045703276
Cross Diffusion Maps,7,chs,4.76307611806003
Cross Diffusion Maps,7,ami,0.5514277747104093
Cross Diffusion Maps,7,ari,0.410612976154929
Cross Diffusion Maps,8,chs,4.815479086904584
Cross Diffusion Maps,8,ami,0.5687041849659165
Cross Diffusion Maps,8,ari,0.42143069664640626
Cross Diffusion Maps,9,chs,4.599309016491049
Cross Diffusion Maps,9,ami,0.543083128147419
Cross Diffusion Maps,9,ari,0.38526019219772095
Cross Diffusion Maps,10,chs,4.9215536608295904
Cross Diffusion Maps,10,ami,0.5584793508343261
Cross Diffusion Maps,10,ari,0.41344266585248834
Cross Diffusion Maps,11,chs,4.945476715783801
Cross Diffusion Maps,11,ami,0.5688476930917139
Cross Diffusion Maps,11,ari,0.44542482196443767
Cross Diffusion Maps,12,chs,4.655468038592388
Cross Diffusion Maps,12,ami,0.5584394332020413
Cross Diffusion Maps,12,ari,0.40084932761563763
Cross Diffusion Maps,13,chs,5.016580692511455
Cross Diffusion Maps,13,ami,0.572217545458532
Cross Diffusion Maps,13,ari,0.43132874892324763
Cross Diffusion Maps,14,chs,4.9972792554158545
Cross Diffusion Maps,14,ami,0.5816027275449146
Cross Diffusion Maps,14,ari,0.4388330186055363
Cross Diffusion Maps,15,chs,4.991323937937158
Cross Diffusion Maps,15,ami,0.5617004611564015
Cross Diffusion Maps,15,ari,0.4247380190292454
Cross Diffusion Maps,16,chs,4.435895455817021
Cross Diffusion Maps,16,ami,0.5267125985059097
Cross Diffusion Maps,16,ari,0.38097052307779145
Cross Diffusion Maps,17,chs,4.990605142054388
Cross Diffusion Maps,17,ami,0.5823314600111954
Cross Diffusion Maps,17,ari,0.4444105912223431
Cross Diffusion Maps,18,chs,4.612373304262616
Cross Diffusion Maps,18,ami,0.5363392787762901
Cross Diffusion Maps,18,ari,0.39836925675207996
Cross Diffusion Maps,19,chs,5.059375981682312
Cross Diffusion Maps,19,ami,0.5896838592987503
Cross Diffusion Maps,19,ari,0.44508130970611826
Cross Diffusion Maps,20,chs,4.9562832483971855
Cross Diffusion Maps,20,ami,0.5820687417733568
Cross Diffusion Maps,20,ari,0.4551657355679702
Cross Diffusion Maps,21,chs,4.759296772377465
Cross Diffusion Maps,21,ami,0.5567384918074284
Cross Diffusion Maps,21,ari,0.40716302697486983
Cross Diffusion Maps,22,chs,4.808015530484982
Cross Diffusion Maps,22,ami,0.557166654019672
Cross Diffusion Maps,22,ari,0.4088418235905319
Cross Diffusion Maps,23,chs,4.6777765249873555
Cross Diffusion Maps,23,ami,0.5510240249990762
Cross Diffusion Maps,23,ari,0.3996890008119005
Cross Diffusion Maps,24,chs,5.035340272402914
Cross Diffusion Maps,24,ami,0.5787819208579522
Cross Diffusion Maps,24,ari,0.439386658512079
Cross Diffusion Maps,25,chs,4.784163231035277
Cross Diffusion Maps,25,ami,0.5643138289829684
Cross Diffusion Maps,25,ari,0.4121739130434783
Cross Diffusion Maps,26,chs,4.781755621574675
Cross Diffusion Maps,26,ami,0.5636752223451025
Cross Diffusion Maps,26,ari,0.4077228847245883
Cross Diffusion Maps,27,chs,4.802128976991348
Cross Diffusion Maps,27,ami,0.5628882644858864
Cross Diffusion Maps,27,ari,0.4095331152555334
Cross Diffusion Maps,28,chs,5.011233401446094
Cross Diffusion Maps,28,ami,0.5780605588197811
Cross Diffusion Maps,28,ari,0.4400333757849897
Cross Diffusion Maps,29,chs,4.638046639086169
Cross Diffusion Maps,29,ami,0.5574237274156271
Cross Diffusion Maps,29,ari,0.38989572822065255
Cross Diffusion Maps,30,chs,5.035340272402915
Cross Diffusion Maps,30,ami,0.578781920857952
Cross Diffusion Maps,30,ari,0.439386658512079
Cross Diffusion Maps,31,chs,4.790733030343868
Cross Diffusion Maps,31,ami,0.5646215225020935
Cross Diffusion Maps,31,ari,0.41305238761464647
Cross Diffusion Maps,32,chs,4.443940953720001
Cross Diffusion Maps,32,ami,0.5330643247879441
Cross Diffusion Maps,32,ari,0.3694076180558337
Cross Diffusion Maps,33,chs,5.031286915958533
Cross Diffusion Maps,33,ami,0.5783650369097967
Cross Diffusion Maps,33,ari,0.4403800614805336
Cross Diffusion Maps,34,chs,4.571075537026521
Cross Diffusion Maps,34,ami,0.5384145929307774
Cross Diffusion Maps,34,ari,0.39174542376174415
Cross Diffusion Maps,35,chs,4.686943936823026
Cross Diffusion Maps,35,ami,0.5535123114432889
Cross Diffusion Maps,35,ari,0.40851615846270084
Cross Diffusion Maps,36,chs,4.744073726828014
Cross Diffusion Maps,36,ami,0.5493584046523976
Cross Diffusion Maps,36,ari,0.39148044886466093
Cross Diffusion Maps,37,chs,4.639065136822698
Cross Diffusion Maps,37,ami,0.5476192888891118
Cross Diffusion Maps,37,ari,0.40405797101449276
Cross Diffusion Maps,38,chs,4.634818405378672
Cross Diffusion Maps,38,ami,0.5455122818701071
Cross Diffusion Maps,38,ari,0.40015474432018006
Cross Diffusion Maps,39,chs,4.407426874332111
Cross Diffusion Maps,39,ami,0.5728039709383281
Cross Diffusion Maps,39,ari,0.3490148477826412
Cross Diffusion Maps,40,chs,4.808015530484982
Cross Diffusion Maps,40,ami,0.557166654019672
Cross Diffusion Maps,40,ari,0.4088418235905319
Cross Diffusion Maps,41,chs,4.8183420400152785
Cross Diffusion Maps,41,ami,0.5685285155006771
Cross Diffusion Maps,41,ari,0.44448419263962796
Cross Diffusion Maps,42,chs,4.716393432713647
Cross Diffusion Maps,42,ami,0.5393171518758414
Cross Diffusion Maps,42,ari,0.39227134898808264
Cross Diffusion Maps,43,chs,4.947550513988977
Cross Diffusion Maps,43,ami,0.5756204421795018
Cross Diffusion Maps,43,ari,0.42783439759800396
Cross Diffusion Maps,44,chs,4.736539506167008
Cross Diffusion Maps,44,ami,0.5517634262208536
Cross Diffusion Maps,44,ari,0.4018150087260035
Cross Diffusion Maps,45,chs,4.540900020528709
Cross Diffusion Maps,45,ami,0.5500533907436828
Cross Diffusion Maps,45,ari,0.38827222333533695
Cross Diffusion Maps,46,chs,5.073642019438243
Cross Diffusion Maps,46,ami,0.5857006405056563
Cross Diffusion Maps,46,ari,0.44316819094678744
Cross Diffusion Maps,47,chs,4.631286770880123
Cross Diffusion Maps,47,ami,0.5323911505102606
Cross Diffusion Maps,47,ari,0.38877521192633735
Cross Diffusion Maps,48,chs,4.69439019387162
Cross Diffusion Maps,48,ami,0.5564547704694859
Cross Diffusion Maps,48,ari,0.4113726981980078
Cross Diffusion Maps,49,chs,4.4943091135567315
Cross Diffusion Maps,49,ami,0.5554259429547427
Cross Diffusion Maps,49,ari,0.350415039987871
Cross Diffusion Maps,50,chs,4.962981448870216
Cross Diffusion Maps,50,ami,0.5730715323907165
Cross Diffusion Maps,50,ari,0.41527677060671986
Cross Diffusion Maps,51,chs,4.9775848630070065
Cross Diffusion Maps,51,ami,0.5699317667519627
Cross Diffusion Maps,51,ari,0.43192879379137983
Cross Diffusion Maps,52,chs,4.838681769071889
Cross Diffusion Maps,52,ami,0.5698776205476762
Cross Diffusion Maps,52,ari,0.4237264023444724
Cross Diffusion Maps,53,chs,4.734068504956693
Cross Diffusion Maps,53,ami,0.5702901218037527
Cross Diffusion Maps,53,ari,0.41924557351809083
Cross Diffusion Maps,54,chs,4.653994381541644
Cross Diffusion Maps,54,ami,0.5567384918074284
Cross Diffusion Maps,54,ari,0.40716302697486983
Cross Diffusion Maps,55,chs,4.664850813033737
Cross Diffusion Maps,55,ami,0.5622412406714371
Cross Diffusion Maps,55,ari,0.40998074679933105
Cross Diffusion Maps,56,chs,5.0537122398829375
Cross Diffusion Maps,56,ami,0.5827022478815281
Cross Diffusion Maps,56,ari,0.44245918232627734
Cross Diffusion Maps,57,chs,4.435920314909766
Cross Diffusion Maps,57,ami,0.5280358815818245
Cross Diffusion Maps,57,ari,0.36818902252234254
Cross Diffusion Maps,58,chs,4.692248148418852
Cross Diffusion Maps,58,ami,0.5527030374983364
Cross Diffusion Maps,58,ari,0.39179017187521503
Cross Diffusion Maps,59,chs,4.761586697177364
Cross Diffusion Maps,59,ami,0.54259962343225
Cross Diffusion Maps,59,ari,0.38143988063165746
Cross Diffusion Maps,60,chs,4.334564595358219
Cross Diffusion Maps,60,ami,0.5298569043095417
Cross Diffusion Maps,60,ari,0.3757289456476774
Cross Diffusion Maps,61,chs,4.851916027059575
Cross Diffusion Maps,61,ami,0.5713978720037409
Cross Diffusion Maps,61,ari,0.4425862503521179
Cross Diffusion Maps,62,chs,4.997279255415854
Cross Diffusion Maps,62,ami,0.5816027275449144
Cross Diffusion Maps,62,ari,0.4388330186055363
Cross Diffusion Maps,63,chs,4.784389417198355
Cross Diffusion Maps,63,ami,0.5616262888239311
Cross Diffusion Maps,63,ari,0.4051294855256405
Cross Diffusion Maps,64,chs,4.979369288086528
Cross Diffusion Maps,64,ami,0.5613926879327618
Cross Diffusion Maps,64,ari,0.42506938692474244
Cross Diffusion Maps,65,chs,4.478341639597139
Cross Diffusion Maps,65,ami,0.5481348006337841
Cross Diffusion Maps,65,ari,0.3957740476485063
Cross Diffusion Maps,66,chs,4.85757485054528
Cross Diffusion Maps,66,ami,0.571043942474896
Cross Diffusion Maps,66,ari,0.455325146567106
Cross Diffusion Maps,67,chs,5.058320644101968
Cross Diffusion Maps,67,ami,0.5962846198250238
Cross Diffusion Maps,67,ari,0.44794336098683923
Cross Diffusion Maps,68,chs,5.075163641994839
Cross Diffusion Maps,68,ami,0.5933418545412953
Cross Diffusion Maps,68,ari,0.44535698163761595
Cross Diffusion Maps,69,chs,4.79944776410059
Cross Diffusion Maps,69,ami,0.5573417857330362
Cross Diffusion Maps,69,ari,0.41915364969168467
Cross Diffusion Maps,70,chs,4.996889385188665
Cross Diffusion Maps,70,ami,0.5816027275449144
Cross Diffusion Maps,70,ari,0.4388330186055363
Cross Diffusion Maps,71,chs,4.786903155411565
Cross Diffusion Maps,71,ami,0.5499878208013419
Cross Diffusion Maps,71,ari,0.4031744684462929
Cross Diffusion Maps,72,chs,4.802325297383509
Cross Diffusion Maps,72,ami,0.5656494554773781
Cross Diffusion Maps,72,ari,0.402915348047073
Cross Diffusion Maps,73,chs,5.000281009632281
Cross Diffusion Maps,73,ami,0.5746127822496072
Cross Diffusion Maps,73,ari,0.45527178060056556
Cross Diffusion Maps,74,chs,5.0380835684360425
Cross Diffusion Maps,74,ami,0.576436393355446
Cross Diffusion Maps,74,ari,0.4358376928825779
Cross Diffusion Maps,75,chs,5.040975259482886
Cross Diffusion Maps,75,ami,0.5801768887265698
Cross Diffusion Maps,75,ari,0.4355137460803617
Cross Diffusion Maps,76,chs,4.9968893851886635
Cross Diffusion Maps,76,ami,0.5816027275449144
Cross Diffusion Maps,76,ari,0.4388330186055363
Cross Diffusion Maps,77,chs,4.645831620104656
Cross Diffusion Maps,77,ami,0.5618287677644266
Cross Diffusion Maps,77,ari,0.4149613363523732
Cross Diffusion Maps,78,chs,4.415845195381726
Cross Diffusion Maps,78,ami,0.5378669731553657
Cross Diffusion Maps,78,ari,0.36329588014981273
Cross Diffusion Maps,79,chs,4.812123047282587
Cross Diffusion Maps,79,ami,0.5475411887669842
Cross Diffusion Maps,79,ari,0.38788303707675176
Cross Diffusion Maps,80,chs,5.022856862044056
Cross Diffusion Maps,80,ami,0.5891804622316676
Cross Diffusion Maps,80,ari,0.4438853642528987
Cross Diffusion Maps,81,chs,4.949801600169082
Cross Diffusion Maps,81,ami,0.5708773623877859
Cross Diffusion Maps,81,ari,0.44768910355829306
Cross Diffusion Maps,82,chs,4.801812880917965
Cross Diffusion Maps,82,ami,0.5809520307298087
Cross Diffusion Maps,82,ari,0.44514258095698406
Cross Diffusion Maps,83,chs,5.030898607976259
Cross Diffusion Maps,83,ami,0.5783650369097968
Cross Diffusion Maps,83,ari,0.4403800614805336
Cross Diffusion Maps,84,chs,4.76307611806003
Cross Diffusion Maps,84,ami,0.5514277747104093
Cross Diffusion Maps,84,ari,0.410612976154929
Cross Diffusion Maps,85,chs,4.698785808755947
Cross Diffusion Maps,85,ami,0.5421576820959657
Cross Diffusion Maps,85,ari,0.4015416253217711
Cross Diffusion Maps,86,chs,5.023380157385051
Cross Diffusion Maps,86,ami,0.5799241943533382
Cross Diffusion Maps,86,ari,0.4417747877622938
Cross Diffusion Maps,87,chs,4.7775947179054725
Cross Diffusion Maps,87,ami,0.5662607122144983
Cross Diffusion Maps,87,ari,0.40022314971693046
Cross Diffusion Maps,88,chs,4.560854268451996
Cross Diffusion Maps,88,ami,0.5429316211378806
Cross Diffusion Maps,88,ari,0.3586188044383146
Cross Diffusion Maps,89,chs,4.678507226420559
Cross Diffusion Maps,89,ami,0.5525640919739401
Cross Diffusion Maps,89,ari,0.38927171446255415
Cross Diffusion Maps,90,chs,4.796402511971128
Cross Diffusion Maps,90,ami,0.5555112849095484
Cross Diffusion Maps,90,ari,0.4146348555560402
Cross Diffusion Maps,91,chs,4.723883093476356
Cross Diffusion Maps,91,ami,0.5610271136952428
Cross Diffusion Maps,91,ari,0.4030742132133372
Cross Diffusion Maps,92,chs,4.6943901938716195
Cross Diffusion Maps,92,ami,0.5564547704694858
Cross Diffusion Maps,92,ari,0.4113726981980078
Cross Diffusion Maps,93,chs,4.739405528619254
Cross Diffusion Maps,93,ami,0.543145432957045
Cross Diffusion Maps,93,ari,0.3968287616059694
Cross Diffusion Maps,94,chs,4.927559053211489
Cross Diffusion Maps,94,ami,0.5751742234532937
Cross Diffusion Maps,94,ari,0.4343099157315636
Cross Diffusion Maps,95,chs,4.9215536608295904
Cross Diffusion Maps,95,ami,0.558479350834326
Cross Diffusion Maps,95,ari,0.41344266585248834
Cross Diffusion Maps,96,chs,4.725893625365398
Cross Diffusion Maps,96,ami,0.5579356076289752
Cross Diffusion Maps,96,ari,0.4242253846042937
Cross Diffusion Maps,97,chs,4.775262979376904
Cross Diffusion Maps,97,ami,0.5545970901472318
Cross Diffusion Maps,97,ari,0.4113398959721446
Cross Diffusion Maps,98,chs,4.439978843053262
Cross Diffusion Maps,98,ami,0.5267088120254868
Cross Diffusion Maps,98,ari,0.36648935461078
Cross Diffusion Maps,99,chs,4.953528204717673
Cross Diffusion Maps,99,ami,0.5551254662373093
Cross Diffusion Maps,99,ari,0.4145679120494065
Powered Alternating Diffusion,0,chs,5.171198792421817
Powered Alternating Diffusion,0,ami,0.585005447660956
Powered Alternating Diffusion,0,ari,0.43305365078012975
Powered Alternating Diffusion,1,chs,5.169602532676468
Powered Alternating Diffusion,1,ami,0.5978614768872927
Powered Alternating Diffusion,1,ari,0.42229026656592566
Powered Alternating Diffusion,2,chs,5.13988955722733
Powered Alternating Diffusion,2,ami,0.5821326384157914
Powered Alternating Diffusion,2,ari,0.4020196470849848
Powered Alternating Diffusion,3,chs,5.142076178401637
Powered Alternating Diffusion,3,ami,0.5884396771349792
Powered Alternating Diffusion,3,ari,0.41441763716098945
Powered Alternating Diffusion,4,chs,5.164061226708881
Powered Alternating Diffusion,4,ami,0.5820162974980964
Powered Alternating Diffusion,4,ari,0.4049967647796749
Powered Alternating Diffusion,5,chs,5.143272886474232
Powered Alternating Diffusion,5,ami,0.5756590133183005
Powered Alternating Diffusion,5,ari,0.42461651980190995
Powered Alternating Diffusion,6,chs,5.063093158059445
Powered Alternating Diffusion,6,ami,0.5736316518330556
Powered Alternating Diffusion,6,ari,0.41633323505875414
Powered Alternating Diffusion,7,chs,5.190928676310116
Powered Alternating Diffusion,7,ami,0.5846124657020834
Powered Alternating Diffusion,7,ari,0.42985897273660384
Powered Alternating Diffusion,8,chs,5.146803564946757
Powered Alternating Diffusion,8,ami,0.5858957988200206
Powered Alternating Diffusion,8,ari,0.4324618274785655
Powered Alternating Diffusion,9,chs,5.126244935909361
Powered Alternating Diffusion,9,ami,0.5456426234861975
Powered Alternating Diffusion,9,ari,0.3883943831439627
Powered Alternating Diffusion,10,chs,5.163446846625846
Powered Alternating Diffusion,10,ami,0.5752567024125225
Powered Alternating Diffusion,10,ari,0.4215045603384066
Powered Alternating Diffusion,11,chs,5.163446846625846
Powered Alternating Diffusion,11,ami,0.5752567024125226
Powered Alternating Diffusion,11,ari,0.4215045603384066
Powered Alternating Diffusion,12,chs,5.164061226708881
Powered Alternating Diffusion,12,ami,0.5820162974980964
Powered Alternating Diffusion,12,ari,0.4049967647796749
Powered Alternating Diffusion,13,chs,5.167288845384115
Powered Alternating Diffusion,13,ami,0.5915678253317014
Powered Alternating Diffusion,13,ari,0.4097862929082748
Powered Alternating Diffusion,14,chs,5.149531997243085
Powered Alternating Diffusion,14,ami,0.5819711233167928
Powered Alternating Diffusion,14,ari,0.4348129476937099
Powered Alternating Diffusion,15,chs,5.131905154888078
Powered Alternating Diffusion,15,ami,0.5868837100987174
Powered Alternating Diffusion,15,ari,0.43450279963144095
Powered Alternating Diffusion,16,chs,5.183632331196958
Powered Alternating Diffusion,16,ami,0.5819318799314326
Powered Alternating Diffusion,16,ari,0.38378790768643906
Powered Alternating Diffusion,17,chs,5.1314959923161
Powered Alternating Diffusion,17,ami,0.5858351337417972
Powered Alternating Diffusion,17,ari,0.42214035528390614
Powered Alternating Diffusion,18,chs,4.925776130580677
Powered Alternating Diffusion,18,ami,0.5498703725361441
Powered Alternating Diffusion,18,ari,0.3323741335799847
Powered Alternating Diffusion,19,chs,5.190987231777064
Powered Alternating Diffusion,19,ami,0.5868837100987175
Powered Alternating Diffusion,19,ari,0.43450279963144095
Powered Alternating Diffusion,20,chs,5.167288845384115
Powered Alternating Diffusion,20,ami,0.5915678253317015
Powered Alternating Diffusion,20,ari,0.4097862929082748
Powered Alternating Diffusion,21,chs,5.184816269091006
Powered Alternating Diffusion,21,ami,0.5800245353642328
Powered Alternating Diffusion,21,ari,0.39126591000689054
Powered Alternating Diffusion,22,chs,4.948871499265345
Powered Alternating Diffusion,22,ami,0.5511888384770346
Powered Alternating Diffusion,22,ari,0.3760717427554785
Powered Alternating Diffusion,23,chs,5.161735991830946
Powered Alternating Diffusion,23,ami,0.5756981014285598
Powered Alternating Diffusion,23,ari,0.39275889492966193
Powered Alternating Diffusion,24,chs,5.098235701847727
Powered Alternating Diffusion,24,ami,0.568017733056953
Powered Alternating Diffusion,24,ari,0.41820428687092515
Powered Alternating Diffusion,25,chs,5.14722082402811
Powered Alternating Diffusion,25,ami,0.5763587089651612
Powered Alternating Diffusion,25,ari,0.4231958981312767
Powered Alternating Diffusion,26,chs,5.182562155148806
Powered Alternating Diffusion,26,ami,0.5736286049437374
Powered Alternating Diffusion,26,ari,0.3791466153352583
Powered Alternating Diffusion,27,chs,5.188931279722764
Powered Alternating Diffusion,27,ami,0.5798935325355287
Powered Alternating Diffusion,27,ari,0.38797307905133255
Powered Alternating Diffusion,28,chs,5.190987231777065
Powered Alternating Diffusion,28,ami,0.5868837100987175
Powered Alternating Diffusion,28,ari,0.43450279963144095
Powered Alternating Diffusion,29,chs,5.163446846625847
Powered Alternating Diffusion,29,ami,0.5752567024125225
Powered Alternating Diffusion,29,ari,0.4215045603384066
Powered Alternating Diffusion,30,chs,5.160220806293087
Powered Alternating Diffusion,30,ami,0.5726697583009817
Powered Alternating Diffusion,30,ari,0.3951323419194509
Powered Alternating Diffusion,31,chs,5.212859067807412
Powered Alternating Diffusion,31,ami,0.589921382908503
Powered Alternating Diffusion,31,ari,0.43275250491089723
Powered Alternating Diffusion,32,chs,5.142076178401637
Powered Alternating Diffusion,32,ami,0.5884396771349791
Powered Alternating Diffusion,32,ari,0.41441763716098945
Powered Alternating Diffusion,33,chs,5.117757211032859
Powered Alternating Diffusion,33,ami,0.5618257252660659
Powered Alternating Diffusion,33,ari,0.4089745222028887
Powered Alternating Diffusion,34,chs,5.160220806293088
Powered Alternating Diffusion,34,ami,0.5726697583009817
Powered Alternating Diffusion,34,ari,0.3951323419194509
Powered Alternating Diffusion,35,chs,5.139889557227331
Powered Alternating Diffusion,35,ami,0.5821326384157915
Powered Alternating Diffusion,35,ari,0.4020196470849848
Powered Alternating Diffusion,36,chs,5.212859067807411
Powered Alternating Diffusion,36,ami,0.589921382908503
Powered Alternating Diffusion,36,ari,0.43275250491089723
Powered Alternating Diffusion,37,chs,5.123260706922786
Powered Alternating Diffusion,37,ami,0.5775478182790528
Powered Alternating Diffusion,37,ari,0.42752233633044984
Powered Alternating Diffusion,38,chs,4.957662403722312
Powered Alternating Diffusion,38,ami,0.5572471671165944
Powered Alternating Diffusion,38,ari,0.40944751151882447
Powered Alternating Diffusion,39,chs,5.190987231777063
Powered Alternating Diffusion,39,ami,0.5868837100987174
Powered Alternating Diffusion,39,ari,0.43450279963144095
Powered Alternating Diffusion,40,chs,5.167192209376249
Powered Alternating Diffusion,40,ami,0.5668207201914085
Powered Alternating Diffusion,40,ari,0.4023372287145242
Powered Alternating Diffusion,41,chs,5.1623229054008455
Powered Alternating Diffusion,41,ami,0.578738046824196
Powered Alternating Diffusion,41,ari,0.3849869368508252
Powered Alternating Diffusion,42,chs,5.190987231777064
Powered Alternating Diffusion,42,ami,0.5868837100987174
Powered Alternating Diffusion,42,ari,0.43450279963144095
Powered Alternating Diffusion,43,chs,5.057453505241921
Powered Alternating Diffusion,43,ami,0.5705971775359632
Powered Alternating Diffusion,43,ari,0.42532129933868484
Powered Alternating Diffusion,44,chs,4.9004724897202765
Powered Alternating Diffusion,44,ami,0.541938595100513
Powered Alternating Diffusion,44,ari,0.36311294872290273
Powered Alternating Diffusion,45,chs,5.187965900636629
Powered Alternating Diffusion,45,ami,0.5820986184093581
Powered Alternating Diffusion,45,ari,0.40293618532696635
Powered Alternating Diffusion,46,chs,5.125959364548957
Powered Alternating Diffusion,46,ami,0.5787808177456566
Powered Alternating Diffusion,46,ari,0.42839258532144026
Powered Alternating Diffusion,47,chs,5.160926045279105
Powered Alternating Diffusion,47,ami,0.5649193426276481
Powered Alternating Diffusion,47,ari,0.4112114213730842
Powered Alternating Diffusion,48,chs,5.160926045279105
Powered Alternating Diffusion,48,ami,0.5649193426276481
Powered Alternating Diffusion,48,ari,0.4112114213730842
Powered Alternating Diffusion,49,chs,5.212859067807411
Powered Alternating Diffusion,49,ami,0.5899213829085033
Powered Alternating Diffusion,49,ari,0.43275250491089723
Powered Alternating Diffusion,50,chs,5.188864939782936
Powered Alternating Diffusion,50,ami,0.5905117269393774
Powered Alternating Diffusion,50,ari,0.4079827822343964
Powered Alternating Diffusion,51,chs,5.172217369653382
Powered Alternating Diffusion,51,ami,0.5900485045018828
Powered Alternating Diffusion,51,ari,0.43450279963144095
Powered Alternating Diffusion,52,chs,5.1623229054008455
Powered Alternating Diffusion,52,ami,0.5787380468241964
Powered Alternating Diffusion,52,ari,0.3849869368508252
Powered Alternating Diffusion,53,chs,5.1899986930101845
Powered Alternating Diffusion,53,ami,0.5882012188328288
Powered Alternating Diffusion,53,ari,0.3925461245202667
Powered Alternating Diffusion,54,chs,5.169602532676468
Powered Alternating Diffusion,54,ami,0.5978614768872925
Powered Alternating Diffusion,54,ari,0.42229026656592566
Powered Alternating Diffusion,55,chs,5.190987231777064
Powered Alternating Diffusion,55,ami,0.5868837100987176
Powered Alternating Diffusion,55,ari,0.43450279963144095
Powered Alternating Diffusion,56,chs,5.13988955722733
Powered Alternating Diffusion,56,ami,0.5821326384157913
Powered Alternating Diffusion,56,ari,0.4020196470849848
Powered Alternating Diffusion,57,chs,5.126442016717589
Powered Alternating Diffusion,57,ami,0.5710380874752016
Powered Alternating Diffusion,57,ari,0.41568245636314893
Powered Alternating Diffusion,58,chs,5.167079396755672
Powered Alternating Diffusion,58,ami,0.5700440691164539
Powered Alternating Diffusion,58,ari,0.4137174674146876
Powered Alternating Diffusion,59,chs,5.190987231777064
Powered Alternating Diffusion,59,ami,0.5868837100987176
Powered Alternating Diffusion,59,ari,0.43450279963144095
Powered Alternating Diffusion,60,chs,5.167079396755672
Powered Alternating Diffusion,60,ami,0.5700440691164539
Powered Alternating Diffusion,60,ari,0.4137174674146876
Powered Alternating Diffusion,61,chs,5.123260706922785
Powered Alternating Diffusion,61,ami,0.5775478182790528
Powered Alternating Diffusion,61,ari,0.42752233633044984
Powered Alternating Diffusion,62,chs,5.123260706922786
Powered Alternating Diffusion,62,ami,0.577547818279053
Powered Alternating Diffusion,62,ari,0.42752233633044984
Powered Alternating Diffusion,63,chs,5.174726756887111
Powered Alternating Diffusion,63,ami,0.5952471487923126
Powered Alternating Diffusion,63,ari,0.4408643179152358
Powered Alternating Diffusion,64,chs,5.190987231777064
Powered Alternating Diffusion,64,ami,0.5868837100987175
Powered Alternating Diffusion,64,ari,0.43450279963144095
Powered Alternating Diffusion,65,chs,5.183632331196958
Powered Alternating Diffusion,65,ami,0.5819318799314324
Powered Alternating Diffusion,65,ari,0.38378790768643906
Powered Alternating Diffusion,66,chs,5.147220824028109
Powered Alternating Diffusion,66,ami,0.5763587089651613
Powered Alternating Diffusion,66,ari,0.4231958981312767
Powered Alternating Diffusion,67,chs,5.187965900636629
Powered Alternating Diffusion,67,ami,0.5820986184093582
Powered Alternating Diffusion,67,ari,0.40293618532696635
Powered Alternating Diffusion,68,chs,5.163446846625846
Powered Alternating Diffusion,68,ami,0.5752567024125225
Powered Alternating Diffusion,68,ari,0.4215045603384066
Powered Alternating Diffusion,69,chs,5.135276769101661
Powered Alternating Diffusion,69,ami,0.5763641132814888
Powered Alternating Diffusion,69,ari,0.42378190746306565
Powered Alternating Diffusion,70,chs,5.149304914164618
Powered Alternating Diffusion,70,ami,0.5564735087143848
Powered Alternating Diffusion,70,ari,0.38068099365443725
Powered Alternating Diffusion,71,chs,5.1221205592430445
Powered Alternating Diffusion,71,ami,0.572627913776731
Powered Alternating Diffusion,71,ari,0.426348975902757
Powered Alternating Diffusion,72,chs,5.147220824028108
Powered Alternating Diffusion,72,ami,0.576358708965161
Powered Alternating Diffusion,72,ari,0.4231958981312767
Powered Alternating Diffusion,73,chs,5.188864939782936
Powered Alternating Diffusion,73,ami,0.5905117269393775
Powered Alternating Diffusion,73,ari,0.4079827822343964
Powered Alternating Diffusion,74,chs,4.980858033846304
Powered Alternating Diffusion,74,ami,0.5809540322814324
Powered Alternating Diffusion,74,ari,0.4442490584839026
Powered Alternating Diffusion,75,chs,4.919435109350547
Powered Alternating Diffusion,75,ami,0.5631910630839483
Powered Alternating Diffusion,75,ari,0.40550141682217156
Powered Alternating Diffusion,76,chs,5.160926045279104
Powered Alternating Diffusion,76,ami,0.564919342627648
Powered Alternating Diffusion,76,ari,0.4112114213730842
Powered Alternating Diffusion,77,chs,5.212859067807412
Powered Alternating Diffusion,77,ami,0.5899213829085032
Powered Alternating Diffusion,77,ari,0.43275250491089723
Powered Alternating Diffusion,78,chs,5.167079396755672
Powered Alternating Diffusion,78,ami,0.5700440691164541
Powered Alternating Diffusion,78,ari,0.4137174674146876
Powered Alternating Diffusion,79,chs,5.146803564946756
Powered Alternating Diffusion,79,ami,0.5858957988200206
Powered Alternating Diffusion,79,ari,0.4324618274785655
Powered Alternating Diffusion,80,chs,5.099502705585587
Powered Alternating Diffusion,80,ami,0.5739248752831622
Powered Alternating Diffusion,80,ari,0.4096144078848028
Powered Alternating Diffusion,81,chs,4.928023476868901
Powered Alternating Diffusion,81,ami,0.5570510872505787
Powered Alternating Diffusion,81,ari,0.3775191707448653
Powered Alternating Diffusion,82,chs,5.190987231777064
Powered Alternating Diffusion,82,ami,0.5868837100987174
Powered Alternating Diffusion,82,ari,0.43450279963144095
Powered Alternating Diffusion,83,chs,5.167288845384115
Powered Alternating Diffusion,83,ami,0.5915678253317014
Powered Alternating Diffusion,83,ari,0.4097862929082748
Powered Alternating Diffusion,84,chs,5.175324895021668
Powered Alternating Diffusion,84,ami,0.5911629122442521
Powered Alternating Diffusion,84,ari,0.43508861549813405
Powered Alternating Diffusion,85,chs,5.1255339486621905
Powered Alternating Diffusion,85,ami,0.5773624187723084
Powered Alternating Diffusion,85,ari,0.4266467704114261
Powered Alternating Diffusion,86,chs,5.149210462296927
Powered Alternating Diffusion,86,ami,0.5726623841145148
Powered Alternating Diffusion,86,ari,0.4071857105763055
Powered Alternating Diffusion,87,chs,4.993531166840125
Powered Alternating Diffusion,87,ami,0.5465613121722143
Powered Alternating Diffusion,87,ari,0.40198731559737433
Powered Alternating Diffusion,88,chs,5.161340749232068
Powered Alternating Diffusion,88,ami,0.5704407278633804
Powered Alternating Diffusion,88,ari,0.3803460029583896
Powered Alternating Diffusion,89,chs,5.142076178401637
Powered Alternating Diffusion,89,ami,0.5884396771349791
Powered Alternating Diffusion,89,ari,0.41441763716098945
Powered Alternating Diffusion,90,chs,5.104269719897039
Powered Alternating Diffusion,90,ami,0.5521735526494916
Powered Alternating Diffusion,90,ari,0.3983582478826065
Powered Alternating Diffusion,91,chs,5.190987231777064
Powered Alternating Diffusion,91,ami,0.5868837100987176
Powered Alternating Diffusion,91,ari,0.43450279963144095
Powered Alternating Diffusion,92,chs,5.149531997243086
Powered Alternating Diffusion,92,ami,0.5819711233167927
Powered Alternating Diffusion,92,ari,0.4348129476937099
Powered Alternating Diffusion,93,chs,5.1009265775618475
Powered Alternating Diffusion,93,ami,0.5692502728207857
Powered Alternating Diffusion,93,ari,0.4190602193675046
Powered Alternating Diffusion,94,chs,5.134608916263416
Powered Alternating Diffusion,94,ami,0.5724662194004625
Powered Alternating Diffusion,94,ari,0.4182294989014104
Powered Alternating Diffusion,95,chs,5.190569550873115
Powered Alternating Diffusion,95,ami,0.5858351337417972
Powered Alternating Diffusion,95,ari,0.42214035528390614
Powered Alternating Diffusion,96,chs,5.1415616012781165
Powered Alternating Diffusion,96,ami,0.5577444485434476
Powered Alternating Diffusion,96,ari,0.39499870679680377
Powered Alternating Diffusion,97,chs,5.157922519152099
Powered Alternating Diffusion,97,ami,0.5655049098223178
Powered Alternating Diffusion,97,ari,0.39539836935140343
Powered Alternating Diffusion,98,chs,5.16511028130446
Powered Alternating Diffusion,98,ami,0.5868837100987174
Powered Alternating Diffusion,98,ari,0.43450279963144095
Powered Alternating Diffusion,99,chs,5.099502705585587
Powered Alternating Diffusion,99,ami,0.573924875283162
Powered Alternating Diffusion,99,ari,0.4096144078848028
Random Convex MDT,0,ami,0.5875536985414068
Random Convex MDT,0,ari,0.40994040621072686
Random Convex MDT,1,ami,0.5903389049072263
Random Convex MDT,1,ari,0.3763978281974758
Random Convex MDT,2,ami,0.5987333668434964
Random Convex MDT,2,ari,0.44263944999645616
Random Convex MDT,3,ami,0.5959863556915196
Random Convex MDT,3,ari,0.42928890194597163
Random Convex MDT,4,ami,0.5961085660252503
Random Convex MDT,4,ari,0.40244326748366643
Random Convex MDT,5,ami,0.5992661914383227
Random Convex MDT,5,ari,0.40895738706212714
Random Convex MDT,6,ami,0.5945377797826975
Random Convex MDT,6,ari,0.41500248786326166
Random Convex MDT,7,ami,0.5918467337531158
Random Convex MDT,7,ari,0.4304355765314006
Random Convex MDT,8,ami,0.598002480011234
Random Convex MDT,8,ari,0.4198716644282555
Random Convex MDT,9,ami,0.5422203024638719
Random Convex MDT,9,ari,0.39848140362918794
Random Convex MDT,10,ami,0.5950603924652038
Random Convex MDT,10,ari,0.42644172547709525
Random Convex MDT,11,ami,0.5995443184412241
Random Convex MDT,11,ari,0.4411378741057444
Random Convex MDT,12,ami,0.5880852688593007
Random Convex MDT,12,ari,0.4359806895373179
Random Convex MDT,13,ami,0.5907888643996881
Random Convex MDT,13,ari,0.42672515841515213
Random Convex MDT,14,ami,0.5875536985414068
Random Convex MDT,14,ari,0.40994040621072686
Random Convex MDT,15,ami,0.5791293215824643
Random Convex MDT,15,ari,0.4234962273464495
Random Convex MDT,16,ami,0.5975564021545575
Random Convex MDT,16,ari,0.40879519171849127
Random Convex MDT,17,ami,0.5679781154696241
Random Convex MDT,17,ari,0.4369449378330373
Random Convex MDT,18,ami,0.565258061486209
Random Convex MDT,18,ari,0.3501172189369817
Random Convex MDT,19,ami,0.5786800605913381
Random Convex MDT,19,ari,0.4226248430202204
Random Convex MDT,20,ami,0.5862502104710813
Random Convex MDT,20,ari,0.44133500064680264
Random Convex MDT,21,ami,0.5726830178291582
Random Convex MDT,21,ari,0.4164473226098461
Random Convex MDT,22,ami,0.5761753803302643
Random Convex MDT,22,ari,0.41753708908371434
Random Convex MDT,23,ami,0.6025946780577361
Random Convex MDT,23,ari,0.4399426620009275
Random Convex MDT,24,ami,0.5959863556915196
Random Convex MDT,24,ari,0.42928890194597163
Random Convex MDT,25,ami,0.5847347125857028
Random Convex MDT,25,ari,0.41647940074906364
Random Convex MDT,26,ami,0.6035404549204073
Random Convex MDT,26,ari,0.4284939456806194
Random Convex MDT,27,ami,0.5804474467082117
Random Convex MDT,27,ari,0.41360432491617055
Random Convex MDT,28,ami,0.5912525736694342
Random Convex MDT,28,ari,0.4347869163375936
Random Convex MDT,29,ami,0.5961085660252502
Random Convex MDT,29,ari,0.40244326748366643
Random Convex MDT,30,ami,0.5945019339754086
Random Convex MDT,30,ari,0.40138658006984446
Random Convex MDT,31,ami,0.595060392465204
Random Convex MDT,31,ari,0.42644172547709525
Random Convex MDT,32,ami,0.5717548427088758
Random Convex MDT,32,ari,0.4254710129448456
Random Convex MDT,33,ami,0.5959914533821729
Random Convex MDT,33,ari,0.4059360908606552
Random Convex MDT,34,ami,0.5819466818797033
Random Convex MDT,34,ari,0.42180593559250684
Random Convex MDT,35,ami,0.5938933836788417
Random Convex MDT,35,ari,0.42418444730968125
Random Convex MDT,36,ami,0.5911872065227315
Random Convex MDT,36,ari,0.3964148296851073
Random Convex MDT,37,ami,0.575859113423557
Random Convex MDT,37,ari,0.4501950662335158
Random Convex MDT,38,ami,0.5919715990558077
Random Convex MDT,38,ari,0.42957321776693175
Random Convex MDT,39,ami,0.577271432871392
Random Convex MDT,39,ari,0.4327934931260347
Random Convex MDT,40,ami,0.5992990903232599
Random Convex MDT,40,ari,0.44380182862002976
Random Convex MDT,41,ami,0.608937182047311
Random Convex MDT,41,ari,0.42827497786060775
Random Convex MDT,42,ami,0.5808380471539055
Random Convex MDT,42,ari,0.4125529971507641
Random Convex MDT,43,ami,0.593051449891489
Random Convex MDT,43,ari,0.43072361116966706
Random Convex MDT,44,ami,0.593051449891489
Random Convex MDT,44,ari,0.43072361116966706
Random Convex MDT,45,ami,0.5761753803302644
Random Convex MDT,45,ari,0.41753708908371434
Random Convex MDT,46,ami,0.5778038775032984
Random Convex MDT,46,ari,0.4182796154334844
Random Convex MDT,47,ami,0.5959863556915198
Random Convex MDT,47,ari,0.42928890194597163
Random Convex MDT,48,ami,0.5879572198905331
Random Convex MDT,48,ari,0.4185001871646633
Random Convex MDT,49,ami,0.594173648069138
Random Convex MDT,49,ari,0.43043630017452006
Random Convex MDT,50,ami,0.5950603924652038
Random Convex MDT,50,ari,0.42644172547709525
Random Convex MDT,51,ami,0.5930514498914892
Random Convex MDT,51,ari,0.43072361116966706
Random Convex MDT,52,ami,0.5748460013529231
Random Convex MDT,52,ari,0.41036476569941377
Random Convex MDT,53,ami,0.5897641943988633
Random Convex MDT,53,ari,0.43450279963144095
Random Convex MDT,54,ami,0.5749285016596556
Random Convex MDT,54,ari,0.4100478273310714
Random Convex MDT,55,ami,0.5815660673216241
Random Convex MDT,55,ari,0.42033805515636763
Random Convex MDT,56,ami,0.5826960430844238
Random Convex MDT,56,ari,0.4103963824499939
Random Convex MDT,57,ami,0.59610856602525
Random Convex MDT,57,ari,0.40244326748366643
Random Convex MDT,58,ami,0.5980024800112341
Random Convex MDT,58,ari,0.4198716644282555
Random Convex MDT,59,ami,0.5814761875751433
Random Convex MDT,59,ari,0.4069276336207478
Random Convex MDT,60,ami,0.5882927498901067
Random Convex MDT,60,ari,0.41108638478656684
Random Convex MDT,61,ami,0.5815660673216239
Random Convex MDT,61,ari,0.42033805515636763
Random Convex MDT,62,ami,0.5972254576375999
Random Convex MDT,62,ari,0.4292965110619777
Random Convex MDT,63,ami,0.5751075037942284
Random Convex MDT,63,ari,0.4336452058501018
Random Convex MDT,64,ami,0.5805699721567079
Random Convex MDT,64,ari,0.42435413929968785
Random Convex MDT,65,ami,0.5857705650975219
Random Convex MDT,65,ari,0.41929098183541746
Random Convex MDT,66,ami,0.5808380471539056
Random Convex MDT,66,ari,0.4125529971507641
Random Convex MDT,67,ami,0.5730762069737569
Random Convex MDT,67,ari,0.4135372439094769
Random Convex MDT,68,ami,0.5632557510903718
Random Convex MDT,68,ari,0.38850392661519173
Random Convex MDT,69,ami,0.5825946465508094
Random Convex MDT,69,ari,0.43718924185759933
Random Convex MDT,70,ami,0.5906070791409855
Random Convex MDT,70,ari,0.4188019989755942
Random Convex MDT,71,ami,0.5961363873048555
Random Convex MDT,71,ari,0.41610521644410375
Random Convex MDT,72,ami,0.5833854839180516
Random Convex MDT,72,ari,0.41228249465178707
Random Convex MDT,73,ami,0.5959863556915197
Random Convex MDT,73,ari,0.42928890194597163
Random Convex MDT,74,ami,0.5983807043910654
Random Convex MDT,74,ari,0.43879028064701997
Random Convex MDT,75,ami,0.5825288745012154
Random Convex MDT,75,ari,0.409859861896816
Random Convex MDT,76,ami,0.5805699721567078
Random Convex MDT,76,ari,0.42435413929968785
Random Convex MDT,77,ami,0.5762146175719483
Random Convex MDT,77,ari,0.4103963824499939
Random Convex MDT,78,ami,0.5959863556915197
Random Convex MDT,78,ari,0.42928890194597163
Random Convex MDT,79,ami,0.6018328437716378
Random Convex MDT,79,ari,0.4249270450908406
Random Convex MDT,80,ami,0.5763061122035487
Random Convex MDT,80,ari,0.412753837516603
Random Convex MDT,81,ami,0.5926950657403102
Random Convex MDT,81,ari,0.4330384230058277
Random Convex MDT,82,ami,0.5658676073843315
Random Convex MDT,82,ari,0.44377376355539777
Random Convex MDT,83,ami,0.582491485538591
Random Convex MDT,83,ari,0.4269801806357367
Random Convex MDT,84,ami,0.595060392465204
Random Convex MDT,84,ari,0.42644172547709525
Random Convex MDT,85,ami,0.6014317938579711
Random Convex MDT,85,ari,0.4376093498495346
Random Convex MDT,86,ami,0.5865423115506633
Random Convex MDT,86,ari,0.4187129724208376
Random Convex MDT,87,ami,0.5871071680241777
Random Convex MDT,87,ari,0.40596086460096853
Random Convex MDT,88,ami,0.6016730269920297
Random Convex MDT,88,ari,0.42438165867290045
Random Convex MDT,89,ami,0.5589447357886546
Random Convex MDT,89,ari,0.4108943991578109
Random Convex MDT,90,ami,0.5834476671290438
Random Convex MDT,90,ari,0.42478169101518853
Random Convex MDT,91,ami,0.5832359348098601
Random Convex MDT,91,ari,0.41346962987487756
Random Convex MDT,92,ami,0.5918848740817081
Random Convex MDT,92,ari,0.42842746168381274
Random Convex MDT,93,ami,0.5918776948195746
Random Convex MDT,93,ari,0.4394656434306829
Random Convex MDT,94,ami,0.5900192526877434
Random Convex MDT,94,ari,0.42258263190309997
Random Convex MDT,95,ami,0.5616215477546845
Random Convex MDT,95,ari,0.4147423630306896
Random Convex MDT,96,ami,0.5875536985414068
Random Convex MDT,96,ari,0.40994040621072686
Random Convex MDT,97,ami,0.5922829723944784
Random Convex MDT,97,ari,0.3938361843531948
Random Convex MDT,98,ami,0.5825288745012154
Random Convex MDT,98,ari,0.409859861896816
Random Convex MDT,99,ami,0.5749285016596557
Random Convex MDT,99,ari,0.4100478273310714
Random MDT,0,ami,0.5416231292815817
Random MDT,0,ari,0.39842722292091304
Random MDT,1,ami,0.5738072076817997
Random MDT,1,ari,0.3940049980622486
Random MDT,2,ami,0.5605745719166124
Random MDT,2,ari,0.3951533734081037
Random MDT,3,ami,0.5795039146846847
Random MDT,3,ari,0.37244637225940747
Random MDT,4,ami,0.5759002131927995
Random MDT,4,ari,0.43371650858866206
Random MDT,5,ami,0.5241802168674446
Random MDT,5,ari,0.3826025965846467
Random MDT,6,ami,0.5389005448719187
Random MDT,6,ari,0.39841522302941723
Random MDT,7,ami,0.5908041724497867
Random MDT,7,ari,0.42728631493665226
Random MDT,8,ami,0.5678752805723115
Random MDT,8,ari,0.38989533802281867
Random MDT,9,ami,0.5658437236214192
Random MDT,9,ari,0.4062669052473888
Random MDT,10,ami,0.5705266467301852
Random MDT,10,ari,0.42721920483542175
Random MDT,11,ami,0.5255697645335338
Random MDT,11,ari,0.3766101648313881
Random MDT,12,ami,0.5738072076817996
Random MDT,12,ari,0.3940049980622486
Random MDT,13,ami,0.5637762587966935
Random MDT,13,ari,0.4167835536475822
Random MDT,14,ami,0.5845104903557483
Random MDT,14,ari,0.4269510174603849
Random MDT,15,ami,0.5831750358209802
Random MDT,15,ari,0.413710603106114
Random MDT,16,ami,0.5749543154717415
Random MDT,16,ari,0.4138766791274699
Random MDT,17,ami,0.5732162321893352
Random MDT,17,ari,0.40560075998513073
Random MDT,18,ami,0.5631287453192548
Random MDT,18,ari,0.39491094147582695
Random MDT,19,ami,0.5956546197004533
Random MDT,19,ari,0.41449776740818217
Random MDT,20,ami,0.589436765544046
Random MDT,20,ari,0.43507937182264894
Random MDT,21,ami,0.5685726529272952
Random MDT,21,ari,0.4109343741693597
Random MDT,22,ami,0.572169278143788
Random MDT,22,ari,0.4342942446773048
Random MDT,23,ami,0.5919478247109715
Random MDT,23,ari,0.42711249983091887
Random MDT,24,ami,0.5736900015438322
Random MDT,24,ari,0.3981212819799409
Random MDT,25,ami,0.5865537060517722
Random MDT,25,ari,0.41587782922864674
Random MDT,26,ami,0.5885651995503791
Random MDT,26,ari,0.4253730318878777
Random MDT,27,ami,0.5584185580491354
Random MDT,27,ari,0.39683645453427857
Random MDT,28,ami,0.5492030503224219
Random MDT,28,ari,0.3957631465845915
Random MDT,29,ami,0.5899213829085032
Random MDT,29,ari,0.43275250491089723
Random MDT,30,ami,0.5738482247783376
Random MDT,30,ari,0.3948796803742985
Random MDT,31,ami,0.5521537493778923
Random MDT,31,ari,0.3826625878987724
Random MDT,32,ami,0.569542983260936
Random MDT,32,ari,0.41695608054995786
Random MDT,33,ami,0.5726623841145145
Random MDT,33,ari,0.4071857105763055
Random MDT,34,ami,0.5959863556915197
Random MDT,34,ari,0.42928890194597163
Random MDT,35,ami,0.5759662512485462
Random MDT,35,ari,0.436595525400438
Random MDT,36,ami,0.5813212995136209
Random MDT,36,ari,0.42870600807075265
Random MDT,37,ami,0.5284970348895566
Random MDT,37,ari,0.3852939898309504
Random MDT,38,ami,0.5814761875751433
Random MDT,38,ari,0.4069276336207478
Random MDT,39,ami,0.5835925931402567
Random MDT,39,ari,0.412921541875112
Random MDT,40,ami,0.568057218236989
Random MDT,40,ari,0.3901448135770919
Random MDT,41,ami,0.5709228956185662
Random MDT,41,ari,0.4550120640491336
Random MDT,42,ami,0.5662238739396112
Random MDT,42,ari,0.40307797071842016
Random MDT,43,ami,0.5861727102276496
Random MDT,43,ari,0.42532129933868484
Random MDT,44,ami,0.5730900495846327
Random MDT,44,ari,0.3835971703321393
Random MDT,45,ami,0.533364650963297
Random MDT,45,ari,0.3912448891307685
Random MDT,46,ami,0.581737376150436
Random MDT,46,ari,0.410934160634264
Random MDT,47,ami,0.584240743767553
Random MDT,47,ari,0.42212341121691344
Random MDT,48,ami,0.5919715990558075
Random MDT,48,ari,0.42957321776693175
Random MDT,49,ami,0.595060392465204
Random MDT,49,ari,0.42644172547709525
Random MDT,50,ami,0.5770480990363807
Random MDT,50,ari,0.4319088565296922
Random MDT,51,ami,0.5817373761504362
Random MDT,51,ari,0.410934160634264
Random MDT,52,ami,0.5326278086558851
Random MDT,52,ari,0.40569216958780335
Random MDT,53,ami,0.5570590211914117
Random MDT,53,ari,0.3931735243444169
Random MDT,54,ami,0.5800464811613077
Random MDT,54,ari,0.4131609123941366
Random MDT,55,ami,0.5724364348951908
Random MDT,55,ari,0.42166217391924465
Random MDT,56,ami,0.5899213829085032
Random MDT,56,ari,0.43275250491089723
Random MDT,57,ami,0.5689898044760219
Random MDT,57,ari,0.42164387085709387
Random MDT,58,ami,0.5793993218843667
Random MDT,58,ari,0.4220721671238658
Random MDT,59,ami,0.562392544219445
Random MDT,59,ari,0.39857335165216423
Random MDT,60,ami,0.5865048563234886
Random MDT,60,ari,0.4213146440838235
Random MDT,61,ami,0.5714533364055788
Random MDT,61,ari,0.4378141698713794
Random MDT,62,ami,0.5892812147425388
Random MDT,62,ari,0.4263916479986474
Random MDT,63,ami,0.57437179226169
Random MDT,63,ari,0.42203765696286566
Random MDT,64,ami,0.583447667129044
Random MDT,64,ari,0.42478169101518853
Random MDT,65,ami,0.5926950657403101
Random MDT,65,ari,0.4330384230058277
Random MDT,66,ami,0.5612332472935521
Random MDT,66,ari,0.39971133963390093
Random MDT,67,ami,0.535812109564745
Random MDT,67,ari,0.38666666666666666
Random MDT,68,ami,0.5959863556915197
Random MDT,68,ari,0.42928890194597163
Random MDT,69,ami,0.5907271333033126
Random MDT,69,ari,0.37738065273932375
Random MDT,70,ami,0.5774931639929963
Random MDT,70,ari,0.3998250924991591
Random MDT,71,ami,0.5722929144860555
Random MDT,71,ari,0.37743468236073424
Random MDT,72,ami,0.5622722936156764
Random MDT,72,ari,0.40753623188405796
Random MDT,73,ami,0.5851117628645768
Random MDT,73,ari,0.40586912313307205
Random MDT,74,ami,0.5939426520384221
Random MDT,74,ari,0.4230625544809265
Random MDT,75,ami,0.5893697530048598
Random MDT,75,ari,0.4244411949028619
Random MDT,76,ami,0.5637941458690394
Random MDT,76,ari,0.42033148860067876
Random MDT,77,ami,0.5506345940651419
Random MDT,77,ari,0.40033838108421776
Random MDT,78,ami,0.5908041724497868
Random MDT,78,ari,0.42728631493665226
Random MDT,79,ami,0.5698816581413934
Random MDT,79,ari,0.404529593784976
Random MDT,80,ami,0.5526432199236389
Random MDT,80,ari,0.39154299654401303
Random MDT,81,ami,0.5759351757503288
Random MDT,81,ari,0.42028985507246375
Random MDT,82,ami,0.5675488635538817
Random MDT,82,ari,0.42777225081823034
Random MDT,83,ami,0.5951906425808583
Random MDT,83,ari,0.42109497566273785
Random MDT,84,ami,0.5893354919085876
Random MDT,84,ari,0.36414065328335027
Random MDT,85,ami,0.5697617306757461
Random MDT,85,ari,0.3720847472706244
Random MDT,86,ami,0.5399038874801201
Random MDT,86,ari,0.3644782796374053
Random MDT,87,ami,0.5472385641509477
Random MDT,87,ari,0.4051843895452918
Random MDT,88,ami,0.584817401507565
Random MDT,88,ari,0.41791914734168784
Random MDT,89,ami,0.5559141508025299
Random MDT,89,ari,0.3864083818649925
Random MDT,90,ami,0.5763869798494419
Random MDT,90,ari,0.37800516716938387
Random MDT,91,ami,0.5523077147921295
Random MDT,91,ari,0.42030312277489573
Random MDT,92,ami,0.5705830339084549
Random MDT,92,ari,0.40870475336079054
Random MDT,93,ami,0.563090109279823
Random MDT,93,ari,0.3982206551596901
Random MDT,94,ami,0.5470363099870481
Random MDT,94,ari,0.3952852940766453
Random MDT,95,ami,0.5944018022896475
Random MDT,95,ari,0.39919814523050123
Random MDT,96,ami,0.5417275003335537
Random MDT,96,ari,0.3964174786197507
Random MDT,97,ami,0.5729220696477205
Random MDT,97,ari,0.40763144354984493
Random MDT,98,ami,0.5826719859970768
Random MDT,98,ari,0.4239562282619156
Random MDT,99,ami,0.5627800729420843
Random MDT,99,ari,0.4051294855256405
Direct MDT,0,chs,5.206821325280505
Direct MDT,0,ami,0.5926950657403104
Direct MDT,0,ari,0.4330384230058277
Direct MDT,1,chs,5.203977277700798
Direct MDT,1,ami,0.5833854839180516
Direct MDT,1,ari,0.41228249465178707
Direct MDT,2,chs,5.214419941359847
Direct MDT,2,ami,0.5961363873048555
Direct MDT,2,ari,0.41610521644410375
Direct MDT,3,chs,5.22527287940676
Direct MDT,3,ami,0.5961085660252502
Direct MDT,3,ari,0.40244326748366643
Direct MDT,4,chs,5.1900111839188545
Direct MDT,4,ami,0.5900192526877434
Direct MDT,4,ari,0.42258263190309997
Direct MDT,5,chs,5.228272921071818
Direct MDT,5,ami,0.5930514498914892
Direct MDT,5,ari,0.43072361116966706
Direct MDT,6,chs,5.2092811615291215
Direct MDT,6,ami,0.5907888643996881
Direct MDT,6,ari,0.42672515841515213
Direct MDT,7,chs,5.214514864628517
Direct MDT,7,ami,0.599544318441224
Direct MDT,7,ari,0.4411378741057444
Direct MDT,8,chs,5.198760167687975
Direct MDT,8,ami,0.5945377797826975
Direct MDT,8,ari,0.41500248786326166
Direct MDT,9,chs,5.231849500170254
Direct MDT,9,ami,0.5959863556915198
Direct MDT,9,ari,0.42928890194597163
Direct MDT,10,chs,5.14678706084189
Direct MDT,10,ami,0.6046160409022057
Direct MDT,10,ari,0.4271911389560781
Direct MDT,11,chs,5.228272921071818
Direct MDT,11,ami,0.5930514498914888
Direct MDT,11,ari,0.43072361116966706
Direct MDT,12,chs,5.214419941359847
Direct MDT,12,ami,0.5961363873048555
Direct MDT,12,ari,0.41610521644410375
Direct MDT,13,chs,5.231849500170254
Direct MDT,13,ami,0.5959863556915196
Direct MDT,13,ari,0.42928890194597163
Direct MDT,14,chs,5.22527287940676
Direct MDT,14,ami,0.59610856602525
Direct MDT,14,ari,0.40244326748366643
Direct MDT,15,chs,5.219724904733424
Direct MDT,15,ami,0.5959914533821729
Direct MDT,15,ari,0.4059360908606552
Direct MDT,16,chs,5.231849500170255
Direct MDT,16,ami,0.5959863556915198
Direct MDT,16,ari,0.42928890194597163
Direct MDT,17,chs,5.200964953637897
Direct MDT,17,ami,0.5993249426239411
Direct MDT,17,ari,0.4196042666243705
Direct MDT,18,chs,5.21788951327883
Direct MDT,18,ami,0.6025946780577361
Direct MDT,18,ari,0.4399426620009275
Direct MDT,19,chs,5.190007732016661
Direct MDT,19,ami,0.5983807043910654
Direct MDT,19,ari,0.43879028064701997
Direct MDT,20,chs,5.2282729210718175
Direct MDT,20,ami,0.5930514498914892
Direct MDT,20,ari,0.43072361116966706
Direct MDT,21,chs,5.219724904733424
Direct MDT,21,ami,0.5959914533821729
Direct MDT,21,ari,0.4059360908606552
Direct MDT,22,chs,5.203977277700798
Direct MDT,22,ami,0.5833854839180516
Direct MDT,22,ari,0.41228249465178707
Direct MDT,23,chs,5.205567497819497
Direct MDT,23,ami,0.5870101760909924
Direct MDT,23,ari,0.42184115271197575
Direct MDT,24,chs,5.206821325280507
Direct MDT,24,ami,0.5926950657403101
Direct MDT,24,ari,0.4330384230058277
Direct MDT,25,chs,5.212997835691926
Direct MDT,25,ami,0.5930311427278057
Direct MDT,25,ari,0.4071696094168004
Direct MDT,26,chs,5.214419941359847
Direct MDT,26,ami,0.5961363873048555
Direct MDT,26,ari,0.41610521644410375
Direct MDT,27,chs,5.204527862635729
Direct MDT,27,ami,0.6022839113395381
Direct MDT,27,ari,0.4183019439070294
Direct MDT,28,chs,5.204527862635728
Direct MDT,28,ami,0.6022839113395381
Direct MDT,28,ari,0.4183019439070294
Direct MDT,29,chs,5.211386208801489
Direct MDT,29,ami,0.6026659140565357
Direct MDT,29,ari,0.41188415919703025
Direct MDT,30,chs,5.214514864628517
Direct MDT,30,ami,0.5995443184412239
Direct MDT,30,ari,0.4411378741057444
Direct MDT,31,chs,5.213148691801691
Direct MDT,31,ami,0.5805011487062254
Direct MDT,31,ari,0.4189644800716274
Direct MDT,32,chs,5.185811842331614
Direct MDT,32,ami,0.5980024800112342
Direct MDT,32,ari,0.4198716644282555
Direct MDT,33,chs,5.213598689608356
Direct MDT,33,ami,0.5854550989993562
Direct MDT,33,ari,0.41873128612213634
Direct MDT,34,chs,5.231849500170253
Direct MDT,34,ami,0.5959863556915199
Direct MDT,34,ari,0.42928890194597163
Direct MDT,35,chs,5.21138620880149
Direct MDT,35,ami,0.6026659140565356
Direct MDT,35,ari,0.41188415919703025
Direct MDT,36,chs,5.219724904733424
Direct MDT,36,ami,0.595991453382173
Direct MDT,36,ari,0.4059360908606552
Direct MDT,37,chs,5.2009649536378975
Direct MDT,37,ami,0.5993249426239412
Direct MDT,37,ari,0.4196042666243705
Direct MDT,38,chs,5.192905625364006
Direct MDT,38,ami,0.5995443184412238
Direct MDT,38,ari,0.4411378741057444
Direct MDT,39,chs,5.206126449738099
Direct MDT,39,ami,0.5889561052837203
Direct MDT,39,ari,0.41370396070587917
Direct MDT,40,chs,5.204527862635728
Direct MDT,40,ami,0.6022839113395381
Direct MDT,40,ari,0.4183019439070294
Direct MDT,41,chs,5.180759923539835
Direct MDT,41,ami,0.5815660673216241
Direct MDT,41,ari,0.42033805515636763
Direct MDT,42,chs,5.193184275615164
Direct MDT,42,ami,0.6014317938579712
Direct MDT,42,ari,0.4376093498495346
Direct MDT,43,chs,5.214514864628517
Direct MDT,43,ami,0.5995443184412239
Direct MDT,43,ari,0.4411378741057444
Direct MDT,44,chs,5.228272921071818
Direct MDT,44,ami,0.593051449891489
Direct MDT,44,ari,0.43072361116966706
Direct MDT,45,chs,5.213148691801691
Direct MDT,45,ami,0.5805011487062253
Direct MDT,45,ari,0.4189644800716274
Direct MDT,46,chs,5.199928922817935
Direct MDT,46,ami,0.572959192244326
Direct MDT,46,ari,0.40608588824537956
Direct MDT,47,chs,5.199133052553308
Direct MDT,47,ami,0.589764194398863
Direct MDT,47,ari,0.43450279963144095
Direct MDT,48,chs,5.231849500170253
Direct MDT,48,ami,0.5959863556915197
Direct MDT,48,ari,0.42928890194597163
Direct MDT,49,chs,5.176495586832929
Direct MDT,49,ami,0.5911872065227314
Direct MDT,49,ari,0.3964148296851073
Direct MDT,50,chs,5.2197249047334235
Direct MDT,50,ami,0.5959914533821729
Direct MDT,50,ari,0.4059360908606552
Direct MDT,51,chs,5.21138620880149
Direct MDT,51,ami,0.6026659140565357
Direct MDT,51,ari,0.41188415919703025
Direct MDT,52,chs,5.202705566253541
Direct MDT,52,ami,0.5926950657403101
Direct MDT,52,ari,0.4330384230058277
Direct MDT,53,chs,5.151469045557782
Direct MDT,53,ami,0.6052113669752784
Direct MDT,53,ari,0.45263232884519483
Direct MDT,54,chs,5.167175849716047
Direct MDT,54,ami,0.5982231594841044
Direct MDT,54,ari,0.43611584327086883
Direct MDT,55,chs,5.21138620880149
Direct MDT,55,ami,0.6026659140565356
Direct MDT,55,ari,0.41188415919703025
Direct MDT,56,chs,5.184074940484327
Direct MDT,56,ami,0.5961363873048559
Direct MDT,56,ari,0.41610521644410375
Direct MDT,57,chs,5.1847982126912395
Direct MDT,57,ami,0.6018328437716379
Direct MDT,57,ari,0.4249270450908406
Direct MDT,58,chs,5.228272921071819
Direct MDT,58,ami,0.593051449891489
Direct MDT,58,ari,0.43072361116966706
Direct MDT,59,chs,5.187252111268424
Direct MDT,59,ami,0.6058623032364132
Direct MDT,59,ari,0.42935424378723347
Direct MDT,60,chs,5.2009649536378975
Direct MDT,60,ami,0.5993249426239411
Direct MDT,60,ari,0.4196042666243705
Direct MDT,61,chs,5.206751248550244
Direct MDT,61,ami,0.5930514498914891
Direct MDT,61,ari,0.43072361116966706
Direct MDT,62,chs,5.22527287940676
Direct MDT,62,ami,0.5961085660252502
Direct MDT,62,ari,0.40244326748366643
Direct MDT,63,chs,5.038764378030394
Direct MDT,63,ami,0.5753109973353645
Direct MDT,63,ari,0.4352123146892902
Direct MDT,64,chs,5.205677435042515
Direct MDT,64,ami,0.5975564021545575
Direct MDT,64,ari,0.40879519171849127
Direct MDT,65,chs,5.2061264497380995
Direct MDT,65,ami,0.5889561052837203
Direct MDT,65,ari,0.41370396070587917
Direct MDT,66,chs,5.219724904733424
Direct MDT,66,ami,0.595991453382173
Direct MDT,66,ari,0.4059360908606552
Direct MDT,67,chs,5.197657750010973
Direct MDT,67,ami,0.6462926634328822
Direct MDT,67,ari,0.3590276095208427
Direct MDT,68,chs,5.231849500170253
Direct MDT,68,ami,0.5959863556915198
Direct MDT,68,ari,0.42928890194597163
Direct MDT,69,chs,5.175829535016141
Direct MDT,69,ami,0.5863786041503875
Direct MDT,69,ari,0.42282894103737917
Direct MDT,70,chs,5.21138620880149
Direct MDT,70,ami,0.6026659140565357
Direct MDT,70,ari,0.41188415919703025
Direct MDT,71,chs,5.2061264497380995
Direct MDT,71,ami,0.5889561052837203
Direct MDT,71,ari,0.41370396070587917
Direct MDT,72,chs,5.191110952104548
Direct MDT,72,ami,0.5854433839756665
Direct MDT,72,ari,0.4258091812989211
Direct MDT,73,chs,5.202919058358048
Direct MDT,73,ami,0.5926950657403102
Direct MDT,73,ari,0.4330384230058277
Direct MDT,74,chs,5.22527287940676
Direct MDT,74,ami,0.5961085660252501
Direct MDT,74,ari,0.40244326748366643
Direct MDT,75,chs,5.199928922817935
Direct MDT,75,ami,0.572959192244326
Direct MDT,75,ari,0.40608588824537956
Direct MDT,76,chs,5.219724904733424
Direct MDT,76,ami,0.5959914533821729
Direct MDT,76,ari,0.4059360908606552
Direct MDT,77,chs,5.202624283972612
Direct MDT,77,ami,0.5860150619231778
Direct MDT,77,ari,0.41503013406584394
Direct MDT,78,chs,5.188954440918966
Direct MDT,78,ami,0.5992990903232598
Direct MDT,78,ari,0.44380182862002976
Direct MDT,79,chs,5.228272921071818
Direct MDT,79,ami,0.5930514498914891
Direct MDT,79,ari,0.43072361116966706
Direct MDT,80,chs,5.206096242994858
Direct MDT,80,ami,0.5877404910091811
Direct MDT,80,ari,0.42785631388341233
Direct MDT,81,chs,5.219724904733424
Direct MDT,81,ami,0.5959914533821729
Direct MDT,81,ari,0.4059360908606552
Direct MDT,82,chs,5.199928922817933
Direct MDT,82,ami,0.5729591922443263
Direct MDT,82,ari,0.40608588824537956
Direct MDT,83,chs,5.193072837578607
Direct MDT,83,ami,0.5991853066918517
Direct MDT,83,ari,0.44350462589082046
Direct MDT,84,chs,5.196493563373495
Direct MDT,84,ami,0.5815660673216241
Direct MDT,84,ari,0.42033805515636763
Direct MDT,85,chs,4.994601915667868
Direct MDT,85,ami,0.5772841701664482
Direct MDT,85,ari,0.4213331112868979
Direct MDT,86,chs,5.194676712282955
Direct MDT,86,ami,0.5883740646180152
Direct MDT,86,ari,0.4243917505510396
Direct MDT,87,chs,5.0154416484592605
Direct MDT,87,ami,0.5710908740246353
Direct MDT,87,ari,0.41868366961701414
Direct MDT,88,chs,5.231849500170253
Direct MDT,88,ami,0.5959863556915198
Direct MDT,88,ari,0.42928890194597163
Direct MDT,89,chs,5.21138620880149
Direct MDT,89,ami,0.6026659140565357
Direct MDT,89,ari,0.41188415919703025
Direct MDT,90,chs,5.219724904733424
Direct MDT,90,ami,0.5959914533821729
Direct MDT,90,ari,0.4059360908606552
Direct MDT,91,chs,5.214506096583096
Direct MDT,91,ami,0.5819466818797032
Direct MDT,91,ari,0.42180593559250684
Direct MDT,92,chs,5.206821325280508
Direct MDT,92,ami,0.5926950657403102
Direct MDT,92,ari,0.4330384230058277
Direct MDT,93,chs,5.231849500170254
Direct MDT,93,ami,0.5959863556915197
Direct MDT,93,ari,0.42928890194597163
Direct MDT,94,chs,5.231849500170253
Direct MDT,94,ami,0.5959863556915196
Direct MDT,94,ari,0.42928890194597163
Direct MDT,95,chs,5.202705566253539
Direct MDT,95,ami,0.5926950657403101
Direct MDT,95,ari,0.4330384230058277
Direct MDT,96,chs,5.22527287940676
Direct MDT,96,ami,0.5961085660252502
Direct MDT,96,ari,0.40244326748366643
Direct MDT,97,chs,5.210244885846108
Direct MDT,97,ami,0.5825237402772944
Direct MDT,97,ari,0.42011163805766566
Direct MDT,98,chs,5.231849500170253
Direct MDT,98,ami,0.5959863556915198
Direct MDT,98,ari,0.42928890194597163
Direct MDT,99,chs,5.21788951327883
Direct MDT,99,ami,0.6025946780577363
Direct MDT,99,ari,0.4399426620009275
Beam-Search MDT,0,chs,5.120135223129155
Beam-Search MDT,0,ami,0.5833688894883924
Beam-Search MDT,0,ari,0.41093395315961884
Beam-Search MDT,1,chs,5.131729095899648
Beam-Search MDT,1,ami,0.5853129885744748
Beam-Search MDT,1,ari,0.4198518022355256
Beam-Search MDT,2,chs,5.139762104451437
Beam-Search MDT,2,ami,0.5898178760167914
Beam-Search MDT,2,ari,0.40127792221230585
Beam-Search MDT,3,chs,5.18680872546057
Beam-Search MDT,3,ami,0.5893697530048596
Beam-Search MDT,3,ari,0.4244411949028619
Beam-Search MDT,4,chs,4.80281744878924
Beam-Search MDT,4,ami,0.5556733587678685
Beam-Search MDT,4,ari,0.34360131967355445
Beam-Search MDT,5,chs,5.1273643921397305
Beam-Search MDT,5,ami,0.5782472865320769
Beam-Search MDT,5,ari,0.4045631608235949
Beam-Search MDT,6,chs,5.125229131763967
Beam-Search MDT,6,ami,0.5892498580326188
Beam-Search MDT,6,ari,0.424158906474019
Beam-Search MDT,7,chs,5.13179086745749
Beam-Search MDT,7,ami,0.5656746240304009
Beam-Search MDT,7,ari,0.4017172263603956
Beam-Search MDT,8,chs,5.184463023706352
Beam-Search MDT,8,ami,0.5846415399175978
Beam-Search MDT,8,ari,0.39212273576999934
Beam-Search MDT,9,chs,5.13743676260258
Beam-Search MDT,9,ami,0.5997816136607738
Beam-Search MDT,9,ari,0.434735797083211
Beam-Search MDT,10,chs,5.146991354794449
Beam-Search MDT,10,ami,0.5846663396197073
Beam-Search MDT,10,ari,0.395228684723783
Beam-Search MDT,11,chs,5.181093296595894
Beam-Search MDT,11,ami,0.5997816136607736
Beam-Search MDT,11,ari,0.434735797083211
Beam-Search MDT,12,chs,5.1675631578309815
Beam-Search MDT,12,ami,0.5814761875751435
Beam-Search MDT,12,ari,0.4069276336207478
Beam-Search MDT,13,chs,5.142984021372151
Beam-Search MDT,13,ami,0.5764349074535513
Beam-Search MDT,13,ari,0.39062072202448467
Beam-Search MDT,14,chs,5.127364392139731
Beam-Search MDT,14,ami,0.5782472865320769
Beam-Search MDT,14,ari,0.4045631608235949
Beam-Search MDT,15,chs,5.181093296595894
Beam-Search MDT,15,ami,0.5997816136607735
Beam-Search MDT,15,ari,0.434735797083211
Beam-Search MDT,16,chs,5.181093296595894
Beam-Search MDT,16,ami,0.5997816136607736
Beam-Search MDT,16,ari,0.434735797083211
Beam-Search MDT,17,chs,5.142716579137898
Beam-Search MDT,17,ami,0.5782472865320767
Beam-Search MDT,17,ari,0.4045631608235949
Beam-Search MDT,18,chs,5.155108075765086
Beam-Search MDT,18,ami,0.5801524070365107
Beam-Search MDT,18,ari,0.41647555907656814
Beam-Search MDT,19,chs,5.1549567302121675
Beam-Search MDT,19,ami,0.5997816136607735
Beam-Search MDT,19,ari,0.434735797083211
Beam-Search MDT,20,chs,5.181093296595894
Beam-Search MDT,20,ami,0.5997816136607736
Beam-Search MDT,20,ari,0.434735797083211
Beam-Search MDT,21,chs,5.145106017242372
Beam-Search MDT,21,ami,0.5763334652111998
Beam-Search MDT,21,ari,0.4124322139043397
Beam-Search MDT,22,chs,5.12986608239913
Beam-Search MDT,22,ami,0.581580913841612
Beam-Search MDT,22,ari,0.39672032692282583
Beam-Search MDT,23,chs,5.085606050277858
Beam-Search MDT,23,ami,0.5790290801364099
Beam-Search MDT,23,ari,0.4058457050154731
Beam-Search MDT,24,chs,5.078371989829992
Beam-Search MDT,24,ami,0.5815809138416121
Beam-Search MDT,24,ari,0.39672032692282583
Beam-Search MDT,25,chs,5.068693098960969
Beam-Search MDT,25,ami,0.576413319555005
Beam-Search MDT,25,ari,0.4074545031926385
Beam-Search MDT,26,chs,5.139762104451436
Beam-Search MDT,26,ami,0.5898178760167915
Beam-Search MDT,26,ari,0.40127792221230585
Beam-Search MDT,27,chs,5.154956730212167
Beam-Search MDT,27,ami,0.5997816136607739
Beam-Search MDT,27,ari,0.434735797083211
Beam-Search MDT,28,chs,5.170270847148866
Beam-Search MDT,28,ami,0.5992661914383227
Beam-Search MDT,28,ari,0.40895738706212714
Beam-Search MDT,29,chs,5.146991354794449
Beam-Search MDT,29,ami,0.5846663396197074
Beam-Search MDT,29,ari,0.395228684723783
Beam-Search MDT,30,chs,5.139762104451436
Beam-Search MDT,30,ami,0.5898178760167915
Beam-Search MDT,30,ari,0.40127792221230585
Beam-Search MDT,31,chs,5.150562004608246
Beam-Search MDT,31,ami,0.5927620435660025
Beam-Search MDT,31,ari,0.41900915235336517
Beam-Search MDT,32,chs,5.146991354794451
Beam-Search MDT,32,ami,0.5846663396197073
Beam-Search MDT,32,ari,0.395228684723783
Beam-Search MDT,33,chs,5.1378313766217
Beam-Search MDT,33,ami,0.5814395522908419
Beam-Search MDT,33,ari,0.41898778359511346
Beam-Search MDT,34,chs,5.144203546966992
Beam-Search MDT,34,ami,0.566948996258732
Beam-Search MDT,34,ari,0.3926171333144789
Beam-Search MDT,35,chs,5.134648454085819
Beam-Search MDT,35,ami,0.5910187493116975
Beam-Search MDT,35,ari,0.4044698721214259
Beam-Search MDT,36,chs,5.125229131763969
Beam-Search MDT,36,ami,0.5892498580326186
Beam-Search MDT,36,ari,0.424158906474019
Beam-Search MDT,37,chs,5.181093296595893
Beam-Search MDT,37,ami,0.5997816136607738
Beam-Search MDT,37,ari,0.434735797083211
Beam-Search MDT,38,chs,5.181093296595893
Beam-Search MDT,38,ami,0.5997816136607735
Beam-Search MDT,38,ari,0.434735797083211
Beam-Search MDT,39,chs,5.149629608877621
Beam-Search MDT,39,ami,0.5676731117843667
Beam-Search MDT,39,ari,0.3944271023364549
Beam-Search MDT,40,chs,5.18680872546057
Beam-Search MDT,40,ami,0.5893697530048597
Beam-Search MDT,40,ari,0.4244411949028619
Beam-Search MDT,41,chs,5.144148457014048
Beam-Search MDT,41,ami,0.5910636811685317
Beam-Search MDT,41,ari,0.41577945998461724
Beam-Search MDT,42,chs,5.135727405206066
Beam-Search MDT,42,ami,0.5815809138416121
Beam-Search MDT,42,ari,0.39672032692282583
Beam-Search MDT,43,chs,5.092860387191697
Beam-Search MDT,43,ami,0.5669489962587322
Beam-Search MDT,43,ari,0.3926171333144789
Beam-Search MDT,44,chs,5.181093296595894
Beam-Search MDT,44,ami,0.5997816136607736
Beam-Search MDT,44,ari,0.434735797083211
Beam-Search MDT,45,chs,5.131729095899648
Beam-Search MDT,45,ami,0.5853129885744747
Beam-Search MDT,45,ari,0.4198518022355256
Beam-Search MDT,46,chs,5.173334551392072
Beam-Search MDT,46,ami,0.5803998331681971
Beam-Search MDT,46,ari,0.39471390850795385
Beam-Search MDT,47,chs,5.138771713357466
Beam-Search MDT,47,ami,0.5893354919085873
Beam-Search MDT,47,ari,0.36414065328335027
Beam-Search MDT,48,chs,5.170270847148866
Beam-Search MDT,48,ami,0.5992661914383229
Beam-Search MDT,48,ari,0.40895738706212714
Beam-Search MDT,49,chs,5.181093296595894
Beam-Search MDT,49,ami,0.5997816136607738
Beam-Search MDT,49,ari,0.434735797083211
Beam-Search MDT,50,chs,5.1496296088776194
Beam-Search MDT,50,ami,0.5676731117843669
Beam-Search MDT,50,ari,0.3944271023364549
Beam-Search MDT,51,chs,4.832673910045091
Beam-Search MDT,51,ami,0.5787043666993761
Beam-Search MDT,51,ari,0.41093395315961884
Beam-Search MDT,52,chs,5.1549567302121675
Beam-Search MDT,52,ami,0.5997816136607739
Beam-Search MDT,52,ari,0.434735797083211
Beam-Search MDT,53,chs,5.139762104451438
Beam-Search MDT,53,ami,0.5898178760167917
Beam-Search MDT,53,ari,0.40127792221230585
Beam-Search MDT,54,chs,5.1537137301658165
Beam-Search MDT,54,ami,0.5751898309991692
Beam-Search MDT,54,ari,0.38447958144869265
Beam-Search MDT,55,chs,5.144759597221171
Beam-Search MDT,55,ami,0.572114576477862
Beam-Search MDT,55,ari,0.4126731234190041
Beam-Search MDT,56,chs,5.181093296595894
Beam-Search MDT,56,ami,0.5997816136607736
Beam-Search MDT,56,ari,0.434735797083211
Beam-Search MDT,57,chs,4.847374692541728
Beam-Search MDT,57,ami,0.5779984485748735
Beam-Search MDT,57,ari,0.3875505804938925
Beam-Search MDT,58,chs,4.991032932453055
Beam-Search MDT,58,ami,0.5662763006320871
Beam-Search MDT,58,ari,0.4453260095615909
Beam-Search MDT,59,chs,4.741600894128614
Beam-Search MDT,59,ami,0.5611937154336711
Beam-Search MDT,59,ari,0.3664392402729117
Beam-Search MDT,60,chs,5.181093296595894
Beam-Search MDT,60,ami,0.5997816136607735
Beam-Search MDT,60,ari,0.434735797083211
Beam-Search MDT,61,chs,5.181093296595894
Beam-Search MDT,61,ami,0.5997816136607736
Beam-Search MDT,61,ari,0.434735797083211
Beam-Search MDT,62,chs,5.18680872546057
Beam-Search MDT,62,ami,0.5893697530048598
Beam-Search MDT,62,ari,0.4244411949028619
Beam-Search MDT,63,chs,5.144203546966992
Beam-Search MDT,63,ami,0.5669489962587321
Beam-Search MDT,63,ari,0.3926171333144789
Beam-Search MDT,64,chs,5.181093296595894
Beam-Search MDT,64,ami,0.5997816136607739
Beam-Search MDT,64,ari,0.434735797083211
Beam-Search MDT,65,chs,5.126721673608266
Beam-Search MDT,65,ami,0.5707107279093306
Beam-Search MDT,65,ari,0.4079051713343629
Beam-Search MDT,66,chs,5.1378313766217
Beam-Search MDT,66,ami,0.5814395522908421
Beam-Search MDT,66,ari,0.41898778359511346
Beam-Search MDT,67,chs,5.142984021372151
Beam-Search MDT,67,ami,0.576434907453551
Beam-Search MDT,67,ari,0.39062072202448467
Beam-Search MDT,68,chs,5.181093296595893
Beam-Search MDT,68,ami,0.5997816136607736
Beam-Search MDT,68,ari,0.434735797083211
Beam-Search MDT,69,chs,5.181093296595894
Beam-Search MDT,69,ami,0.5997816136607736
Beam-Search MDT,69,ari,0.434735797083211
Beam-Search MDT,70,chs,5.181093296595894
Beam-Search MDT,70,ami,0.5997816136607735
Beam-Search MDT,70,ari,0.434735797083211
Beam-Search MDT,71,chs,4.902794206187784
Beam-Search MDT,71,ami,0.5588383636999072
Beam-Search MDT,71,ari,0.3825056478141968
Beam-Search MDT,72,chs,4.789641155881925
Beam-Search MDT,72,ami,0.5601656114272252
Beam-Search MDT,72,ari,0.3746390362426694
Beam-Search MDT,73,chs,5.1273643921397305
Beam-Search MDT,73,ami,0.5782472865320769
Beam-Search MDT,73,ari,0.4045631608235949
Beam-Search MDT,74,chs,5.146991354794449
Beam-Search MDT,74,ami,0.5846663396197073
Beam-Search MDT,74,ari,0.395228684723783
Beam-Search MDT,75,chs,5.153713730165816
Beam-Search MDT,75,ami,0.5751898309991694
Beam-Search MDT,75,ari,0.38447958144869265
Beam-Search MDT,76,chs,5.170270847148866
Beam-Search MDT,76,ami,0.5992661914383227
Beam-Search MDT,76,ari,0.40895738706212714
Beam-Search MDT,77,chs,5.014938516593699
Beam-Search MDT,77,ami,0.6285630017979041
Beam-Search MDT,77,ari,0.3361355533021491
Beam-Search MDT,78,chs,5.181093296595894
Beam-Search MDT,78,ami,0.5997816136607736
Beam-Search MDT,78,ari,0.434735797083211
Beam-Search MDT,79,chs,5.12736439213973
Beam-Search MDT,79,ami,0.5782472865320771
Beam-Search MDT,79,ari,0.4045631608235949
Beam-Search MDT,80,chs,5.1378313766217
Beam-Search MDT,80,ami,0.581439552290842
Beam-Search MDT,80,ari,0.41898778359511346
Beam-Search MDT,81,chs,5.16098672336537
Beam-Search MDT,81,ami,0.5700361166106882
Beam-Search MDT,81,ari,0.378476109588336
Beam-Search MDT,82,chs,5.186808725460571
Beam-Search MDT,82,ami,0.5893697530048598
Beam-Search MDT,82,ari,0.4244411949028619
Beam-Search MDT,83,chs,5.18680872546057
Beam-Search MDT,83,ami,0.5893697530048596
Beam-Search MDT,83,ari,0.4244411949028619
Beam-Search MDT,84,chs,5.150562004608246
Beam-Search MDT,84,ami,0.5927620435660026
Beam-Search MDT,84,ari,0.41900915235336517
Beam-Search MDT,85,chs,5.149895648557931
Beam-Search MDT,85,ami,0.5658097063735943
Beam-Search MDT,85,ari,0.38094125283998703
Beam-Search MDT,86,chs,5.167563157830981
Beam-Search MDT,86,ami,0.5814761875751433
Beam-Search MDT,86,ari,0.4069276336207478
Beam-Search MDT,87,chs,5.104454052092295
Beam-Search MDT,87,ami,0.5798166090010494
Beam-Search MDT,87,ari,0.3998845157045213
Beam-Search MDT,88,chs,5.181093296595894
Beam-Search MDT,88,ami,0.5997816136607736
Beam-Search MDT,88,ari,0.434735797083211
Beam-Search MDT,89,chs,5.173334551392073
Beam-Search MDT,89,ami,0.5803998331681972
Beam-Search MDT,89,ari,0.39471390850795385
Beam-Search MDT,90,chs,5.125229131763969
Beam-Search MDT,90,ami,0.5892498580326186
Beam-Search MDT,90,ari,0.424158906474019
Beam-Search MDT,91,chs,5.115228554208869
Beam-Search MDT,91,ami,0.5869915762122597
Beam-Search MDT,91,ari,0.4113161630500913
Beam-Search MDT,92,chs,5.181093296595894
Beam-Search MDT,92,ami,0.5997816136607738
Beam-Search MDT,92,ari,0.434735797083211
Beam-Search MDT,93,chs,5.181093296595894
Beam-Search MDT,93,ami,0.5997816136607736
Beam-Search MDT,93,ari,0.434735797083211
Beam-Search MDT,94,chs,5.181093296595894
Beam-Search MDT,94,ami,0.5997816136607736
Beam-Search MDT,94,ari,0.434735797083211
Beam-Search MDT,95,chs,5.181093296595893
Beam-Search MDT,95,ami,0.5997816136607736
Beam-Search MDT,95,ari,0.434735797083211
Beam-Search MDT,96,chs,4.833348190727885
Beam-Search MDT,96,ami,0.5588948607992176
Beam-Search MDT,96,ari,0.39246941120800377
Beam-Search MDT,97,chs,5.181093296595894
Beam-Search MDT,97,ami,0.5997816136607736
Beam-Search MDT,97,ari,0.434735797083211
Beam-Search MDT,98,chs,4.964316379146112
Beam-Search MDT,98,ami,0.5606161230650499
Beam-Search MDT,98,ari,0.36722182358346867
Beam-Search MDT,99,chs,5.181093296595894
Beam-Search MDT,99,ami,0.5997816136607735
Beam-Search MDT,99,ari,0.434735797083211
Contrastive MDT,0,chs,5.162903597014267
Contrastive MDT,0,ami,0.5718210177630326
Contrastive MDT,0,ari,0.39912120597579936
Contrastive MDT,1,chs,5.174849822814978
Contrastive MDT,1,ami,0.5977890917005674
Contrastive MDT,1,ari,0.41486141144092786
Contrastive MDT,2,chs,5.192200574545859
Contrastive MDT,2,ami,0.5852328857863179
Contrastive MDT,2,ari,0.4198302501503139
Contrastive MDT,3,chs,5.161571208526425
Contrastive MDT,3,ami,0.5878687247662754
Contrastive MDT,3,ari,0.4232405340521417
Contrastive MDT,4,chs,5.206887749990629
Contrastive MDT,4,ami,0.6025946780577335
Contrastive MDT,4,ari,0.4399426620009275
Contrastive MDT,5,chs,5.033361137919298
Contrastive MDT,5,ami,0.5507877449034844
Contrastive MDT,5,ari,0.4146775410279403
Contrastive MDT,6,chs,5.171085086891599
Contrastive MDT,6,ami,0.5675888388762022
Contrastive MDT,6,ari,0.3980125735145001
Contrastive MDT,7,chs,5.173390437909011
Contrastive MDT,7,ami,0.5904322766427187
Contrastive MDT,7,ari,0.40701910023253624
Contrastive MDT,8,chs,5.206887749990627
Contrastive MDT,8,ami,0.6025946780577335
Contrastive MDT,8,ari,0.4399426620009275
Contrastive MDT,9,chs,5.17998911835416
Contrastive MDT,9,ami,0.5904134749666042
Contrastive MDT,9,ari,0.4275651528518814
Contrastive MDT,10,chs,5.209474150692986
Contrastive MDT,10,ami,0.5796821481679075
Contrastive MDT,10,ari,0.3838387730723286
Contrastive MDT,11,chs,5.177824765631363
Contrastive MDT,11,ami,0.5917323841659774
Contrastive MDT,11,ari,0.4301478330455292
Contrastive MDT,12,chs,5.1889084118809174
Contrastive MDT,12,ami,0.5852328857863179
Contrastive MDT,12,ari,0.4198302501503139
Contrastive MDT,13,chs,5.1743846352481375
Contrastive MDT,13,ami,0.5972272045476965
Contrastive MDT,13,ari,0.43158737516328854
Contrastive MDT,14,chs,5.2032347525247085
Contrastive MDT,14,ami,0.5920097842899483
Contrastive MDT,14,ari,0.427571171020083
Contrastive MDT,15,chs,5.174824875633629
Contrastive MDT,15,ami,0.5796042600551783
Contrastive MDT,15,ari,0.4162632713663914
Contrastive MDT,16,chs,5.183459542619233
Contrastive MDT,16,ami,0.5911431184802278
Contrastive MDT,16,ari,0.42985897273660384
Contrastive MDT,17,chs,4.923299998782903
Contrastive MDT,17,ami,0.5633934234020681
Contrastive MDT,17,ari,0.37838759807451766
Contrastive MDT,18,chs,5.20670624928153
Contrastive MDT,18,ami,0.5950603924652005
Contrastive MDT,18,ari,0.42644172547709525
Contrastive MDT,19,chs,5.193579648367316
Contrastive MDT,19,ami,0.6022839113395336
Contrastive MDT,19,ari,0.4183019439070294
Contrastive MDT,20,chs,5.192830627695058
Contrastive MDT,20,ami,0.5926950657403063
Contrastive MDT,20,ari,0.4330384230058277
Contrastive MDT,21,chs,5.221296360588195
Contrastive MDT,21,ami,0.5884418327092891
Contrastive MDT,21,ari,0.41594956003602856
Contrastive MDT,22,chs,5.1782976237439415
Contrastive MDT,22,ami,0.6008651331413456
Contrastive MDT,22,ari,0.41384982961889466
Contrastive MDT,23,chs,5.204076825632179
Contrastive MDT,23,ami,0.5878230535496785
Contrastive MDT,23,ari,0.39177414180301573
Contrastive MDT,24,chs,5.1782976237439415
Contrastive MDT,24,ami,0.6008651331413457
Contrastive MDT,24,ari,0.41384982961889466
Contrastive MDT,25,chs,5.1315159329737385
Contrastive MDT,25,ami,0.5833854839180468
Contrastive MDT,25,ari,0.41228249465178707
Contrastive MDT,26,chs,5.209833636244021
Contrastive MDT,26,ami,0.5878706859767615
Contrastive MDT,26,ari,0.38819982444758233
Contrastive MDT,27,chs,5.148697818121435
Contrastive MDT,27,ami,0.5826383466310049
Contrastive MDT,27,ari,0.4219792311395365
Contrastive MDT,28,chs,5.221296360588195
Contrastive MDT,28,ami,0.5884418327092891
Contrastive MDT,28,ari,0.41594956003602856
Contrastive MDT,29,chs,5.2212963605881955
Contrastive MDT,29,ami,0.5884418327092891
Contrastive MDT,29,ari,0.41594956003602856
Contrastive MDT,30,chs,5.193579648367316
Contrastive MDT,30,ami,0.6022839113395337
Contrastive MDT,30,ari,0.4183019439070294
Contrastive MDT,31,chs,5.164173181944965
Contrastive MDT,31,ami,0.6007829314067388
Contrastive MDT,31,ari,0.44350462589082046
Contrastive MDT,32,chs,5.1889631102101825
Contrastive MDT,32,ami,0.5656104835393657
Contrastive MDT,32,ari,0.3941914828061997
Contrastive MDT,33,chs,5.192200574545858
Contrastive MDT,33,ami,0.5852328857863178
Contrastive MDT,33,ari,0.4198302501503139
Contrastive MDT,34,chs,5.1990608902530795
Contrastive MDT,34,ami,0.5911431184802278
Contrastive MDT,34,ari,0.42985897273660384
Contrastive MDT,35,chs,5.199325816204408
Contrastive MDT,35,ami,0.5875536985414029
Contrastive MDT,35,ari,0.40994040621072686
Contrastive MDT,36,chs,5.209833636244022
Contrastive MDT,36,ami,0.5878706859767616
Contrastive MDT,36,ari,0.38819982444758233
Contrastive MDT,37,chs,5.183695094015282
Contrastive MDT,37,ami,0.590293720785661
Contrastive MDT,37,ari,0.42727972566309746
Contrastive MDT,38,chs,5.221564539710571
Contrastive MDT,38,ami,0.5959863556915161
Contrastive MDT,38,ari,0.42928890194597163
Contrastive MDT,39,chs,5.170584110917194
Contrastive MDT,39,ami,0.6018328437716342
Contrastive MDT,39,ari,0.4249270450908406
Contrastive MDT,40,chs,5.1662800068531185
Contrastive MDT,40,ami,0.5807607690032569
Contrastive MDT,40,ari,0.4181424072635066
Contrastive MDT,41,chs,5.22156453971057
Contrastive MDT,41,ami,0.5959863556915163
Contrastive MDT,41,ari,0.42928890194597163
Contrastive MDT,42,chs,5.221564539710571
Contrastive MDT,42,ami,0.5959863556915163
Contrastive MDT,42,ari,0.42928890194597163
Contrastive MDT,43,chs,4.88350252571156
Contrastive MDT,43,ami,0.5663600619545607
Contrastive MDT,43,ari,0.3701855118149635
Contrastive MDT,44,chs,5.182654280193753
Contrastive MDT,44,ami,0.5910231141908083
Contrastive MDT,44,ari,0.4272928777550082
Contrastive MDT,45,chs,5.188963110210184
Contrastive MDT,45,ami,0.565610483539366
Contrastive MDT,45,ari,0.3941914828061997
Contrastive MDT,46,chs,5.199325816204409
Contrastive MDT,46,ami,0.5875536985414028
Contrastive MDT,46,ari,0.40994040621072686
Contrastive MDT,47,chs,5.170521630958277
Contrastive MDT,47,ami,0.5792421210408578
Contrastive MDT,47,ari,0.4114351151282156
Contrastive MDT,48,chs,5.203882394396159
Contrastive MDT,48,ami,0.5795813889008797
Contrastive MDT,48,ari,0.38716404377954794
Contrastive MDT,49,chs,5.221296360588195
Contrastive MDT,49,ami,0.588441832709289
Contrastive MDT,49,ari,0.41594956003602856
Contrastive MDT,50,chs,5.199325816204409
Contrastive MDT,50,ami,0.5875536985414027
Contrastive MDT,50,ari,0.40994040621072686
Contrastive MDT,51,chs,5.2212963605881955
Contrastive MDT,51,ami,0.588441832709289
Contrastive MDT,51,ari,0.41594956003602856
Contrastive MDT,52,chs,5.221564539710571
Contrastive MDT,52,ami,0.5959863556915163
Contrastive MDT,52,ari,0.42928890194597163
Contrastive MDT,53,chs,5.1889631102101825
Contrastive MDT,53,ami,0.565610483539366
Contrastive MDT,53,ari,0.3941914828061997
Contrastive MDT,54,chs,5.20210410685461
Contrastive MDT,54,ami,0.5807365198642105
Contrastive MDT,54,ari,0.41952695038440535
Contrastive MDT,55,chs,5.174411010096651
Contrastive MDT,55,ami,0.5983807043910624
Contrastive MDT,55,ari,0.43879028064701997
Contrastive MDT,56,chs,5.195303748434944
Contrastive MDT,56,ami,0.5944410771884604
Contrastive MDT,56,ari,0.39746683520384063
Contrastive MDT,57,chs,5.181784539357239
Contrastive MDT,57,ami,0.5808237494009078
Contrastive MDT,57,ari,0.4110522436833396
Contrastive MDT,58,chs,5.203882394396159
Contrastive MDT,58,ami,0.5795813889008797
Contrastive MDT,58,ari,0.38716404377954794
Contrastive MDT,59,chs,5.193579648367316
Contrastive MDT,59,ami,0.6022839113395339
Contrastive MDT,59,ari,0.4183019439070294
Contrastive MDT,60,chs,5.194963442493911
Contrastive MDT,60,ami,0.586248074287479
Contrastive MDT,60,ari,0.39317991362083415
Contrastive MDT,61,chs,5.1792231687442944
Contrastive MDT,61,ami,0.5938933836788379
Contrastive MDT,61,ari,0.42418444730968125
Contrastive MDT,62,chs,5.22156453971057
Contrastive MDT,62,ami,0.5959863556915163
Contrastive MDT,62,ari,0.42928890194597163
Contrastive MDT,63,chs,5.22156453971057
Contrastive MDT,63,ami,0.595986355691516
Contrastive MDT,63,ari,0.42928890194597163
Contrastive MDT,64,chs,5.224336320221531
Contrastive MDT,64,ami,0.5780173116096892
Contrastive MDT,64,ari,0.4058217051053787
Contrastive MDT,65,chs,5.20670624928153
Contrastive MDT,65,ami,0.5950603924652003
Contrastive MDT,65,ari,0.42644172547709525
Contrastive MDT,66,chs,5.1889631102101825
Contrastive MDT,66,ami,0.5656104835393656
Contrastive MDT,66,ari,0.3941914828061997
Contrastive MDT,67,chs,5.195303748434943
Contrastive MDT,67,ami,0.5944410771884603
Contrastive MDT,67,ari,0.39746683520384063
Contrastive MDT,68,chs,5.198836431360509
Contrastive MDT,68,ami,0.5799700329199542
Contrastive MDT,68,ari,0.39722835910825466
Contrastive MDT,69,chs,5.193579648367316
Contrastive MDT,69,ami,0.6022839113395339
Contrastive MDT,69,ari,0.4183019439070294
Contrastive MDT,70,chs,5.192847708985748
Contrastive MDT,70,ami,0.5941988833646592
Contrastive MDT,70,ari,0.4040589206547317
Contrastive MDT,71,chs,5.1889631102101825
Contrastive MDT,71,ami,0.565610483539366
Contrastive MDT,71,ari,0.3941914828061997
Contrastive MDT,72,chs,5.178946512421105
Contrastive MDT,72,ami,0.6089371820473073
Contrastive MDT,72,ari,0.42827497786060775
Contrastive MDT,73,chs,5.203882394396159
Contrastive MDT,73,ami,0.5795813889008795
Contrastive MDT,73,ari,0.38716404377954794
Contrastive MDT,74,chs,5.189532329463265
Contrastive MDT,74,ami,0.5729591922443216
Contrastive MDT,74,ari,0.40608588824537956
Contrastive MDT,75,chs,5.024160164906109
Contrastive MDT,75,ami,0.5471108356020216
Contrastive MDT,75,ari,0.39868689776169525
Contrastive MDT,76,chs,5.2212963605881955
Contrastive MDT,76,ami,0.588441832709289
Contrastive MDT,76,ari,0.41594956003602856
Contrastive MDT,77,chs,5.206887749990628
Contrastive MDT,77,ami,0.6025946780577336
Contrastive MDT,77,ari,0.4399426620009275
Contrastive MDT,78,chs,5.189412981111256
Contrastive MDT,78,ami,0.5926950657403061
Contrastive MDT,78,ari,0.4330384230058277
Contrastive MDT,79,chs,5.17836708807425
Contrastive MDT,79,ami,0.599185306691848
Contrastive MDT,79,ari,0.44350462589082046
Contrastive MDT,80,chs,5.161536925893835
Contrastive MDT,80,ami,0.5862565134632215
Contrastive MDT,80,ari,0.39684707535021657
Contrastive MDT,81,chs,5.203882394396159
Contrastive MDT,81,ami,0.5795813889008795
Contrastive MDT,81,ari,0.38716404377954794
Contrastive MDT,82,chs,5.1958739155636104
Contrastive MDT,82,ami,0.583697055341365
Contrastive MDT,82,ari,0.39459879541480475
Contrastive MDT,83,chs,5.209833636244022
Contrastive MDT,83,ami,0.5878706859767615
Contrastive MDT,83,ari,0.38819982444758233
Contrastive MDT,84,chs,5.221296360588194
Contrastive MDT,84,ami,0.5884418327092891
Contrastive MDT,84,ari,0.41594956003602856
Contrastive MDT,85,chs,5.182654280193753
Contrastive MDT,85,ami,0.5910231141908084
Contrastive MDT,85,ari,0.4272928777550082
Contrastive MDT,86,chs,5.189532329463265
Contrastive MDT,86,ami,0.5729591922443217
Contrastive MDT,86,ari,0.40608588824537956
Contrastive MDT,87,chs,5.22156453971057
Contrastive MDT,87,ami,0.5959863556915161
Contrastive MDT,87,ari,0.42928890194597163
Contrastive MDT,88,chs,5.19496344249391
Contrastive MDT,88,ami,0.586248074287479
Contrastive MDT,88,ari,0.39317991362083415
Contrastive MDT,89,chs,5.195303748434944
Contrastive MDT,89,ami,0.5944410771884605
Contrastive MDT,89,ari,0.39746683520384063
Contrastive MDT,90,chs,5.221296360588195
Contrastive MDT,90,ami,0.5884418327092888
Contrastive MDT,90,ari,0.41594956003602856
Contrastive MDT,91,chs,5.206706249281531
Contrastive MDT,91,ami,0.5950603924652004
Contrastive MDT,91,ari,0.42644172547709525
Contrastive MDT,92,chs,5.177824765631364
Contrastive MDT,92,ami,0.5917323841659776
Contrastive MDT,92,ari,0.4301478330455292
Contrastive MDT,93,chs,5.195303748434944
Contrastive MDT,93,ami,0.5944410771884605
Contrastive MDT,93,ari,0.39746683520384063
Contrastive MDT,94,chs,5.177824765631363
Contrastive MDT,94,ami,0.5917323841659774
Contrastive MDT,94,ari,0.4301478330455292
Contrastive MDT,95,chs,5.202104106854608
Contrastive MDT,95,ami,0.5807365198642105
Contrastive MDT,95,ari,0.41952695038440535
Contrastive MDT,96,chs,5.206887749990627
Contrastive MDT,96,ami,0.6025946780577335
Contrastive MDT,96,ari,0.4399426620009275
Contrastive MDT,97,chs,5.181327456168095
Contrastive MDT,97,ami,0.5903703210711385
Contrastive MDT,97,ari,0.4043131592981361
Contrastive MDT,98,chs,5.2032347525247085
Contrastive MDT,98,ami,0.5920097842899483
Contrastive MDT,98,ari,0.427571171020083
Contrastive MDT,99,chs,5.1662800068531185
Contrastive MDT,99,ami,0.580760769003257
Contrastive MDT,99,ari,0.4181424072635066
Direct MDT (DBS),0,chs,5.229988553034411
Direct MDT (DBS),0,ami,0.5749656171455576
Direct MDT (DBS),0,ari,0.40685928081479944
Direct MDT (DBS),1,chs,5.244849946321882
Direct MDT (DBS),1,ami,0.5855072622834319
Direct MDT (DBS),1,ari,0.4173104494647903
Direct MDT (DBS),2,chs,5.244849946321882
Direct MDT (DBS),2,ami,0.5855072622834316
Direct MDT (DBS),2,ari,0.4173104494647903
Direct MDT (DBS),3,chs,5.205812024780706
Direct MDT (DBS),3,ami,0.5734184272373269
Direct MDT (DBS),3,ari,0.40022983843709864
Direct MDT (DBS),4,chs,5.235577536405585
Direct MDT (DBS),4,ami,0.5878706859767614
Direct MDT (DBS),4,ari,0.38819982444758233
Direct MDT (DBS),5,chs,5.229988553034409
Direct MDT (DBS),5,ami,0.5749656171455576
Direct MDT (DBS),5,ari,0.40685928081479944
Direct MDT (DBS),6,chs,5.237292463349934
Direct MDT (DBS),6,ami,0.5674643788510965
Direct MDT (DBS),6,ari,0.395509570331286
Direct MDT (DBS),7,chs,5.209475930398572
Direct MDT (DBS),7,ami,0.5993249426239371
Direct MDT (DBS),7,ari,0.4196042666243705
Direct MDT (DBS),8,chs,5.218391915029943
Direct MDT (DBS),8,ami,0.5690390602879956
Direct MDT (DBS),8,ari,0.40540127954258437
Direct MDT (DBS),9,chs,4.960331496046724
Direct MDT (DBS),9,ami,0.5663355885919944
Direct MDT (DBS),9,ari,0.40387185614191407
Direct MDT (DBS),10,chs,5.240404567516847
Direct MDT (DBS),10,ami,0.5930514498914862
Direct MDT (DBS),10,ari,0.43072361116966706
Direct MDT (DBS),11,chs,5.201517428709267
Direct MDT (DBS),11,ami,0.5942927348930763
Direct MDT (DBS),11,ari,0.4330384230058277
Direct MDT (DBS),12,chs,5.217595055056095
Direct MDT (DBS),12,ami,0.5780044429072088
Direct MDT (DBS),12,ari,0.42120226885670453
Direct MDT (DBS),13,chs,5.229988553034409
Direct MDT (DBS),13,ami,0.5749656171455575
Direct MDT (DBS),13,ari,0.40685928081479944
Direct MDT (DBS),14,chs,5.216884030670049
Direct MDT (DBS),14,ami,0.5656104835393659
Direct MDT (DBS),14,ari,0.3941914828061997
Direct MDT (DBS),15,chs,5.210409846724468
Direct MDT (DBS),15,ami,0.5628713718685703
Direct MDT (DBS),15,ari,0.3956709607075072
Direct MDT (DBS),16,chs,5.244849946321882
Direct MDT (DBS),16,ami,0.585507262283432
Direct MDT (DBS),16,ari,0.4173104494647903
Direct MDT (DBS),17,chs,5.214022578472242
Direct MDT (DBS),17,ami,0.5881702701149684
Direct MDT (DBS),17,ari,0.42871346749009226
Direct MDT (DBS),18,chs,5.18685798402043
Direct MDT (DBS),18,ami,0.5841719502086059
Direct MDT (DBS),18,ari,0.43217144551268477
Direct MDT (DBS),19,chs,5.213553563899921
Direct MDT (DBS),19,ami,0.5729591922443218
Direct MDT (DBS),19,ari,0.40608588824537956
Direct MDT (DBS),20,chs,5.2448499463218825
Direct MDT (DBS),20,ami,0.5855072622834319
Direct MDT (DBS),20,ari,0.4173104494647903
Direct MDT (DBS),21,chs,5.16205508102562
Direct MDT (DBS),21,ami,0.5593455465632181
Direct MDT (DBS),21,ari,0.39166770959353664
Direct MDT (DBS),22,chs,5.22808042586307
Direct MDT (DBS),22,ami,0.5732579794287377
Direct MDT (DBS),22,ari,0.406539267524321
Direct MDT (DBS),23,chs,5.249048047995026
Direct MDT (DBS),23,ami,0.588441832709289
Direct MDT (DBS),23,ari,0.41594956003602856
Direct MDT (DBS),24,chs,5.244849946321882
Direct MDT (DBS),24,ami,0.5855072622834318
Direct MDT (DBS),24,ari,0.4173104494647903
Direct MDT (DBS),25,chs,5.252194099192692
Direct MDT (DBS),25,ami,0.5780173116096889
Direct MDT (DBS),25,ari,0.4058217051053787
Direct MDT (DBS),26,chs,5.244849946321882
Direct MDT (DBS),26,ami,0.5855072622834319
Direct MDT (DBS),26,ari,0.4173104494647903
Direct MDT (DBS),27,chs,5.212930462530873
Direct MDT (DBS),27,ami,0.5912394161430924
Direct MDT (DBS),27,ari,0.40528507827086024
Direct MDT (DBS),28,chs,5.21761427656016
Direct MDT (DBS),28,ami,0.5784042758239241
Direct MDT (DBS),28,ari,0.38065992752241085
Direct MDT (DBS),29,chs,5.190200077447922
Direct MDT (DBS),29,ami,0.5770490559197416
Direct MDT (DBS),29,ari,0.4200905560929111
Direct MDT (DBS),30,chs,5.235577536405585
Direct MDT (DBS),30,ami,0.5878706859767614
Direct MDT (DBS),30,ari,0.38819982444758233
Direct MDT (DBS),31,chs,5.244849946321882
Direct MDT (DBS),31,ami,0.5855072622834319
Direct MDT (DBS),31,ari,0.4173104494647903
Direct MDT (DBS),32,chs,5.229988553034409
Direct MDT (DBS),32,ami,0.5749656171455576
Direct MDT (DBS),32,ari,0.40685928081479944
Direct MDT (DBS),33,chs,5.244849946321882
Direct MDT (DBS),33,ami,0.5855072622834318
Direct MDT (DBS),33,ari,0.4173104494647903
Direct MDT (DBS),34,chs,5.2168310781508715
Direct MDT (DBS),34,ami,0.5882121241426983
Direct MDT (DBS),34,ari,0.43130358631015436
Direct MDT (DBS),35,chs,5.184957410084444
Direct MDT (DBS),35,ami,0.5614808403582109
Direct MDT (DBS),35,ari,0.3939542150669112
Direct MDT (DBS),36,chs,5.240404567516847
Direct MDT (DBS),36,ami,0.5930514498914858
Direct MDT (DBS),36,ari,0.43072361116966706
Direct MDT (DBS),37,chs,5.235577536405585
Direct MDT (DBS),37,ami,0.5878706859767616
Direct MDT (DBS),37,ari,0.38819982444758233
Direct MDT (DBS),38,chs,5.244849946321882
Direct MDT (DBS),38,ami,0.5855072622834319
Direct MDT (DBS),38,ari,0.4173104494647903
Direct MDT (DBS),39,chs,5.195063694003057
Direct MDT (DBS),39,ami,0.5818010102099761
Direct MDT (DBS),39,ari,0.39753879079721777
Direct MDT (DBS),40,chs,5.230485465838634
Direct MDT (DBS),40,ami,0.5794598378172883
Direct MDT (DBS),40,ari,0.41558332984993523
Direct MDT (DBS),41,chs,5.2448499463218825
Direct MDT (DBS),41,ami,0.5855072622834319
Direct MDT (DBS),41,ari,0.4173104494647903
Direct MDT (DBS),42,chs,5.229988553034411
Direct MDT (DBS),42,ami,0.5749656171455576
Direct MDT (DBS),42,ari,0.40685928081479944
Direct MDT (DBS),43,chs,5.235577536405585
Direct MDT (DBS),43,ami,0.5878706859767614
Direct MDT (DBS),43,ari,0.38819982444758233
Direct MDT (DBS),44,chs,5.196670052585055
Direct MDT (DBS),44,ami,0.5942594991018614
Direct MDT (DBS),44,ari,0.41213938303684455
Direct MDT (DBS),45,chs,5.225895006983509
Direct MDT (DBS),45,ami,0.5799700329199544
Direct MDT (DBS),45,ari,0.39722835910825466
Direct MDT (DBS),46,chs,5.235205575204604
Direct MDT (DBS),46,ami,0.5796821481679075
Direct MDT (DBS),46,ari,0.3838387730723286
Direct MDT (DBS),47,chs,5.235205575204604
Direct MDT (DBS),47,ami,0.5796821481679073
Direct MDT (DBS),47,ari,0.3838387730723286
Direct MDT (DBS),48,chs,5.186889193474895
Direct MDT (DBS),48,ami,0.5749285016596508
Direct MDT (DBS),48,ari,0.4100478273310714
Direct MDT (DBS),49,chs,5.226348045622913
Direct MDT (DBS),49,ami,0.586929765134453
Direct MDT (DBS),49,ari,0.42870600807075265
Direct MDT (DBS),50,chs,5.22092107574099
Direct MDT (DBS),50,ami,0.5807468010093978
Direct MDT (DBS),50,ari,0.4180978374973756
Direct MDT (DBS),51,chs,5.220921075740989
Direct MDT (DBS),51,ami,0.5807468010093978
Direct MDT (DBS),51,ari,0.4180978374973756
Direct MDT (DBS),52,chs,5.212295257375182
Direct MDT (DBS),52,ami,0.5823024780055733
Direct MDT (DBS),52,ari,0.42122118747629683
Direct MDT (DBS),53,chs,5.213553563899919
Direct MDT (DBS),53,ami,0.5729591922443216
Direct MDT (DBS),53,ari,0.40608588824537956
Direct MDT (DBS),54,chs,5.172454705295871
Direct MDT (DBS),54,ami,0.5750065458381068
Direct MDT (DBS),54,ari,0.4272597975018659
Direct MDT (DBS),55,chs,5.075181383699352
Direct MDT (DBS),55,ami,0.5567102843255454
Direct MDT (DBS),55,ari,0.4172968200395893
Direct MDT (DBS),56,chs,5.184957410084444
Direct MDT (DBS),56,ami,0.561480840358211
Direct MDT (DBS),56,ari,0.3939542150669112
Direct MDT (DBS),57,chs,5.212930462530874
Direct MDT (DBS),57,ami,0.5912394161430926
Direct MDT (DBS),57,ari,0.40528507827086024
Direct MDT (DBS),58,chs,4.965238186608668
Direct MDT (DBS),58,ami,0.5600964789740407
Direct MDT (DBS),58,ari,0.3897598729906728
Direct MDT (DBS),59,chs,5.230485465838634
Direct MDT (DBS),59,ami,0.5794598378172885
Direct MDT (DBS),59,ari,0.41558332984993523
Direct MDT (DBS),60,chs,5.230485465838634
Direct MDT (DBS),60,ami,0.5794598378172884
Direct MDT (DBS),60,ari,0.41558332984993523
Direct MDT (DBS),61,chs,5.235577536405585
Direct MDT (DBS),61,ami,0.5878706859767614
Direct MDT (DBS),61,ari,0.38819982444758233
Direct MDT (DBS),62,chs,5.2290223270102185
Direct MDT (DBS),62,ami,0.5780173116096892
Direct MDT (DBS),62,ari,0.4058217051053787
Direct MDT (DBS),63,chs,5.2245170528032014
Direct MDT (DBS),63,ami,0.5832359348098562
Direct MDT (DBS),63,ari,0.41346962987487756
Direct MDT (DBS),64,chs,5.2025997846009355
Direct MDT (DBS),64,ami,0.5799700329199544
Direct MDT (DBS),64,ari,0.39722835910825466
Direct MDT (DBS),65,chs,5.235577536405585
Direct MDT (DBS),65,ami,0.5878706859767614
Direct MDT (DBS),65,ari,0.38819982444758233
Direct MDT (DBS),66,chs,5.219184855960148
Direct MDT (DBS),66,ami,0.571528823013221
Direct MDT (DBS),66,ari,0.39664669695629445
Direct MDT (DBS),67,chs,5.229022327010218
Direct MDT (DBS),67,ami,0.5780173116096893
Direct MDT (DBS),67,ari,0.4058217051053787
Direct MDT (DBS),68,chs,5.1930577198221775
Direct MDT (DBS),68,ami,0.5772384208532437
Direct MDT (DBS),68,ari,0.4140308020609583
Direct MDT (DBS),69,chs,5.205922848738694
Direct MDT (DBS),69,ami,0.5867523858242059
Direct MDT (DBS),69,ari,0.41954914538873284
Direct MDT (DBS),70,chs,5.056012086267884
Direct MDT (DBS),70,ami,0.5567362512732738
Direct MDT (DBS),70,ari,0.4096609382257315
Direct MDT (DBS),71,chs,5.187482191140819
Direct MDT (DBS),71,ami,0.5777408354452176
Direct MDT (DBS),71,ari,0.348957427819697
Direct MDT (DBS),72,chs,5.060971983744548
Direct MDT (DBS),72,ami,0.5507877449034843
Direct MDT (DBS),72,ari,0.4146775410279403
Direct MDT (DBS),73,chs,5.212085261829836
Direct MDT (DBS),73,ami,0.5926950657403063
Direct MDT (DBS),73,ari,0.4330384230058277
Direct MDT (DBS),74,chs,5.235205575204604
Direct MDT (DBS),74,ami,0.5796821481679075
Direct MDT (DBS),74,ari,0.3838387730723286
Direct MDT (DBS),75,chs,5.218321742138181
Direct MDT (DBS),75,ami,0.5806185497087881
Direct MDT (DBS),75,ari,0.4153662630213752
Direct MDT (DBS),76,chs,5.212930462530875
Direct MDT (DBS),76,ami,0.5912394161430926
Direct MDT (DBS),76,ari,0.40528507827086024
Direct MDT (DBS),77,chs,5.181459300944977
Direct MDT (DBS),77,ami,0.5689081245640774
Direct MDT (DBS),77,ari,0.4062855342293097
Direct MDT (DBS),78,chs,5.235205575204603
Direct MDT (DBS),78,ami,0.5796821481679075
Direct MDT (DBS),78,ari,0.3838387730723286
Direct MDT (DBS),79,chs,5.185063087682003
Direct MDT (DBS),79,ami,0.5834909990298024
Direct MDT (DBS),79,ari,0.41222920743300445
Direct MDT (DBS),80,chs,5.22021487218991
Direct MDT (DBS),80,ami,0.583697055341365
Direct MDT (DBS),80,ari,0.39459879541480475
Direct MDT (DBS),81,chs,5.213553563899919
Direct MDT (DBS),81,ami,0.5729591922443216
Direct MDT (DBS),81,ari,0.40608588824537956
Direct MDT (DBS),82,chs,5.19247680793664
Direct MDT (DBS),82,ami,0.5860922166551644
Direct MDT (DBS),82,ari,0.42122118747629683
Direct MDT (DBS),83,chs,5.214022578472242
Direct MDT (DBS),83,ami,0.5881702701149681
Direct MDT (DBS),83,ari,0.42871346749009226
Direct MDT (DBS),84,chs,5.202123369763686
Direct MDT (DBS),84,ami,0.5854433839756632
Direct MDT (DBS),84,ari,0.4258091812989211
Direct MDT (DBS),85,chs,5.212930462530875
Direct MDT (DBS),85,ami,0.5912394161430924
Direct MDT (DBS),85,ari,0.40528507827086024
Direct MDT (DBS),86,chs,5.210410644880678
Direct MDT (DBS),86,ami,0.5717018726848878
Direct MDT (DBS),86,ari,0.4103404332787184
Direct MDT (DBS),87,chs,5.240404567516847
Direct MDT (DBS),87,ami,0.5930514498914861
Direct MDT (DBS),87,ari,0.43072361116966706
Direct MDT (DBS),88,chs,5.193408935350671
Direct MDT (DBS),88,ami,0.5983807043910627
Direct MDT (DBS),88,ari,0.43879028064701997
Direct MDT (DBS),89,chs,5.244849946321882
Direct MDT (DBS),89,ami,0.5855072622834318
Direct MDT (DBS),89,ari,0.4173104494647903
Direct MDT (DBS),90,chs,5.247628536488807
Direct MDT (DBS),90,ami,0.5855751996741948
Direct MDT (DBS),90,ari,0.419010993604481
Direct MDT (DBS),91,chs,5.223870810311219
Direct MDT (DBS),91,ami,0.5807365198642103
Direct MDT (DBS),91,ari,0.41952695038440535
Direct MDT (DBS),92,chs,5.221828463867807
Direct MDT (DBS),92,ami,0.5855072622834319
Direct MDT (DBS),92,ari,0.4173104494647903
Direct MDT (DBS),93,chs,5.17245470529587
Direct MDT (DBS),93,ami,0.5750065458381068
Direct MDT (DBS),93,ari,0.4272597975018659
Direct MDT (DBS),94,chs,5.249048047995027
Direct MDT (DBS),94,ami,0.588441832709289
Direct MDT (DBS),94,ari,0.41594956003602856
Direct MDT (DBS),95,chs,5.154999270871454
Direct MDT (DBS),95,ami,0.5667280281841875
Direct MDT (DBS),95,ari,0.40284845171509875
Direct MDT (DBS),96,chs,5.212930462530873
Direct MDT (DBS),96,ami,0.5912394161430926
Direct MDT (DBS),96,ari,0.40528507827086024
Direct MDT (DBS),97,chs,4.969477564806438
Direct MDT (DBS),97,ami,0.5541163967706632
Direct MDT (DBS),97,ari,0.365191433490642
Direct MDT (DBS),98,chs,5.22021487218991
Direct MDT (DBS),98,ami,0.583697055341365
Direct MDT (DBS),98,ari,0.39459879541480475
Direct MDT (DBS),99,chs,5.154999270871453
Direct MDT (DBS),99,ami,0.5667280281841875
Direct MDT (DBS),99,ari,0.40284845171509875
Direct MDT (SIL),0,chs,5.21015819901674
Direct MDT (SIL),0,ami,0.5878706859767616
Direct MDT (SIL),0,ari,0.38819982444758233
Direct MDT (SIL),1,chs,5.180678154340225
Direct MDT (SIL),1,ami,0.5808380471539009
Direct MDT (SIL),1,ari,0.4125529971507641
Direct MDT (SIL),2,chs,5.217910884489707
Direct MDT (SIL),2,ami,0.593051449891486
Direct MDT (SIL),2,ari,0.43072361116966706
Direct MDT (SIL),3,chs,5.217404697334213
Direct MDT (SIL),3,ami,0.5855072622834318
Direct MDT (SIL),3,ari,0.4173104494647903
Direct MDT (SIL),4,chs,5.210158199016742
Direct MDT (SIL),4,ami,0.5878706859767614
Direct MDT (SIL),4,ari,0.38819982444758233
Direct MDT (SIL),5,chs,5.198227640162325
Direct MDT (SIL),5,ami,0.5885571019961128
Direct MDT (SIL),5,ari,0.40339796122326604
Direct MDT (SIL),6,chs,5.192804183606582
Direct MDT (SIL),6,ami,0.5926950657403062
Direct MDT (SIL),6,ari,0.4330384230058277
Direct MDT (SIL),7,chs,5.221689626490518
Direct MDT (SIL),7,ami,0.5959863556915163
Direct MDT (SIL),7,ari,0.42928890194597163
Direct MDT (SIL),8,chs,5.192873494891525
Direct MDT (SIL),8,ami,0.5983807043910627
Direct MDT (SIL),8,ari,0.43879028064701997
Direct MDT (SIL),9,chs,5.196744173410317
Direct MDT (SIL),9,ami,0.5882121241426983
Direct MDT (SIL),9,ari,0.43130358631015436
Direct MDT (SIL),10,chs,5.1780305099270345
Direct MDT (SIL),10,ami,0.6014317938579679
Direct MDT (SIL),10,ari,0.4376093498495346
Direct MDT (SIL),11,chs,5.221689626490519
Direct MDT (SIL),11,ami,0.5959863556915164
Direct MDT (SIL),11,ari,0.42928890194597163
Direct MDT (SIL),12,chs,5.167321126045234
Direct MDT (SIL),12,ami,0.6017566295602462
Direct MDT (SIL),12,ari,0.4265461994492152
Direct MDT (SIL),13,chs,5.196755501544408
Direct MDT (SIL),13,ami,0.5855072622834316
Direct MDT (SIL),13,ari,0.4173104494647903
Direct MDT (SIL),14,chs,5.217910884489707
Direct MDT (SIL),14,ami,0.5930514498914862
Direct MDT (SIL),14,ari,0.43072361116966706
Direct MDT (SIL),15,chs,5.204467510192575
Direct MDT (SIL),15,ami,0.5878230535496783
Direct MDT (SIL),15,ari,0.39177414180301573
Direct MDT (SIL),16,chs,5.221689626490519
Direct MDT (SIL),16,ami,0.595986355691516
Direct MDT (SIL),16,ari,0.42928890194597163
Direct MDT (SIL),17,chs,5.221277042814838
Direct MDT (SIL),17,ami,0.588441832709289
Direct MDT (SIL),17,ari,0.41594956003602856
Direct MDT (SIL),18,chs,5.194427226043158
Direct MDT (SIL),18,ami,0.5948203930764491
Direct MDT (SIL),18,ari,0.42700887569842133
Direct MDT (SIL),19,chs,5.210158199016739
Direct MDT (SIL),19,ami,0.5878706859767614
Direct MDT (SIL),19,ari,0.38819982444758233
Direct MDT (SIL),20,chs,5.192804183606583
Direct MDT (SIL),20,ami,0.5926950657403062
Direct MDT (SIL),20,ari,0.4330384230058277
Direct MDT (SIL),21,chs,5.175022517618238
Direct MDT (SIL),21,ami,0.5972272045476963
Direct MDT (SIL),21,ari,0.43158737516328854
Direct MDT (SIL),22,chs,5.192883333402474
Direct MDT (SIL),22,ami,0.5813803332372102
Direct MDT (SIL),22,ari,0.4008708429382187
Direct MDT (SIL),23,chs,5.200570553506039
Direct MDT (SIL),23,ami,0.5819466818797003
Direct MDT (SIL),23,ari,0.42180593559250684
Direct MDT (SIL),24,chs,5.144984640083344
Direct MDT (SIL),24,ami,0.5840608980318658
Direct MDT (SIL),24,ari,0.4040148914058697
Direct MDT (SIL),25,chs,5.217404697334213
Direct MDT (SIL),25,ami,0.585507262283432
Direct MDT (SIL),25,ari,0.4173104494647903
Direct MDT (SIL),26,chs,5.217404697334213
Direct MDT (SIL),26,ami,0.585507262283432
Direct MDT (SIL),26,ari,0.4173104494647903
Direct MDT (SIL),27,chs,5.1780305099270345
Direct MDT (SIL),27,ami,0.6014317938579679
Direct MDT (SIL),27,ari,0.4376093498495346
Direct MDT (SIL),28,chs,5.186422846205162
Direct MDT (SIL),28,ami,0.592385620043423
Direct MDT (SIL),28,ari,0.42986178212830317
Direct MDT (SIL),29,chs,5.200349391593462
Direct MDT (SIL),29,ami,0.5911431184802279
Direct MDT (SIL),29,ari,0.42985897273660384
Direct MDT (SIL),30,chs,5.192804183606583
Direct MDT (SIL),30,ami,0.5926950657403063
Direct MDT (SIL),30,ari,0.4330384230058277
Direct MDT (SIL),31,chs,5.182549472079718
Direct MDT (SIL),31,ami,0.5815660673216199
Direct MDT (SIL),31,ari,0.42033805515636763
Direct MDT (SIL),32,chs,5.198227640162325
Direct MDT (SIL),32,ami,0.5885571019961128
Direct MDT (SIL),32,ari,0.40339796122326604
Direct MDT (SIL),33,chs,5.17979320494545
Direct MDT (SIL),33,ami,0.5854433839756632
Direct MDT (SIL),33,ari,0.4258091812989211
Direct MDT (SIL),34,chs,5.182549472079718
Direct MDT (SIL),34,ami,0.5815660673216199
Direct MDT (SIL),34,ari,0.42033805515636763
Direct MDT (SIL),35,chs,5.1635780616660165
Direct MDT (SIL),35,ami,0.5675888388762022
Direct MDT (SIL),35,ari,0.3980125735145001
Direct MDT (SIL),36,chs,5.217910884489705
Direct MDT (SIL),36,ami,0.5930514498914862
Direct MDT (SIL),36,ari,0.43072361116966706
Direct MDT (SIL),37,chs,5.196744173410316
Direct MDT (SIL),37,ami,0.5882121241426984
Direct MDT (SIL),37,ari,0.43130358631015436
Direct MDT (SIL),38,chs,5.170845569181741
Direct MDT (SIL),38,ami,0.6018328437716342
Direct MDT (SIL),38,ari,0.4249270450908406
Direct MDT (SIL),39,chs,5.196329373902493
Direct MDT (SIL),39,ami,0.601431793857968
Direct MDT (SIL),39,ari,0.4376093498495346
Direct MDT (SIL),40,chs,5.187013458948292
Direct MDT (SIL),40,ami,0.5831894081723334
Direct MDT (SIL),40,ari,0.40994040621072686
Direct MDT (SIL),41,chs,5.179601415463073
Direct MDT (SIL),41,ami,0.5970339392818134
Direct MDT (SIL),41,ari,0.4287245444801715
Direct MDT (SIL),42,chs,5.2212770428148385
Direct MDT (SIL),42,ami,0.588441832709289
Direct MDT (SIL),42,ari,0.41594956003602856
Direct MDT (SIL),43,chs,5.193730951812726
Direct MDT (SIL),43,ami,0.5852328857863179
Direct MDT (SIL),43,ari,0.4198302501503139
Direct MDT (SIL),44,chs,5.2216896264905195
Direct MDT (SIL),44,ami,0.5959863556915163
Direct MDT (SIL),44,ari,0.42928890194597163
Direct MDT (SIL),45,chs,5.192633769004133
Direct MDT (SIL),45,ami,0.5993249426239368
Direct MDT (SIL),45,ari,0.4196042666243705
Direct MDT (SIL),46,chs,5.1754761732463175
Direct MDT (SIL),46,ami,0.5795813889008797
Direct MDT (SIL),46,ari,0.38716404377954794
Direct MDT (SIL),47,chs,5.189034654048217
Direct MDT (SIL),47,ami,0.5897641943988597
Direct MDT (SIL),47,ari,0.43450279963144095
Direct MDT (SIL),48,chs,5.1830979201404945
Direct MDT (SIL),48,ami,0.5808237494009081
Direct MDT (SIL),48,ari,0.4110522436833396
Direct MDT (SIL),49,chs,5.192873494891525
Direct MDT (SIL),49,ami,0.5983807043910627
Direct MDT (SIL),49,ari,0.43879028064701997
Direct MDT (SIL),50,chs,5.198227640162324
Direct MDT (SIL),50,ami,0.5885571019961128
Direct MDT (SIL),50,ari,0.40339796122326604
Direct MDT (SIL),51,chs,4.928026894605829
Direct MDT (SIL),51,ami,0.5532196259357677
Direct MDT (SIL),51,ari,0.3578600700763907
Direct MDT (SIL),52,chs,5.204545793691752
Direct MDT (SIL),52,ami,0.5959914533821685
Direct MDT (SIL),52,ari,0.4059360908606552
Direct MDT (SIL),53,chs,5.195840714598536
Direct MDT (SIL),53,ami,0.5807468010093976
Direct MDT (SIL),53,ari,0.4180978374973756
Direct MDT (SIL),54,chs,5.1923329163657925
Direct MDT (SIL),54,ami,0.5908420463962432
Direct MDT (SIL),54,ari,0.4253003159755571
Direct MDT (SIL),55,chs,5.1916458571884725
Direct MDT (SIL),55,ami,0.5912394161430924
Direct MDT (SIL),55,ari,0.40528507827086024
Direct MDT (SIL),56,chs,5.170118397446778
Direct MDT (SIL),56,ami,0.5987271283066125
Direct MDT (SIL),56,ari,0.44207001262895007
Direct MDT (SIL),57,chs,5.17751844641974
Direct MDT (SIL),57,ami,0.5938933836788377
Direct MDT (SIL),57,ari,0.42418444730968125
Direct MDT (SIL),58,chs,5.21015819901674
Direct MDT (SIL),58,ami,0.5878706859767614
Direct MDT (SIL),58,ari,0.38819982444758233
Direct MDT (SIL),59,chs,4.931598747588676
Direct MDT (SIL),59,ami,0.5570646144978321
Direct MDT (SIL),59,ari,0.3407035175879397
Direct MDT (SIL),60,chs,5.188483621285947
Direct MDT (SIL),60,ami,0.5870101760909885
Direct MDT (SIL),60,ari,0.42184115271197575
Direct MDT (SIL),61,chs,5.177518446419742
Direct MDT (SIL),61,ami,0.5938933836788377
Direct MDT (SIL),61,ari,0.42418444730968125
Direct MDT (SIL),62,chs,5.198856006466248
Direct MDT (SIL),62,ami,0.5961363873048521
Direct MDT (SIL),62,ari,0.41610521644410375
Direct MDT (SIL),63,chs,5.192804183606582
Direct MDT (SIL),63,ami,0.5926950657403061
Direct MDT (SIL),63,ari,0.4330384230058277
Direct MDT (SIL),64,chs,5.200570553506039
Direct MDT (SIL),64,ami,0.5819466818797002
Direct MDT (SIL),64,ari,0.42180593559250684
Direct MDT (SIL),65,chs,5.183060693055164
Direct MDT (SIL),65,ami,0.5916145536843277
Direct MDT (SIL),65,ari,0.42370492027646617
Direct MDT (SIL),66,chs,5.19216206893367
Direct MDT (SIL),66,ami,0.5852328857863179
Direct MDT (SIL),66,ari,0.4198302501503139
Direct MDT (SIL),67,chs,5.194427226043158
Direct MDT (SIL),67,ami,0.5948203930764491
Direct MDT (SIL),67,ari,0.42700887569842133
Direct MDT (SIL),68,chs,5.200349391593462
Direct MDT (SIL),68,ami,0.5911431184802278
Direct MDT (SIL),68,ari,0.42985897273660384
Direct MDT (SIL),69,chs,5.183060693055164
Direct MDT (SIL),69,ami,0.5916145536843278
Direct MDT (SIL),69,ari,0.42370492027646617
Direct MDT (SIL),70,chs,5.189100179460465
Direct MDT (SIL),70,ami,0.5784396339722974
Direct MDT (SIL),70,ari,0.402128437385759
Direct MDT (SIL),71,chs,5.1708455691817425
Direct MDT (SIL),71,ami,0.6018328437716342
Direct MDT (SIL),71,ari,0.4249270450908406
Direct MDT (SIL),72,chs,5.199538900976768
Direct MDT (SIL),72,ami,0.5836773301617869
Direct MDT (SIL),72,ari,0.4167258844347838
Direct MDT (SIL),73,chs,5.179793204945451
Direct MDT (SIL),73,ami,0.5854433839756634
Direct MDT (SIL),73,ari,0.4258091812989211
Direct MDT (SIL),74,chs,5.217910884489705
Direct MDT (SIL),74,ami,0.593051449891486
Direct MDT (SIL),74,ari,0.43072361116966706
Direct MDT (SIL),75,chs,4.937612593375738
Direct MDT (SIL),75,ami,0.559129517690368
Direct MDT (SIL),75,ari,0.3597944384736068
Direct MDT (SIL),76,chs,5.174670136227393
Direct MDT (SIL),76,ami,0.5904322766427187
Direct MDT (SIL),76,ari,0.40701910023253624
Direct MDT (SIL),77,chs,5.179793204945451
Direct MDT (SIL),77,ami,0.5854433839756633
Direct MDT (SIL),77,ari,0.4258091812989211
Direct MDT (SIL),78,chs,5.221689626490519
Direct MDT (SIL),78,ami,0.5959863556915161
Direct MDT (SIL),78,ari,0.42928890194597163
Direct MDT (SIL),79,chs,5.221277042814838
Direct MDT (SIL),79,ami,0.588441832709289
Direct MDT (SIL),79,ari,0.41594956003602856
Direct MDT (SIL),80,chs,5.210158199016739
Direct MDT (SIL),80,ami,0.5878706859767614
Direct MDT (SIL),80,ari,0.38819982444758233
Direct MDT (SIL),81,chs,5.16724639130059
Direct MDT (SIL),81,ami,0.583697055341365
Direct MDT (SIL),81,ari,0.39459879541480475
Direct MDT (SIL),82,chs,5.21015819901674
Direct MDT (SIL),82,ami,0.5878706859767616
Direct MDT (SIL),82,ari,0.38819982444758233
Direct MDT (SIL),83,chs,5.1935296568759535
Direct MDT (SIL),83,ami,0.5945962180139891
Direct MDT (SIL),83,ari,0.41004490880762534
Direct MDT (SIL),84,chs,5.188483621285948
Direct MDT (SIL),84,ami,0.5870101760909887
Direct MDT (SIL),84,ari,0.42184115271197575
Direct MDT (SIL),85,chs,5.194494542348807
Direct MDT (SIL),85,ami,0.5926950657403063
Direct MDT (SIL),85,ari,0.4330384230058277
Direct MDT (SIL),86,chs,4.947041353001166
Direct MDT (SIL),86,ami,0.5892191462825475
Direct MDT (SIL),86,ari,0.41481965250282327
Direct MDT (SIL),87,chs,5.18290383226018
Direct MDT (SIL),87,ami,0.5896865214857137
Direct MDT (SIL),87,ari,0.4181727117158479
Direct MDT (SIL),88,chs,5.183060693055164
Direct MDT (SIL),88,ami,0.5916145536843278
Direct MDT (SIL),88,ari,0.42370492027646617
Direct MDT (SIL),89,chs,5.2216896264905195
Direct MDT (SIL),89,ami,0.5959863556915161
Direct MDT (SIL),89,ari,0.42928890194597163
Direct MDT (SIL),90,chs,5.060124067719619
Direct MDT (SIL),90,ami,0.5985841277996301
Direct MDT (SIL),90,ari,0.4557861282482707
Direct MDT (SIL),91,chs,5.221277042814838
Direct MDT (SIL),91,ami,0.588441832709289
Direct MDT (SIL),91,ari,0.41594956003602856
Direct MDT (SIL),92,chs,5.183543633582713
Direct MDT (SIL),92,ami,0.5883740646180111
Direct MDT (SIL),92,ari,0.4243917505510396
Direct MDT (SIL),93,chs,5.21015819901674
Direct MDT (SIL),93,ami,0.5878706859767614
Direct MDT (SIL),93,ari,0.38819982444758233
Direct MDT (SIL),94,chs,5.198856006466248
Direct MDT (SIL),94,ami,0.596136387304852
Direct MDT (SIL),94,ari,0.41610521644410375
Direct MDT (SIL),95,chs,5.187863274432218
Direct MDT (SIL),95,ami,0.5794554342948255
Direct MDT (SIL),95,ari,0.40858562786383706
Direct MDT (SIL),96,chs,5.217404697334213
Direct MDT (SIL),96,ami,0.5855072622834318
Direct MDT (SIL),96,ari,0.4173104494647903
Direct MDT (SIL),97,chs,5.170031695019053
Direct MDT (SIL),97,ami,0.5697940681680845
Direct MDT (SIL),97,ari,0.37045342252289915
Direct MDT (SIL),98,chs,5.147469703924432
Direct MDT (SIL),98,ami,0.5907731063279079
Direct MDT (SIL),98,ari,0.381023348236463
Direct MDT (SIL),99,chs,5.217910884489707
Direct MDT (SIL),99,ami,0.5930514498914862
Direct MDT (SIL),99,ari,0.43072361116966706
GCCA,0,chs,4.982962284859524
GCCA,0,ami,0.45181146123324245
GCCA,0,ari,0.23714875377043976
GCCA,1,chs,4.985241747393764
GCCA,1,ami,0.4572822984239555
GCCA,1,ari,0.24618570783348204
GCCA,2,chs,4.919816640824933
GCCA,2,ami,0.48247245362627017
GCCA,2,ari,0.3080168776371308
GCCA,3,chs,5.046155122345357
GCCA,3,ami,0.49273687636149016
GCCA,3,ari,0.22276036250185707
GCCA,4,chs,4.904953179006447
GCCA,4,ami,0.44975141191070167
GCCA,4,ari,0.25756003292416707
GCCA,5,chs,4.9969500126312765
GCCA,5,ami,0.46201800401807697
GCCA,5,ari,0.24847794237343318
GCCA,6,chs,5.000733916804234
GCCA,6,ami,0.47373569707571145
GCCA,6,ari,0.28118875387520936
GCCA,7,chs,4.902546870548206
GCCA,7,ami,0.5070424637665645
GCCA,7,ari,0.3519948259832653
GCCA,8,chs,4.952564132039182
GCCA,8,ami,0.4777502806608065
GCCA,8,ari,0.3009791563212244
GCCA,9,chs,5.045501233750799
GCCA,9,ami,0.44759965571428306
GCCA,9,ari,0.24209660486812343
GCCA,10,chs,5.019830302779592
GCCA,10,ami,0.495987604400761
GCCA,10,ari,0.24883822005282338
GCCA,11,chs,4.948418074629877
GCCA,11,ami,0.4610070405784747
GCCA,11,ari,0.263362353022788
GCCA,12,chs,5.029060947486659
GCCA,12,ami,0.4902134884272713
GCCA,12,ari,0.21613402787554553
GCCA,13,chs,4.921063497073997
GCCA,13,ami,0.4825701906306606
GCCA,13,ari,0.31554235723744933
GCCA,14,chs,5.000881472560872
GCCA,14,ami,0.4510363436402315
GCCA,14,ari,0.24818723770093098
GCCA,15,chs,5.045501233750799
GCCA,15,ami,0.44759965571428295
GCCA,15,ari,0.24209660486812343
GCCA,16,chs,5.066677132612717
GCCA,16,ami,0.489700837019598
GCCA,16,ari,0.2914808339577312
GCCA,17,chs,5.010893563872917
GCCA,17,ami,0.441423403880318
GCCA,17,ari,0.21956173387631792
GCCA,18,chs,5.045501233750799
GCCA,18,ami,0.4475996557142831
GCCA,18,ari,0.24209660486812343
GCCA,19,chs,4.995482629355085
GCCA,19,ami,0.452486331698833
GCCA,19,ari,0.2604504221982183
GCCA,20,chs,4.939826031554884
GCCA,20,ami,0.44817931694363783
GCCA,20,ari,0.27242423128301285
GCCA,21,chs,5.037994613434004
GCCA,21,ami,0.4563862342144504
GCCA,21,ari,0.2330893088696256
GCCA,22,chs,5.025468147081161
GCCA,22,ami,0.4736051040909871
GCCA,22,ari,0.2651390244176004
GCCA,23,chs,4.998522877175745
GCCA,23,ami,0.4684784951368315
GCCA,23,ari,0.2794588036324865
GCCA,24,chs,4.944872833198191
GCCA,24,ami,0.4836314582920809
GCCA,24,ari,0.3234269235390716
GCCA,25,chs,5.032401905649615
GCCA,25,ami,0.48733512980139077
GCCA,25,ari,0.21575212452180006
GCCA,26,chs,5.010660754782638
GCCA,26,ami,0.4601460702540077
GCCA,26,ari,0.2732109413210226
GCCA,27,chs,5.02534798889265
GCCA,27,ami,0.4977585109587571
GCCA,27,ari,0.24670888627226342
GCCA,28,chs,5.076737834012454
GCCA,28,ami,0.5095480848938985
GCCA,28,ari,0.24713733536440036
GCCA,29,chs,5.065913738302996
GCCA,29,ami,0.4994147064727296
GCCA,29,ari,0.23211253453906053
GCCA,30,chs,5.0209648178391655
GCCA,30,ami,0.4463443228720978
GCCA,30,ari,0.2149539078546467
GCCA,31,chs,5.036938859609982
GCCA,31,ami,0.45263728595190433
GCCA,31,ari,0.22276036250185707
GCCA,32,chs,4.983930877835457
GCCA,32,ami,0.4661713062187087
GCCA,32,ari,0.26507614096693866
GCCA,33,chs,5.052224488078385
GCCA,33,ami,0.5068023014843568
GCCA,33,ari,0.24174372523117568
GCCA,34,chs,4.903207563678052
GCCA,34,ami,0.4455484768579681
GCCA,34,ari,0.2275530897666257
GCCA,35,chs,4.9969500126312765
GCCA,35,ami,0.462018004018077
GCCA,35,ari,0.24847794237343318
GCCA,36,chs,4.945851499145607
GCCA,36,ami,0.44802527776725315
GCCA,36,ari,0.254615719958055
GCCA,37,chs,4.958324249337092
GCCA,37,ami,0.44554847685796833
GCCA,37,ari,0.2275530897666257
GCCA,38,chs,4.918914840319656
GCCA,38,ami,0.45647457280300663
GCCA,38,ari,0.2531056787922424
GCCA,39,chs,5.029675620289474
GCCA,39,ami,0.4454318764390437
GCCA,39,ari,0.22747472212637368
GCCA,40,chs,4.956802710049791
GCCA,40,ami,0.48982454376806345
GCCA,40,ari,0.31829839922172104
GCCA,41,chs,4.93821593411383
GCCA,41,ami,0.4756002967063272
GCCA,41,ari,0.28544968612095223
GCCA,42,chs,4.809001525120727
GCCA,42,ami,0.43799473496990343
GCCA,42,ari,0.23669168130288998
GCCA,43,chs,5.046155122345356
GCCA,43,ami,0.49273687636149033
GCCA,43,ari,0.22276036250185707
GCCA,44,chs,4.923045272917553
GCCA,44,ami,0.4709977110051473
GCCA,44,ari,0.29540511660066626
GCCA,45,chs,5.004484965106914
GCCA,45,ami,0.4875323137085965
GCCA,45,ari,0.2365954492378578
GCCA,46,chs,5.05152711782548
GCCA,46,ami,0.5072749129923878
GCCA,46,ari,0.27050086001663076
GCCA,47,chs,5.027215523899464
GCCA,47,ami,0.44817102735219166
GCCA,47,ari,0.22259102489925597
GCCA,48,chs,5.043043712085061
GCCA,48,ami,0.4543029548770261
GCCA,48,ari,0.2565678766441155
GCCA,49,chs,5.017832671249766
GCCA,49,ami,0.49401110661557823
GCCA,49,ari,0.22335140687189514
GCCA,50,chs,5.049438830619565
GCCA,50,ami,0.4940835789860171
GCCA,50,ari,0.22497111196705283
GCCA,51,chs,4.9969500126312765
GCCA,51,ami,0.462018004018077
GCCA,51,ari,0.24847794237343318
GCCA,52,chs,4.989869862793436
GCCA,52,ami,0.4624875616029676
GCCA,52,ari,0.27490647245775135
GCCA,53,chs,4.974015846763523
GCCA,53,ami,0.4865025173197352
GCCA,53,ari,0.2880105217826507
GCCA,54,chs,4.968835761758939
GCCA,54,ami,0.46135551838511013
GCCA,54,ari,0.2594805635715498
GCCA,55,chs,5.045501233750798
GCCA,55,ami,0.44759965571428306
GCCA,55,ari,0.24209660486812343
GCCA,56,chs,5.00067182645611
GCCA,56,ami,0.4704100128938297
GCCA,56,ari,0.28405181514462785
GCCA,57,chs,4.938596650379835
GCCA,57,ami,0.47125716177112914
GCCA,57,ari,0.28557551030320694
GCCA,58,chs,4.95017533575395
GCCA,58,ami,0.4675565752553349
GCCA,58,ari,0.28173132210273916
GCCA,59,chs,4.976493673891697
GCCA,59,ami,0.46199572337064904
GCCA,59,ari,0.2680697352985586
GCCA,60,chs,5.045501233750799
GCCA,60,ami,0.44759965571428306
GCCA,60,ari,0.24209660486812343
GCCA,61,chs,5.03126862769644
GCCA,61,ami,0.4415263017757894
GCCA,61,ari,0.24493554327808473
GCCA,62,chs,5.046155122345357
GCCA,62,ami,0.49273687636149044
GCCA,62,ari,0.22276036250185707
GCCA,63,chs,4.924912707968972
GCCA,63,ami,0.4315902010669347
GCCA,63,ari,0.2045770911816527
GCCA,64,chs,5.009022474047586
GCCA,64,ami,0.48919896045222927
GCCA,64,ari,0.2268024717323158
GCCA,65,chs,4.885686252154073
GCCA,65,ami,0.4452258301695069
GCCA,65,ari,0.2458481719965946
GCCA,66,chs,4.967514321446967
GCCA,66,ami,0.46001580190222957
GCCA,66,ari,0.2710387249768276
GCCA,67,chs,4.940213687272884
GCCA,67,ami,0.4497012780409865
GCCA,67,ari,0.24549135075450865
GCCA,68,chs,5.030415957250435
GCCA,68,ami,0.45099992731060917
GCCA,68,ari,0.2375498593778405
GCCA,69,chs,5.07397252775784
GCCA,69,ami,0.5175623019477952
GCCA,69,ari,0.27807793339986464
GCCA,70,chs,4.993148948137528
GCCA,70,ami,0.47562285689282746
GCCA,70,ari,0.3028963975975518
GCCA,71,chs,4.956968384137075
GCCA,71,ami,0.46425011850248565
GCCA,71,ari,0.2853593344125287
GCCA,72,chs,5.026453423942111
GCCA,72,ami,0.44754438120825113
GCCA,72,ari,0.22742704083221726
GCCA,73,chs,4.92621880998183
GCCA,73,ami,0.4500189194980804
GCCA,73,ari,0.24455840076365534
GCCA,74,chs,5.0455706926893695
GCCA,74,ami,0.491477275488485
GCCA,74,ari,0.2871107681154336
GCCA,75,chs,5.065913738302997
GCCA,75,ami,0.49941470647272973
GCCA,75,ari,0.23211253453906053
GCCA,76,chs,4.959241182422931
GCCA,76,ami,0.45336703092931074
GCCA,76,ari,0.2623342777558608
GCCA,77,chs,4.887337314783669
GCCA,77,ami,0.44549793897408746
GCCA,77,ari,0.23656692671472618
GCCA,78,chs,5.018868829816712
GCCA,78,ami,0.4685626063431582
GCCA,78,ari,0.2809130408175754
GCCA,79,chs,5.004150735981976
GCCA,79,ami,0.4894252271288047
GCCA,79,ari,0.22780417435866396
GCCA,80,chs,4.97530968195138
GCCA,80,ami,0.504116985964905
GCCA,80,ari,0.24020047644092443
GCCA,81,chs,4.961630876134811
GCCA,81,ami,0.432868949600898
GCCA,81,ari,0.222236568858474
GCCA,82,chs,5.045501233750799
GCCA,82,ami,0.44759965571428306
GCCA,82,ari,0.24209660486812343
GCCA,83,chs,4.976271413941903
GCCA,83,ami,0.5076833186636669
GCCA,83,ari,0.2913293980417801
GCCA,84,chs,4.990315020170891
GCCA,84,ami,0.44422559831987873
GCCA,84,ari,0.23785326984329894
GCCA,85,chs,4.948450131805036
GCCA,85,ami,0.4536317762107465
GCCA,85,ari,0.25431079710398374
GCCA,86,chs,4.991435694296169
GCCA,86,ami,0.45800018139180665
GCCA,86,ari,0.2649761641523117
GCCA,87,chs,5.0368211358287205
GCCA,87,ami,0.5332177205619734
GCCA,87,ari,0.30932484414378564
GCCA,88,chs,4.93373656316006
GCCA,88,ami,0.4456424819599515
GCCA,88,ari,0.24302683386824603
GCCA,89,chs,5.068274369358857
GCCA,89,ami,0.5007240629870022
GCCA,89,ari,0.26961239776546564
GCCA,90,chs,5.062616695054712
GCCA,90,ami,0.4980699388671579
GCCA,90,ari,0.22988401503471487
GCCA,91,chs,5.063433256983458
GCCA,91,ami,0.461147132156575
GCCA,91,ari,0.2550286172538422
GCCA,92,chs,4.99222522301388
GCCA,92,ami,0.49895859850418167
GCCA,92,ari,0.24209344260524981
GCCA,93,chs,5.009917314519206
GCCA,93,ami,0.4523708206913082
GCCA,93,ari,0.243015993238274
GCCA,94,chs,5.074622617313181
GCCA,94,ami,0.5262969802564199
GCCA,94,ari,0.28873447489393883
GCCA,95,chs,4.924912707968972
GCCA,95,ami,0.4315902010669347
GCCA,95,ari,0.2045770911816527
GCCA,96,chs,4.935733218376861
GCCA,96,ami,0.4646164522199619
GCCA,96,ari,0.26231193666678093
GCCA,97,chs,4.930410164570497
GCCA,97,ami,0.42836342899763313
GCCA,97,ari,0.23577486331312994
GCCA,98,chs,4.997542784679003
GCCA,98,ami,0.43282438668536827
GCCA,98,ari,0.23537150939052068
GCCA,99,chs,4.942089653174003
GCCA,99,ami,0.42725431791283625
GCCA,99,ari,0.2306588518383611
Direct MDT (AMI),0,chs,5.216427028227453
Direct MDT (AMI),0,ami,0.5959914533821686
Direct MDT (AMI),0,ari,0.4059360908606552
Direct MDT (AMI),1,chs,5.235546591865327
Direct MDT (AMI),1,ami,0.5959863556915163
Direct MDT (AMI),1,ari,0.42928890194597163
Direct MDT (AMI),2,chs,4.985158758560324
Direct MDT (AMI),2,ami,0.5754172576766275
Direct MDT (AMI),2,ari,0.39317991362083415
Direct MDT (AMI),3,chs,5.235546591865327
Direct MDT (AMI),3,ami,0.595986355691516
Direct MDT (AMI),3,ari,0.42928890194597163
Direct MDT (AMI),4,chs,5.188518704674993
Direct MDT (AMI),4,ami,0.5909460266793928
Direct MDT (AMI),4,ari,0.4177940430664638
Direct MDT (AMI),5,chs,4.96993562047317
Direct MDT (AMI),5,ami,0.5642380986219176
Direct MDT (AMI),5,ari,0.3849214216794216
Direct MDT (AMI),6,chs,5.208697732711943
Direct MDT (AMI),6,ami,0.5944410771884604
Direct MDT (AMI),6,ari,0.39746683520384063
Direct MDT (AMI),7,chs,5.200120594593089
Direct MDT (AMI),7,ami,0.5911431184802278
Direct MDT (AMI),7,ari,0.42985897273660384
Direct MDT (AMI),8,chs,5.193826933936684
Direct MDT (AMI),8,ami,0.6016616606627555
Direct MDT (AMI),8,ari,0.4405695156574431
Direct MDT (AMI),9,chs,5.17903714244102
Direct MDT (AMI),9,ami,0.5959863556915163
Direct MDT (AMI),9,ari,0.42928890194597163
Direct MDT (AMI),10,chs,5.202910064350033
Direct MDT (AMI),10,ami,0.594501933975404
Direct MDT (AMI),10,ari,0.40138658006984446
Direct MDT (AMI),11,chs,5.235546591865327
Direct MDT (AMI),11,ami,0.5959863556915163
Direct MDT (AMI),11,ari,0.42928890194597163
Direct MDT (AMI),12,chs,5.218252107080464
Direct MDT (AMI),12,ami,0.6025946780577334
Direct MDT (AMI),12,ari,0.4399426620009275
Direct MDT (AMI),13,chs,5.210008075238599
Direct MDT (AMI),13,ami,0.5907888643996847
Direct MDT (AMI),13,ari,0.42672515841515213
Direct MDT (AMI),14,chs,5.212419031960262
Direct MDT (AMI),14,ami,0.6026659140565318
Direct MDT (AMI),14,ari,0.41188415919703025
Direct MDT (AMI),15,chs,5.204201176560031
Direct MDT (AMI),15,ami,0.6016616606627555
Direct MDT (AMI),15,ari,0.4405695156574431
Direct MDT (AMI),16,chs,5.235546591865327
Direct MDT (AMI),16,ami,0.5959863556915163
Direct MDT (AMI),16,ari,0.42928890194597163
Direct MDT (AMI),17,chs,5.235546591865328
Direct MDT (AMI),17,ami,0.5959863556915163
Direct MDT (AMI),17,ari,0.42928890194597163
Direct MDT (AMI),18,chs,5.210008075238598
Direct MDT (AMI),18,ami,0.5907888643996849
Direct MDT (AMI),18,ari,0.42672515841515213
Direct MDT (AMI),19,chs,5.2086977327119435
Direct MDT (AMI),19,ami,0.5944410771884605
Direct MDT (AMI),19,ari,0.39746683520384063
Direct MDT (AMI),20,chs,5.210008075238599
Direct MDT (AMI),20,ami,0.5907888643996848
Direct MDT (AMI),20,ari,0.42672515841515213
Direct MDT (AMI),21,chs,5.210008075238599
Direct MDT (AMI),21,ami,0.5907888643996849
Direct MDT (AMI),21,ari,0.42672515841515213
Direct MDT (AMI),22,chs,5.172788425835325
Direct MDT (AMI),22,ami,0.5854550989993529
Direct MDT (AMI),22,ari,0.41873128612213634
Direct MDT (AMI),23,chs,5.22026081882399
Direct MDT (AMI),23,ami,0.5878230535496785
Direct MDT (AMI),23,ari,0.39177414180301573
Direct MDT (AMI),24,chs,5.235546591865327
Direct MDT (AMI),24,ami,0.5959863556915161
Direct MDT (AMI),24,ari,0.42928890194597163
Direct MDT (AMI),25,chs,5.203612048597013
Direct MDT (AMI),25,ami,0.5889561052837158
Direct MDT (AMI),25,ari,0.41370396070587917
Direct MDT (AMI),26,chs,5.206996245428438
Direct MDT (AMI),26,ami,0.5881702701149681
Direct MDT (AMI),26,ari,0.42871346749009226
Direct MDT (AMI),27,chs,5.193826933936683
Direct MDT (AMI),27,ami,0.6016616606627555
Direct MDT (AMI),27,ari,0.4405695156574431
Direct MDT (AMI),28,chs,5.235546591865327
Direct MDT (AMI),28,ami,0.5959863556915161
Direct MDT (AMI),28,ari,0.42928890194597163
Direct MDT (AMI),29,chs,5.209662025862996
Direct MDT (AMI),29,ami,0.6022839113395339
Direct MDT (AMI),29,ari,0.4183019439070294
Direct MDT (AMI),30,chs,5.074431424642042
Direct MDT (AMI),30,ami,0.567798329806237
Direct MDT (AMI),30,ari,0.44297636643227184
Direct MDT (AMI),31,chs,5.203612048597013
Direct MDT (AMI),31,ami,0.5889561052837158
Direct MDT (AMI),31,ari,0.41370396070587917
Direct MDT (AMI),32,chs,5.208697732711943
Direct MDT (AMI),32,ami,0.5944410771884604
Direct MDT (AMI),32,ari,0.39746683520384063
Direct MDT (AMI),33,chs,5.189341434760009
Direct MDT (AMI),33,ami,0.5980024800112301
Direct MDT (AMI),33,ari,0.4198716644282555
Direct MDT (AMI),34,chs,5.209662025862997
Direct MDT (AMI),34,ami,0.6022839113395339
Direct MDT (AMI),34,ari,0.4183019439070294
Direct MDT (AMI),35,chs,5.0633663364956805
Direct MDT (AMI),35,ami,0.5778392175475608
Direct MDT (AMI),35,ari,0.44366510320294905
Direct MDT (AMI),36,chs,5.210008075238599
Direct MDT (AMI),36,ami,0.5907888643996848
Direct MDT (AMI),36,ari,0.42672515841515213
Direct MDT (AMI),37,chs,5.193826933936683
Direct MDT (AMI),37,ami,0.6016616606627557
Direct MDT (AMI),37,ari,0.4405695156574431
Direct MDT (AMI),38,chs,5.213090321679718
Direct MDT (AMI),38,ami,0.5959863556915163
Direct MDT (AMI),38,ari,0.42928890194597163
Direct MDT (AMI),39,chs,5.203612048597013
Direct MDT (AMI),39,ami,0.5889561052837158
Direct MDT (AMI),39,ari,0.41370396070587917
Direct MDT (AMI),40,chs,5.193826933936683
Direct MDT (AMI),40,ami,0.6016616606627555
Direct MDT (AMI),40,ari,0.4405695156574431
Direct MDT (AMI),41,chs,5.2096237147613715
Direct MDT (AMI),41,ami,0.5889561052837158
Direct MDT (AMI),41,ari,0.41370396070587917
Direct MDT (AMI),42,chs,5.189799118741479
Direct MDT (AMI),42,ami,0.5795813889008796
Direct MDT (AMI),42,ari,0.38716404377954794
Direct MDT (AMI),43,chs,5.208028097220201
Direct MDT (AMI),43,ami,0.6016616606627555
Direct MDT (AMI),43,ari,0.4405695156574431
Direct MDT (AMI),44,chs,5.172422144480579
Direct MDT (AMI),44,ami,0.6016616606627557
Direct MDT (AMI),44,ari,0.4405695156574431
Direct MDT (AMI),45,chs,5.218252107080464
Direct MDT (AMI),45,ami,0.6025946780577335
Direct MDT (AMI),45,ari,0.4399426620009275
Direct MDT (AMI),46,chs,5.235546591865326
Direct MDT (AMI),46,ami,0.5959863556915163
Direct MDT (AMI),46,ari,0.42928890194597163
Direct MDT (AMI),47,chs,5.209662025862997
Direct MDT (AMI),47,ami,0.6022839113395339
Direct MDT (AMI),47,ari,0.4183019439070294
Direct MDT (AMI),48,chs,5.212419031960262
Direct MDT (AMI),48,ami,0.6026659140565318
Direct MDT (AMI),48,ari,0.41188415919703025
Direct MDT (AMI),49,chs,5.176638150135219
Direct MDT (AMI),49,ami,0.6082608898981776
Direct MDT (AMI),49,ari,0.45137854213670486
Direct MDT (AMI),50,chs,5.16553424142466
Direct MDT (AMI),50,ami,0.5815618340688246
Direct MDT (AMI),50,ari,0.4096557204115463
Direct MDT (AMI),51,chs,5.211464051481812
Direct MDT (AMI),51,ami,0.5926950657403063
Direct MDT (AMI),51,ari,0.4330384230058277
Direct MDT (AMI),52,chs,5.22026081882399
Direct MDT (AMI),52,ami,0.5878230535496787
Direct MDT (AMI),52,ari,0.39177414180301573
Direct MDT (AMI),53,chs,5.208850957317873
Direct MDT (AMI),53,ami,0.6014317938579679
Direct MDT (AMI),53,ari,0.4376093498495346
Direct MDT (AMI),54,chs,5.208028097220201
Direct MDT (AMI),54,ami,0.6016616606627555
Direct MDT (AMI),54,ari,0.4405695156574431
Direct MDT (AMI),55,chs,5.210008075238599
Direct MDT (AMI),55,ami,0.5907888643996847
Direct MDT (AMI),55,ari,0.42672515841515213
Direct MDT (AMI),56,chs,5.235546591865327
Direct MDT (AMI),56,ami,0.5959863556915163
Direct MDT (AMI),56,ari,0.42928890194597163
Direct MDT (AMI),57,chs,5.235546591865327
Direct MDT (AMI),57,ami,0.5959863556915163
Direct MDT (AMI),57,ari,0.42928890194597163
Direct MDT (AMI),58,chs,5.218252107080464
Direct MDT (AMI),58,ami,0.6025946780577334
Direct MDT (AMI),58,ari,0.4399426620009275
Direct MDT (AMI),59,chs,5.21922091940177
Direct MDT (AMI),59,ami,0.5869297651344529
Direct MDT (AMI),59,ari,0.42870600807075265
Direct MDT (AMI),60,chs,5.1923033089116215
Direct MDT (AMI),60,ami,0.595588512176484
Direct MDT (AMI),60,ari,0.4239951894824594
Direct MDT (AMI),61,chs,5.212419031960263
Direct MDT (AMI),61,ami,0.6026659140565318
Direct MDT (AMI),61,ari,0.41188415919703025
Direct MDT (AMI),62,chs,5.211464051481812
Direct MDT (AMI),62,ami,0.5926950657403063
Direct MDT (AMI),62,ari,0.4330384230058277
Direct MDT (AMI),63,chs,5.215306172298553
Direct MDT (AMI),63,ami,0.5875536985414029
Direct MDT (AMI),63,ari,0.40994040621072686
Direct MDT (AMI),64,chs,5.208028097220202
Direct MDT (AMI),64,ami,0.6016616606627556
Direct MDT (AMI),64,ari,0.4405695156574431
Direct MDT (AMI),65,chs,5.203612048597012
Direct MDT (AMI),65,ami,0.5889561052837158
Direct MDT (AMI),65,ari,0.41370396070587917
Direct MDT (AMI),66,chs,5.235546591865327
Direct MDT (AMI),66,ami,0.5959863556915163
Direct MDT (AMI),66,ari,0.42928890194597163
Direct MDT (AMI),67,chs,5.171351469431233
Direct MDT (AMI),67,ami,0.5975724698000964
Direct MDT (AMI),67,ari,0.42818002836176394
Direct MDT (AMI),68,chs,5.213090321679716
Direct MDT (AMI),68,ami,0.5959863556915163
Direct MDT (AMI),68,ari,0.42928890194597163
Direct MDT (AMI),69,chs,5.218125245382832
Direct MDT (AMI),69,ami,0.5795813889008797
Direct MDT (AMI),69,ari,0.38716404377954794
Direct MDT (AMI),70,chs,5.203612048597014
Direct MDT (AMI),70,ami,0.5889561052837158
Direct MDT (AMI),70,ari,0.41370396070587917
Direct MDT (AMI),71,chs,5.235546591865327
Direct MDT (AMI),71,ami,0.5959863556915161
Direct MDT (AMI),71,ari,0.42928890194597163
Direct MDT (AMI),72,chs,5.209662025862996
Direct MDT (AMI),72,ami,0.6022839113395336
Direct MDT (AMI),72,ari,0.4183019439070294
Direct MDT (AMI),73,chs,5.203612048597012
Direct MDT (AMI),73,ami,0.5889561052837158
Direct MDT (AMI),73,ari,0.41370396070587917
Direct MDT (AMI),74,chs,5.220260818823989
Direct MDT (AMI),74,ami,0.5878230535496782
Direct MDT (AMI),74,ari,0.39177414180301573
Direct MDT (AMI),75,chs,5.186314951390272
Direct MDT (AMI),75,ami,0.5955885121764839
Direct MDT (AMI),75,ari,0.4239951894824594
Direct MDT (AMI),76,chs,5.210008075238599
Direct MDT (AMI),76,ami,0.5907888643996849
Direct MDT (AMI),76,ari,0.42672515841515213
Direct MDT (AMI),77,chs,5.235546591865327
Direct MDT (AMI),77,ami,0.5959863556915161
Direct MDT (AMI),77,ari,0.42928890194597163
Direct MDT (AMI),78,chs,5.235546591865327
Direct MDT (AMI),78,ami,0.5959863556915161
Direct MDT (AMI),78,ari,0.42928890194597163
Direct MDT (AMI),79,chs,5.235546591865327
Direct MDT (AMI),79,ami,0.5959863556915163
Direct MDT (AMI),79,ari,0.42928890194597163
Direct MDT (AMI),80,chs,5.189341434760009
Direct MDT (AMI),80,ami,0.5980024800112301
Direct MDT (AMI),80,ari,0.4198716644282555
Direct MDT (AMI),81,chs,5.209662025862996
Direct MDT (AMI),81,ami,0.6022839113395336
Direct MDT (AMI),81,ari,0.4183019439070294
Direct MDT (AMI),82,chs,5.023456250658706
Direct MDT (AMI),82,ami,0.5690598646872539
Direct MDT (AMI),82,ari,0.43604827198408236
Direct MDT (AMI),83,chs,5.190981780415182
Direct MDT (AMI),83,ami,0.6014317938579679
Direct MDT (AMI),83,ari,0.4376093498495346
Direct MDT (AMI),84,chs,5.206996245428439
Direct MDT (AMI),84,ami,0.588170270114968
Direct MDT (AMI),84,ari,0.42871346749009226
Direct MDT (AMI),85,chs,5.218125245382832
Direct MDT (AMI),85,ami,0.5795813889008797
Direct MDT (AMI),85,ari,0.38716404377954794
Direct MDT (AMI),86,chs,5.218125245382832
Direct MDT (AMI),86,ami,0.5795813889008797
Direct MDT (AMI),86,ari,0.38716404377954794
Direct MDT (AMI),87,chs,5.190981780415181
Direct MDT (AMI),87,ami,0.6014317938579679
Direct MDT (AMI),87,ari,0.4376093498495346
Direct MDT (AMI),88,chs,5.22026081882399
Direct MDT (AMI),88,ami,0.5878230535496785
Direct MDT (AMI),88,ari,0.39177414180301573
Direct MDT (AMI),89,chs,5.209623714761371
Direct MDT (AMI),89,ami,0.5889561052837158
Direct MDT (AMI),89,ari,0.41370396070587917
Direct MDT (AMI),90,chs,5.210008075238598
Direct MDT (AMI),90,ami,0.5907888643996849
Direct MDT (AMI),90,ari,0.42672515841515213
Direct MDT (AMI),91,chs,5.203612048597013
Direct MDT (AMI),91,ami,0.5889561052837158
Direct MDT (AMI),91,ari,0.41370396070587917
Direct MDT (AMI),92,chs,5.2096237147613715
Direct MDT (AMI),92,ami,0.5889561052837158
Direct MDT (AMI),92,ari,0.41370396070587917
Direct MDT (AMI),93,chs,5.235546591865327
Direct MDT (AMI),93,ami,0.5959863556915165
Direct MDT (AMI),93,ari,0.42928890194597163
Direct MDT (AMI),94,chs,5.235546591865327
Direct MDT (AMI),94,ami,0.5959863556915163
Direct MDT (AMI),94,ari,0.42928890194597163
Direct MDT (AMI),95,chs,5.167934590792221
Direct MDT (AMI),95,ami,0.6025946780577334
Direct MDT (AMI),95,ari,0.4399426620009275
Direct MDT (AMI),96,chs,5.235546591865326
Direct MDT (AMI),96,ami,0.5959863556915163
Direct MDT (AMI),96,ari,0.42928890194597163
Direct MDT (AMI),97,chs,5.218125245382833
Direct MDT (AMI),97,ami,0.5795813889008795
Direct MDT (AMI),97,ari,0.38716404377954794
Direct MDT (AMI),98,chs,5.20705975233924
Direct MDT (AMI),98,ami,0.5918848740817048
Direct MDT (AMI),98,ari,0.42842746168381274
Direct MDT (AMI),99,chs,5.196757916707123
Direct MDT (AMI),99,ami,0.5845046069789726
Direct MDT (AMI),99,ari,0.41898649661393395
GCCA + MDT,0,chs,5.165263105253518
GCCA + MDT,0,ami,0.5931910199703496
GCCA + MDT,0,ari,0.4341159096241701
GCCA + MDT,1,chs,5.161375481084035
GCCA + MDT,1,ami,0.5843158999480363
GCCA + MDT,1,ari,0.42703009653605906
GCCA + MDT,2,chs,5.1264573000438345
GCCA + MDT,2,ami,0.5901380079155156
GCCA + MDT,2,ari,0.4352664033811404
GCCA + MDT,3,chs,5.149585119788349
GCCA + MDT,3,ami,0.5914773340428781
GCCA + MDT,3,ari,0.43043865051666325
GCCA + MDT,4,chs,5.129299648297143
GCCA + MDT,4,ami,0.5922897657528614
GCCA + MDT,4,ari,0.44598559997709736
GCCA + MDT,5,chs,5.190132941927401
GCCA + MDT,5,ami,0.5958668972590773
GCCA + MDT,5,ari,0.4441548824425742
GCCA + MDT,6,chs,5.149585119788347
GCCA + MDT,6,ami,0.5914773340428783
GCCA + MDT,6,ari,0.43043865051666325
GCCA + MDT,7,chs,5.16356020971314
GCCA + MDT,7,ami,0.5853248973973214
GCCA + MDT,7,ari,0.42129385520178464
GCCA + MDT,8,chs,5.149366259018433
GCCA + MDT,8,ami,0.5961259378432566
GCCA + MDT,8,ari,0.4435310987123245
GCCA + MDT,9,chs,5.165263105253518
GCCA + MDT,9,ami,0.59319101997035
GCCA + MDT,9,ari,0.4341159096241701
GCCA + MDT,10,chs,5.178604127338285
GCCA + MDT,10,ami,0.589249656207567
GCCA + MDT,10,ari,0.4472280913572794
GCCA + MDT,11,chs,5.098787892777293
GCCA + MDT,11,ami,0.6128155610612758
GCCA + MDT,11,ari,0.46768757022179686
GCCA + MDT,12,chs,5.0821237123778875
GCCA + MDT,12,ami,0.5865674006863428
GCCA + MDT,12,ari,0.39673333082244233
GCCA + MDT,13,chs,5.098787892777293
GCCA + MDT,13,ami,0.612815561061276
GCCA + MDT,13,ari,0.46768757022179686
GCCA + MDT,14,chs,5.115777737973793
GCCA + MDT,14,ami,0.5893312563451285
GCCA + MDT,14,ari,0.4338313399274373
GCCA + MDT,15,chs,5.06680816332718
GCCA + MDT,15,ami,0.5894417106761776
GCCA + MDT,15,ari,0.4340739528349496
GCCA + MDT,16,chs,5.129299648297143
GCCA + MDT,16,ami,0.5922897657528614
GCCA + MDT,16,ari,0.44598559997709736
GCCA + MDT,17,chs,5.165263105253518
GCCA + MDT,17,ami,0.5931910199703498
GCCA + MDT,17,ari,0.4341159096241701
GCCA + MDT,18,chs,5.130273728289748
GCCA + MDT,18,ami,0.5931910199703497
GCCA + MDT,18,ari,0.4341159096241701
GCCA + MDT,19,chs,5.130367308594324
GCCA + MDT,19,ami,0.5970499406963848
GCCA + MDT,19,ari,0.4427864878875765
GCCA + MDT,20,chs,5.1652631052535165
GCCA + MDT,20,ami,0.5931910199703498
GCCA + MDT,20,ari,0.4341159096241701
GCCA + MDT,21,chs,5.121275456271341
GCCA + MDT,21,ami,0.5815660673216198
GCCA + MDT,21,ari,0.42033805515636763
GCCA + MDT,22,chs,5.10360153187693
GCCA + MDT,22,ami,0.5914525804312354
GCCA + MDT,22,ari,0.44035036819054724
GCCA + MDT,23,chs,5.1235280561089676
GCCA + MDT,23,ami,0.5814904593983097
GCCA + MDT,23,ari,0.42844025209733294
GCCA + MDT,24,chs,5.149366259018433
GCCA + MDT,24,ami,0.5961259378432566
GCCA + MDT,24,ari,0.4435310987123245
GCCA + MDT,25,chs,5.165263105253518
GCCA + MDT,25,ami,0.5931910199703498
GCCA + MDT,25,ari,0.4341159096241701
GCCA + MDT,26,chs,5.119321482397816
GCCA + MDT,26,ami,0.5852694600852549
GCCA + MDT,26,ari,0.4196627168682007
GCCA + MDT,27,chs,5.146885477094124
GCCA + MDT,27,ami,0.5908354437779116
GCCA + MDT,27,ari,0.4321519728858948
GCCA + MDT,28,chs,5.020421516797685
GCCA + MDT,28,ami,0.5972230821036288
GCCA + MDT,28,ari,0.448245432609445
GCCA + MDT,29,chs,5.104337718531613
GCCA + MDT,29,ami,0.6002811524844212
GCCA + MDT,29,ari,0.4470492906486479
GCCA + MDT,30,chs,5.149354896175132
GCCA + MDT,30,ami,0.5929489810470531
GCCA + MDT,30,ari,0.4329555219116985
GCCA + MDT,31,chs,5.166959067855468
GCCA + MDT,31,ami,0.5776564311982147
GCCA + MDT,31,ari,0.4339388758281684
GCCA + MDT,32,chs,5.165263105253518
GCCA + MDT,32,ami,0.5931910199703498
GCCA + MDT,32,ari,0.4341159096241701
GCCA + MDT,33,chs,5.126107673971589
GCCA + MDT,33,ami,0.5868099091830056
GCCA + MDT,33,ari,0.4240336933632226
GCCA + MDT,34,chs,5.119908199840926
GCCA + MDT,34,ami,0.5911252975994206
GCCA + MDT,34,ari,0.4435843704115526
GCCA + MDT,35,chs,5.182350201400344
GCCA + MDT,35,ami,0.5922897657528614
GCCA + MDT,35,ari,0.44598559997709736
GCCA + MDT,36,chs,5.149585119788348
GCCA + MDT,36,ami,0.5914773340428781
GCCA + MDT,36,ari,0.43043865051666325
GCCA + MDT,37,chs,5.157376904261615
GCCA + MDT,37,ami,0.5836280906894129
GCCA + MDT,37,ari,0.4250617641781569
GCCA + MDT,38,chs,5.127690075092545
GCCA + MDT,38,ami,0.5879958500725494
GCCA + MDT,38,ari,0.43874058863791926
GCCA + MDT,39,chs,5.12944319242427
GCCA + MDT,39,ami,0.5903349308321616
GCCA + MDT,39,ari,0.43355300424144455
GCCA + MDT,40,chs,5.131364905009634
GCCA + MDT,40,ami,0.5910455209616853
GCCA + MDT,40,ari,0.437566954658653
GCCA + MDT,41,chs,5.16454512299367
GCCA + MDT,41,ami,0.586803926849853
GCCA + MDT,41,ari,0.4421172615231175
GCCA + MDT,42,chs,5.131091313387333
GCCA + MDT,42,ami,0.5982601050637285
GCCA + MDT,42,ari,0.4427864878875765
GCCA + MDT,43,chs,5.05092708724082
GCCA + MDT,43,ami,0.5925004285266834
GCCA + MDT,43,ari,0.4329461313769445
GCCA + MDT,44,chs,5.161375205214384
GCCA + MDT,44,ami,0.5931910199703496
GCCA + MDT,44,ari,0.4341159096241701
GCCA + MDT,45,chs,5.161375205214384
GCCA + MDT,45,ami,0.5931910199703495
GCCA + MDT,45,ari,0.4341159096241701
GCCA + MDT,46,chs,5.137969523891564
GCCA + MDT,46,ami,0.6082152217193006
GCCA + MDT,46,ari,0.4508504166837159
GCCA + MDT,47,chs,5.178604127338284
GCCA + MDT,47,ami,0.5892496562075671
GCCA + MDT,47,ari,0.4472280913572794
GCCA + MDT,48,chs,5.133296123329278
GCCA + MDT,48,ami,0.588849057736854
GCCA + MDT,48,ari,0.42788321774160054
GCCA + MDT,49,chs,5.1644140247207835
GCCA + MDT,49,ami,0.5919019226957851
GCCA + MDT,49,ari,0.42676318510858324
GCCA + MDT,50,chs,4.985410803537256
GCCA + MDT,50,ami,0.5927802619028418
GCCA + MDT,50,ari,0.4435109318027423
GCCA + MDT,51,chs,5.1652631052535165
GCCA + MDT,51,ami,0.5931910199703497
GCCA + MDT,51,ari,0.4341159096241701
GCCA + MDT,52,chs,5.149585119788348
GCCA + MDT,52,ami,0.5914773340428783
GCCA + MDT,52,ari,0.43043865051666325
GCCA + MDT,53,chs,5.117623472229751
GCCA + MDT,53,ami,0.5942215058453646
GCCA + MDT,53,ari,0.437469986965768
GCCA + MDT,54,chs,5.158837423926781
GCCA + MDT,54,ami,0.5883304203753701
GCCA + MDT,54,ari,0.41860371429722437
GCCA + MDT,55,chs,5.121275456271342
GCCA + MDT,55,ami,0.5815660673216199
GCCA + MDT,55,ari,0.42033805515636763
GCCA + MDT,56,chs,4.850556284847545
GCCA + MDT,56,ami,0.5780242483254744
GCCA + MDT,56,ari,0.4114140027456364
GCCA + MDT,57,chs,5.1652631052535165
GCCA + MDT,57,ami,0.59319101997035
GCCA + MDT,57,ari,0.4341159096241701
GCCA + MDT,58,chs,5.151039989644089
GCCA + MDT,58,ami,0.5788261679266961
GCCA + MDT,58,ari,0.4362991258566176
GCCA + MDT,59,chs,5.060906256020654
GCCA + MDT,59,ami,0.5893074928762851
GCCA + MDT,59,ari,0.4341159096241701
GCCA + MDT,60,chs,5.163560209713139
GCCA + MDT,60,ami,0.5853248973973215
GCCA + MDT,60,ari,0.42129385520178464
GCCA + MDT,61,chs,5.097662022901774
GCCA + MDT,61,ami,0.5940281289834718
GCCA + MDT,61,ari,0.4274127489290846
GCCA + MDT,62,chs,5.178604127338286
GCCA + MDT,62,ami,0.5892496562075671
GCCA + MDT,62,ari,0.4472280913572794
GCCA + MDT,63,chs,5.161555723313238
GCCA + MDT,63,ami,0.5901380079155155
GCCA + MDT,63,ari,0.4352664033811404
GCCA + MDT,64,chs,5.0109650363700675
GCCA + MDT,64,ami,0.5925004285266834
GCCA + MDT,64,ari,0.4329461313769445
GCCA + MDT,65,chs,5.182350201400344
GCCA + MDT,65,ami,0.5922897657528614
GCCA + MDT,65,ari,0.44598559997709736
GCCA + MDT,66,chs,5.144682533918842
GCCA + MDT,66,ami,0.5871170279080828
GCCA + MDT,66,ari,0.4509326492456194
GCCA + MDT,67,chs,5.128055418450075
GCCA + MDT,67,ami,0.5961109286843101
GCCA + MDT,67,ari,0.4364735417455576
GCCA + MDT,68,chs,5.165263105253519
GCCA + MDT,68,ami,0.5931910199703497
GCCA + MDT,68,ari,0.4341159096241701
GCCA + MDT,69,chs,5.153078112990143
GCCA + MDT,69,ami,0.5960090605513676
GCCA + MDT,69,ari,0.43183207662522927
GCCA + MDT,70,chs,5.165263105253519
GCCA + MDT,70,ami,0.5931910199703498
GCCA + MDT,70,ari,0.4341159096241701
GCCA + MDT,71,chs,5.060906256020654
GCCA + MDT,71,ami,0.5893074928762853
GCCA + MDT,71,ari,0.4341159096241701
GCCA + MDT,72,chs,5.119908199840926
GCCA + MDT,72,ami,0.5911252975994206
GCCA + MDT,72,ari,0.4435843704115526
GCCA + MDT,73,chs,5.118749767782209
GCCA + MDT,73,ami,0.6037855805645036
GCCA + MDT,73,ari,0.44592311812451074
GCCA + MDT,74,chs,5.07589009065354
GCCA + MDT,74,ami,0.6051907708815599
GCCA + MDT,74,ari,0.4634665769969036
GCCA + MDT,75,chs,5.127616015280291
GCCA + MDT,75,ami,0.5900192526877392
GCCA + MDT,75,ari,0.42258263190309997
GCCA + MDT,76,chs,5.1468854770941235
GCCA + MDT,76,ami,0.5908354437779114
GCCA + MDT,76,ari,0.4321519728858948
GCCA + MDT,77,chs,5.145574171022196
GCCA + MDT,77,ami,0.5930817114912259
GCCA + MDT,77,ari,0.4447533108098476
GCCA + MDT,78,chs,5.165263105253518
GCCA + MDT,78,ami,0.5931910199703498
GCCA + MDT,78,ari,0.4341159096241701
GCCA + MDT,79,chs,5.149148192562003
GCCA + MDT,79,ami,0.6016278046908651
GCCA + MDT,79,ari,0.4545076978159685
GCCA + MDT,80,chs,5.128997380324564
GCCA + MDT,80,ami,0.5801097737197743
GCCA + MDT,80,ari,0.43897776436261193
GCCA + MDT,81,chs,5.074541794775307
GCCA + MDT,81,ami,0.6047350295584657
GCCA + MDT,81,ari,0.4112157716315783
GCCA + MDT,82,chs,5.066808163327179
GCCA + MDT,82,ami,0.5894417106761773
GCCA + MDT,82,ari,0.4340739528349496
GCCA + MDT,83,chs,5.130886582275175
GCCA + MDT,83,ami,0.5899288572045976
GCCA + MDT,83,ari,0.43072192773766294
GCCA + MDT,84,chs,5.131091313387333
GCCA + MDT,84,ami,0.5982601050637285
GCCA + MDT,84,ari,0.4427864878875765
GCCA + MDT,85,chs,5.145574171022196
GCCA + MDT,85,ami,0.5930817114912258
GCCA + MDT,85,ari,0.4447533108098476
GCCA + MDT,86,chs,5.116244291182136
GCCA + MDT,86,ami,0.5880844642723076
GCCA + MDT,86,ari,0.44481184065501495
GCCA + MDT,87,chs,5.153078112990143
GCCA + MDT,87,ami,0.5960090605513676
GCCA + MDT,87,ari,0.43183207662522927
GCCA + MDT,88,chs,5.157376904261616
GCCA + MDT,88,ami,0.5836280906894128
GCCA + MDT,88,ari,0.4250617641781569
GCCA + MDT,89,chs,5.131452076236401
GCCA + MDT,89,ami,0.5848568177680115
GCCA + MDT,89,ari,0.44662215521573695
GCCA + MDT,90,chs,5.094624886279015
GCCA + MDT,90,ami,0.5961342488061401
GCCA + MDT,90,ari,0.4551693054768032
GCCA + MDT,91,chs,5.149585119788348
GCCA + MDT,91,ami,0.5914773340428782
GCCA + MDT,91,ari,0.43043865051666325
GCCA + MDT,92,chs,5.075044716800868
GCCA + MDT,92,ami,0.6018862636979914
GCCA + MDT,92,ari,0.4415746662864437
GCCA + MDT,93,chs,5.121275456271342
GCCA + MDT,93,ami,0.58156606732162
GCCA + MDT,93,ari,0.42033805515636763
GCCA + MDT,94,chs,5.130077657990998
GCCA + MDT,94,ami,0.6081920821443584
GCCA + MDT,94,ari,0.4523018444836403
GCCA + MDT,95,chs,5.039834756455412
GCCA + MDT,95,ami,0.5972230821036288
GCCA + MDT,95,ari,0.448245432609445
GCCA + MDT,96,chs,5.1299916326122785
GCCA + MDT,96,ami,0.586803926849853
GCCA + MDT,96,ari,0.4421172615231175
GCCA + MDT,97,chs,5.127616015280292
GCCA + MDT,97,ami,0.5900192526877391
GCCA + MDT,97,ari,0.42258263190309997
GCCA + MDT,98,chs,5.176059431141082
GCCA + MDT,98,ami,0.6034349450275187
GCCA + MDT,98,ari,0.4353982776456679
GCCA + MDT,99,chs,5.154415548179207
GCCA + MDT,99,ami,0.5849271216235601
GCCA + MDT,99,ari,0.40443052196095536
MVSC,0,chs,5.153643356436615
MVSC,0,ami,0.6000539004639621
MVSC,0,ari,0.45449802165311537
MVSC,1,chs,4.993381204607927
MVSC,1,ami,0.5652997370705449
MVSC,1,ari,0.43072637668737945
MVSC,2,chs,4.942258498218227
MVSC,2,ami,0.587945304589784
MVSC,2,ari,0.43445504068114665
MVSC,3,chs,5.070104682338942
MVSC,3,ami,0.6018474621502508
MVSC,3,ari,0.435174240880375
MVSC,4,chs,5.1573812332436155
MVSC,4,ami,0.6030959794852485
MVSC,4,ari,0.4532149815977484
MVSC,5,chs,5.126466702939375
MVSC,5,ami,0.5927335356276124
MVSC,5,ari,0.44598559997709736
MVSC,6,chs,5.1565087009531725
MVSC,6,ami,0.5938971011383896
MVSC,6,ari,0.4484067094993748
MVSC,7,chs,4.898939992337158
MVSC,7,ami,0.5817840061709024
MVSC,7,ari,0.4295672296772919
MVSC,8,chs,5.093592922083682
MVSC,8,ami,0.5854572854697097
MVSC,8,ari,0.4396899631394146
MVSC,9,chs,5.161668392394576
MVSC,9,ami,0.5938971011383896
MVSC,9,ari,0.4484067094993748
MVSC,10,chs,4.972878913343569
MVSC,10,ami,0.5832271346869908
MVSC,10,ari,0.43944744642527905
MVSC,11,chs,4.933487218152332
MVSC,11,ami,0.5810205165758131
MVSC,11,ari,0.426184845593218
MVSC,12,chs,5.198066207638316
MVSC,12,ami,0.5893789748316404
MVSC,12,ari,0.43363258591101844
MVSC,13,chs,5.175233959308158
MVSC,13,ami,0.5965062540311563
MVSC,13,ari,0.4422129322357741
MVSC,14,chs,5.005125391562998
MVSC,14,ami,0.5795383325268132
MVSC,14,ari,0.44652311029296343
MVSC,15,chs,5.156508700953172
MVSC,15,ami,0.5938971011383896
MVSC,15,ari,0.4484067094993748
MVSC,16,chs,5.146021787213985
MVSC,16,ami,0.5988937166500616
MVSC,16,ari,0.4520314642418994
MVSC,17,chs,5.153643356436614
MVSC,17,ami,0.600053900463962
MVSC,17,ari,0.45449802165311537
MVSC,18,chs,5.161668392394577
MVSC,18,ami,0.5938971011383896
MVSC,18,ari,0.4484067094993748
MVSC,19,chs,4.93229237291293
MVSC,19,ami,0.5721658650894625
MVSC,19,ari,0.4235389769684736
MVSC,20,chs,5.156508700953171
MVSC,20,ami,0.5938971011383898
MVSC,20,ari,0.4484067094993748
MVSC,21,chs,5.15638614717485
MVSC,21,ami,0.5935792723999831
MVSC,21,ari,0.4437468427509562
MVSC,22,chs,5.153643356436615
MVSC,22,ami,0.600053900463962
MVSC,22,ari,0.45449802165311537
MVSC,23,chs,5.104580544557446
MVSC,23,ami,0.6030959794852484
MVSC,23,ari,0.4532149815977484
MVSC,24,chs,5.125210885879926
MVSC,24,ami,0.5898763214606059
MVSC,24,ari,0.44404973357015987
MVSC,25,chs,5.1565087009531725
MVSC,25,ami,0.5938971011383896
MVSC,25,ari,0.4484067094993748
MVSC,26,chs,5.147402549794853
MVSC,26,ami,0.5837070647333672
MVSC,26,ari,0.42310707654219104
MVSC,27,chs,5.148879513381086
MVSC,27,ami,0.5927335356276122
MVSC,27,ari,0.44598559997709736
MVSC,28,chs,5.153643356436615
MVSC,28,ami,0.6000539004639618
MVSC,28,ari,0.45449802165311537
MVSC,29,chs,4.907145878658622
MVSC,29,ami,0.5812536432209646
MVSC,29,ari,0.43130358631015436
MVSC,30,chs,5.170676532268584
MVSC,30,ami,0.6054680763913239
MVSC,30,ari,0.4501543542249982
MVSC,31,chs,5.1678348796399165
MVSC,31,ami,0.6120539721824483
MVSC,31,ari,0.46118780744651694
MVSC,32,chs,5.097224673837629
MVSC,32,ami,0.5884922059439371
MVSC,32,ari,0.438462096481683
MVSC,33,chs,5.1563861471748496
MVSC,33,ami,0.5935792723999828
MVSC,33,ari,0.4437468427509562
MVSC,34,chs,5.153643356436615
MVSC,34,ami,0.600053900463962
MVSC,34,ari,0.45449802165311537
MVSC,35,chs,5.190132941927401
MVSC,35,ami,0.595866897259077
MVSC,35,ari,0.4441548824425742
MVSC,36,chs,5.153643356436615
MVSC,36,ami,0.6000539004639619
MVSC,36,ari,0.45449802165311537
MVSC,37,chs,5.138546776780395
MVSC,37,ami,0.5964412899523227
MVSC,37,ari,0.42848179821869414
MVSC,38,chs,5.156508700953171
MVSC,38,ami,0.5938971011383896
MVSC,38,ari,0.4484067094993748
MVSC,39,chs,4.993371419737092
MVSC,39,ami,0.5774352593147665
MVSC,39,ari,0.4310137930060847
MVSC,40,chs,5.151246754360099
MVSC,40,ami,0.5988937166500616
MVSC,40,ari,0.4520314642418994
MVSC,41,chs,5.153643356436615
MVSC,41,ami,0.6000539004639622
MVSC,41,ari,0.45449802165311537
MVSC,42,chs,4.951263479899854
MVSC,42,ami,0.5714821543553263
MVSC,42,ari,0.41711266923896057
MVSC,43,chs,5.153643356436615
MVSC,43,ami,0.6000539004639619
MVSC,43,ari,0.45449802165311537
MVSC,44,chs,5.198066207638317
MVSC,44,ami,0.5893789748316404
MVSC,44,ari,0.43363258591101844
MVSC,45,chs,5.153643356436615
MVSC,45,ami,0.6000539004639621
MVSC,45,ari,0.45449802165311537
MVSC,46,chs,5.153643356436615
MVSC,46,ami,0.6000539004639619
MVSC,46,ari,0.45449802165311537
MVSC,47,chs,5.146021787213985
MVSC,47,ami,0.5988937166500616
MVSC,47,ari,0.4520314642418994
MVSC,48,chs,5.1563861471748496
MVSC,48,ami,0.593579272399983
MVSC,48,ari,0.4437468427509562
MVSC,49,chs,5.096410861246603
MVSC,49,ami,0.6000539004639619
MVSC,49,ari,0.45449802165311537
MVSC,50,chs,5.153643356436616
MVSC,50,ami,0.6000539004639619
MVSC,50,ari,0.45449802165311537
MVSC,51,chs,5.148533090046656
MVSC,51,ami,0.6082608898981775
MVSC,51,ari,0.45137854213670486
MVSC,52,chs,5.137954209849828
MVSC,52,ami,0.5988937166500616
MVSC,52,ari,0.4520314642418994
MVSC,53,chs,5.1592298827545005
MVSC,53,ami,0.5874144853106344
MVSC,53,ari,0.4377692847225204
MVSC,54,chs,5.1300303193305625
MVSC,54,ami,0.6019365216216206
MVSC,54,ari,0.4507639457835655
MVSC,55,chs,5.159229882754501
MVSC,55,ami,0.5874144853106342
MVSC,55,ari,0.4377692847225204
MVSC,56,chs,5.195307447139734
MVSC,56,ami,0.595866897259077
MVSC,56,ari,0.4441548824425742
MVSC,57,chs,5.190132941927402
MVSC,57,ami,0.595866897259077
MVSC,57,ari,0.4441548824425742
MVSC,58,chs,4.877763861626827
MVSC,58,ami,0.578652255177932
MVSC,58,ari,0.4202157864849517
MVSC,59,chs,5.110449583097053
MVSC,59,ami,0.6040411864475475
MVSC,59,ari,0.44098946811914796
MVSC,60,chs,5.153643356436615
MVSC,60,ami,0.6000539004639619
MVSC,60,ari,0.45449802165311537
MVSC,61,chs,5.070104682338941
MVSC,61,ami,0.6018474621502505
MVSC,61,ari,0.435174240880375
MVSC,62,chs,5.190132941927403
MVSC,62,ami,0.5958668972590772
MVSC,62,ari,0.4441548824425742
MVSC,63,chs,5.153643356436615
MVSC,63,ami,0.6000539004639619
MVSC,63,ari,0.45449802165311537
MVSC,64,chs,5.161644921003799
MVSC,64,ami,0.5935792723999829
MVSC,64,ari,0.4437468427509562
MVSC,65,chs,5.156508700953172
MVSC,65,ami,0.5938971011383896
MVSC,65,ari,0.4484067094993748
MVSC,66,chs,5.091504838683462
MVSC,66,ami,0.5988937166500616
MVSC,66,ari,0.4520314642418994
MVSC,67,chs,5.153643356436615
MVSC,67,ami,0.6000539004639621
MVSC,67,ari,0.45449802165311537
MVSC,68,chs,5.0945822107369905
MVSC,68,ami,0.5914590492153428
MVSC,68,ari,0.41624379004009004
MVSC,69,chs,5.153643356436615
MVSC,69,ami,0.6000539004639621
MVSC,69,ari,0.45449802165311537
MVSC,70,chs,5.156508700953172
MVSC,70,ami,0.5938971011383896
MVSC,70,ari,0.4484067094993748
MVSC,71,chs,5.093592922083683
MVSC,71,ami,0.5854572854697097
MVSC,71,ari,0.4396899631394146
MVSC,72,chs,5.145065020722679
MVSC,72,ami,0.5971055370686942
MVSC,72,ari,0.44655598930404816
MVSC,73,chs,5.123660598150395
MVSC,73,ami,0.5988937166500616
MVSC,73,ari,0.4520314642418994
MVSC,74,chs,5.153643356436617
MVSC,74,ami,0.6000539004639619
MVSC,74,ari,0.45449802165311537
MVSC,75,chs,4.919568104359222
MVSC,75,ami,0.5782758707423195
MVSC,75,ari,0.45795523290986084
MVSC,76,chs,5.153643356436615
MVSC,76,ami,0.6000539004639619
MVSC,76,ari,0.45449802165311537
MVSC,77,chs,4.886351846508211
MVSC,77,ami,0.5810965489296295
MVSC,77,ari,0.4273507784578729
MVSC,78,chs,5.153643356436615
MVSC,78,ami,0.6000539004639619
MVSC,78,ari,0.45449802165311537
MVSC,79,chs,5.110449583097053
MVSC,79,ami,0.6040411864475477
MVSC,79,ari,0.44098946811914796
MVSC,80,chs,5.146885477094123
MVSC,80,ami,0.5908354437779115
MVSC,80,ari,0.4321519728858948
MVSC,81,chs,5.192814392696127
MVSC,81,ami,0.5893789748316401
MVSC,81,ari,0.43363258591101844
MVSC,82,chs,5.153643356436615
MVSC,82,ami,0.6000539004639621
MVSC,82,ari,0.45449802165311537
MVSC,83,chs,5.178107494224233
MVSC,83,ami,0.5903412494519021
MVSC,83,ari,0.4362755574552967
MVSC,84,chs,5.119095584603481
MVSC,84,ami,0.5950022088694099
MVSC,84,ari,0.44706155027305783
MVSC,85,chs,5.156508700953172
MVSC,85,ami,0.5938971011383896
MVSC,85,ari,0.4484067094993748
MVSC,86,chs,5.153643356436615
MVSC,86,ami,0.6000539004639619
MVSC,86,ari,0.45449802165311537
MVSC,87,chs,5.16021155776762
MVSC,87,ami,0.5965062540311562
MVSC,87,ari,0.4422129322357741
MVSC,88,chs,5.190132941927402
MVSC,88,ami,0.5958668972590769
MVSC,88,ari,0.4441548824425742
MVSC,89,chs,5.16021155776762
MVSC,89,ami,0.5965062540311563
MVSC,89,ari,0.4422129322357741
MVSC,90,chs,5.153643356436615
MVSC,90,ami,0.6000539004639619
MVSC,90,ari,0.45449802165311537
MVSC,91,chs,5.153643356436615
MVSC,91,ami,0.6000539004639619
MVSC,91,ari,0.45449802165311537
MVSC,92,chs,5.075903641388856
MVSC,92,ami,0.5867435073120336
MVSC,92,ari,0.43655840553113395
MVSC,93,chs,5.211834775370427
MVSC,93,ami,0.5923093584476466
MVSC,93,ari,0.43217144551268477
MVSC,94,chs,5.093592922083682
MVSC,94,ami,0.5854572854697097
MVSC,94,ari,0.4396899631394146
MVSC,95,chs,5.126466702939375
MVSC,95,ami,0.5927335356276124
MVSC,95,ari,0.44598559997709736
MVSC,96,chs,5.16021155776762
MVSC,96,ami,0.5965062540311563
MVSC,96,ari,0.4422129322357741
MVSC,97,chs,5.16027950087317
MVSC,97,ami,0.5969394405940994
MVSC,97,ari,0.4471593592991798
MVSC,98,chs,5.158825505394504
MVSC,98,ami,0.6000539004639621
MVSC,98,ari,0.45449802165311537
MVSC,99,chs,5.153643356436615
MVSC,99,ami,0.6000539004639621
MVSC,99,ari,0.45449802165311537
MVSC + MDT,0,chs,5.177757502884146
MVSC + MDT,0,ami,0.5913106040767503
MVSC + MDT,0,ari,0.43802041077757375
MVSC + MDT,1,chs,5.146575393169938
MVSC + MDT,1,ami,0.5866255867989775
MVSC + MDT,1,ari,0.44563178784838836
MVSC + MDT,2,chs,5.190132941927401
MVSC + MDT,2,ami,0.5958668972590769
MVSC + MDT,2,ari,0.4441548824425742
MVSC + MDT,3,chs,5.1307238617294315
MVSC + MDT,3,ami,0.5846715284116387
MVSC + MDT,3,ari,0.44574695800830355
MVSC + MDT,4,chs,5.181453373363183
MVSC + MDT,4,ami,0.5827661771613627
MVSC + MDT,4,ari,0.436595525400438
MVSC + MDT,5,chs,5.1660645044481805
MVSC + MDT,5,ami,0.5871019356424027
MVSC + MDT,5,ari,0.4368532672900921
MVSC + MDT,6,chs,5.193936727387556
MVSC + MDT,6,ami,0.5989128451890979
MVSC + MDT,6,ari,0.4429363627338354
MVSC + MDT,7,chs,5.177699933022262
MVSC + MDT,7,ami,0.5861728385347573
MVSC + MDT,7,ari,0.43540178762348714
MVSC + MDT,8,chs,5.181453373363183
MVSC + MDT,8,ami,0.5827661771613627
MVSC + MDT,8,ari,0.436595525400438
MVSC + MDT,9,chs,5.15035475903269
MVSC + MDT,9,ami,0.5846715284116387
MVSC + MDT,9,ari,0.44574695800830355
MVSC + MDT,10,chs,5.186114176369825
MVSC + MDT,10,ami,0.5977496788725555
MVSC + MDT,10,ari,0.4405695156574431
MVSC + MDT,11,chs,5.127084948928566
MVSC + MDT,11,ami,0.5809780488094178
MVSC + MDT,11,ari,0.4407774269359978
MVSC + MDT,12,chs,5.171063277980598
MVSC + MDT,12,ami,0.5880844642723076
MVSC + MDT,12,ari,0.44481184065501495
MVSC + MDT,13,chs,5.151844376885209
MVSC + MDT,13,ami,0.5866255867989776
MVSC + MDT,13,ari,0.44563178784838836
MVSC + MDT,14,chs,5.192814392696127
MVSC + MDT,14,ami,0.5893789748316403
MVSC + MDT,14,ari,0.43363258591101844
MVSC + MDT,15,chs,4.913009379787549
MVSC + MDT,15,ami,0.5646885775556135
MVSC + MDT,15,ari,0.41650368274312344
MVSC + MDT,16,chs,5.177757502884145
MVSC + MDT,16,ami,0.5913106040767503
MVSC + MDT,16,ari,0.43802041077757375
MVSC + MDT,17,chs,5.186608620404962
MVSC + MDT,17,ami,0.60710134937528
MVSC + MDT,17,ari,0.44897613091957433
MVSC + MDT,18,chs,5.182425750343454
MVSC + MDT,18,ami,0.5947030036210347
MVSC + MDT,18,ari,0.44177339063098325
MVSC + MDT,19,chs,5.146575393169939
MVSC + MDT,19,ami,0.5866255867989772
MVSC + MDT,19,ari,0.44563178784838836
MVSC + MDT,20,chs,5.170987045065206
MVSC + MDT,20,ami,0.594537296388642
MVSC + MDT,20,ari,0.44236693783096953
MVSC + MDT,21,chs,5.186114176369825
MVSC + MDT,21,ami,0.5977496788725555
MVSC + MDT,21,ari,0.4405695156574431
MVSC + MDT,22,chs,5.178604127338285
MVSC + MDT,22,ami,0.5892496562075671
MVSC + MDT,22,ari,0.4472280913572794
MVSC + MDT,23,chs,5.1436709783299674
MVSC + MDT,23,ami,0.5930974216411082
MVSC + MDT,23,ari,0.4564700042340093
MVSC + MDT,24,chs,5.127084948928566
MVSC + MDT,24,ami,0.5809780488094178
MVSC + MDT,24,ari,0.4407774269359978
MVSC + MDT,25,chs,5.13845781433961
MVSC + MDT,25,ami,0.587584380749699
MVSC + MDT,25,ari,0.43775444611099207
MVSC + MDT,26,chs,5.181878203470361
MVSC + MDT,26,ami,0.59210432463079
MVSC + MDT,26,ari,0.44511278195488724
MVSC + MDT,27,chs,5.187643568026327
MVSC + MDT,27,ami,0.5947030036210348
MVSC + MDT,27,ari,0.44177339063098325
MVSC + MDT,28,chs,5.171063277980598
MVSC + MDT,28,ami,0.5880844642723076
MVSC + MDT,28,ari,0.44481184065501495
MVSC + MDT,29,chs,5.025308690957314
MVSC + MDT,29,ami,0.5621924423984542
MVSC + MDT,29,ari,0.42435413929968785
MVSC + MDT,30,chs,5.153078112990143
MVSC + MDT,30,ami,0.5960090605513677
MVSC + MDT,30,ari,0.43183207662522927
MVSC + MDT,31,chs,5.171063277980598
MVSC + MDT,31,ami,0.5880844642723075
MVSC + MDT,31,ari,0.44481184065501495
MVSC + MDT,32,chs,4.937210160682
MVSC + MDT,32,ami,0.5727011755397181
MVSC + MDT,32,ari,0.3993453355155483
MVSC + MDT,33,chs,5.171063277980598
MVSC + MDT,33,ami,0.5880844642723076
MVSC + MDT,33,ari,0.44481184065501495
MVSC + MDT,34,chs,5.025308690957314
MVSC + MDT,34,ami,0.5621924423984542
MVSC + MDT,34,ari,0.42435413929968785
MVSC + MDT,35,chs,5.146657091100431
MVSC + MDT,35,ami,0.6008856690795926
MVSC + MDT,35,ari,0.46200793408605434
MVSC + MDT,36,chs,5.146657091100431
MVSC + MDT,36,ami,0.6008856690795928
MVSC + MDT,36,ari,0.46200793408605434
MVSC + MDT,37,chs,5.127084948928565
MVSC + MDT,37,ami,0.5809780488094178
MVSC + MDT,37,ari,0.4407774269359978
MVSC + MDT,38,chs,5.176293688980915
MVSC + MDT,38,ami,0.5880844642723075
MVSC + MDT,38,ari,0.44481184065501495
MVSC + MDT,39,chs,5.120937543639925
MVSC + MDT,39,ami,0.5889894867179479
MVSC + MDT,39,ari,0.4472280913572794
MVSC + MDT,40,chs,5.119989577798449
MVSC + MDT,40,ami,0.5949730882332985
MVSC + MDT,40,ari,0.45269223530093095
MVSC + MDT,41,chs,5.171063277980598
MVSC + MDT,41,ami,0.5880844642723076
MVSC + MDT,41,ari,0.44481184065501495
MVSC + MDT,42,chs,5.171063277980598
MVSC + MDT,42,ami,0.5880844642723075
MVSC + MDT,42,ari,0.44481184065501495
MVSC + MDT,43,chs,5.194431579586921
MVSC + MDT,43,ami,0.6082608898981775
MVSC + MDT,43,ari,0.45137854213670486
MVSC + MDT,44,chs,5.178604127338284
MVSC + MDT,44,ami,0.5892496562075672
MVSC + MDT,44,ari,0.4472280913572794
MVSC + MDT,45,chs,4.929024044109705
MVSC + MDT,45,ami,0.5567169132259245
MVSC + MDT,45,ari,0.3938637796648824
MVSC + MDT,46,chs,5.186114176369824
MVSC + MDT,46,ami,0.5977496788725554
MVSC + MDT,46,ari,0.4405695156574431
MVSC + MDT,47,chs,5.139916986099288
MVSC + MDT,47,ami,0.5983938758656281
MVSC + MDT,47,ari,0.4366898196287208
MVSC + MDT,48,chs,5.171063277980598
MVSC + MDT,48,ami,0.5880844642723076
MVSC + MDT,48,ari,0.44481184065501495
MVSC + MDT,49,chs,5.1362099879919025
MVSC + MDT,49,ami,0.5919355384111424
MVSC + MDT,49,ari,0.45397711577325134
MVSC + MDT,50,chs,4.9184659198993055
MVSC + MDT,50,ami,0.5756749590478354
MVSC + MDT,50,ari,0.41852420682689245
MVSC + MDT,51,chs,5.196705222321982
MVSC + MDT,51,ami,0.5923093584476466
MVSC + MDT,51,ari,0.43217144551268477
MVSC + MDT,52,chs,5.1710632779806
MVSC + MDT,52,ami,0.5880844642723076
MVSC + MDT,52,ari,0.44481184065501495
MVSC + MDT,53,chs,5.1814533733631825
MVSC + MDT,53,ami,0.5827661771613626
MVSC + MDT,53,ari,0.436595525400438
MVSC + MDT,54,chs,5.163730464405905
MVSC + MDT,54,ami,0.5883977949079214
MVSC + MDT,54,ari,0.43217144551268477
MVSC + MDT,55,chs,5.153051134429831
MVSC + MDT,55,ami,0.5807392393653705
MVSC + MDT,55,ari,0.4404561600299121
MVSC + MDT,56,chs,5.105282649777714
MVSC + MDT,56,ami,0.5969967014913227
MVSC + MDT,56,ari,0.457040764238314
MVSC + MDT,57,chs,5.175195695273302
MVSC + MDT,57,ami,0.600466954571699
MVSC + MDT,57,ari,0.4520702294866858
MVSC + MDT,58,chs,4.949844465976089
MVSC + MDT,58,ami,0.5748537627626485
MVSC + MDT,58,ari,0.4538442140240013
MVSC + MDT,59,chs,4.8640813532998
MVSC + MDT,59,ami,0.5771166933998685
MVSC + MDT,59,ari,0.4095887334363812
MVSC + MDT,60,chs,5.171063277980598
MVSC + MDT,60,ami,0.5880844642723076
MVSC + MDT,60,ari,0.44481184065501495
MVSC + MDT,61,chs,5.123877831206517
MVSC + MDT,61,ami,0.5937177297173621
MVSC + MDT,61,ari,0.4481029751899898
MVSC + MDT,62,chs,5.138457814339609
MVSC + MDT,62,ami,0.5875843807496989
MVSC + MDT,62,ari,0.43775444611099207
MVSC + MDT,63,chs,5.167327311332844
MVSC + MDT,63,ami,0.5914936833642933
MVSC + MDT,63,ari,0.4435843704115526
MVSC + MDT,64,chs,5.151844376885209
MVSC + MDT,64,ami,0.5866255867989776
MVSC + MDT,64,ari,0.44563178784838836
MVSC + MDT,65,chs,5.146657091100431
MVSC + MDT,65,ami,0.6008856690795928
MVSC + MDT,65,ari,0.46200793408605434
MVSC + MDT,66,chs,5.129443192424269
MVSC + MDT,66,ami,0.5903349308321618
MVSC + MDT,66,ari,0.43355300424144455
MVSC + MDT,67,chs,5.176293688980917
MVSC + MDT,67,ami,0.5880844642723076
MVSC + MDT,67,ari,0.44481184065501495
MVSC + MDT,68,chs,5.1125729755798055
MVSC + MDT,68,ami,0.5947613685135853
MVSC + MDT,68,ari,0.4502357368398287
MVSC + MDT,69,chs,5.157013160269428
MVSC + MDT,69,ami,0.5955755799321144
MVSC + MDT,69,ari,0.4536669718238226
MVSC + MDT,70,chs,5.146021787213983
MVSC + MDT,70,ami,0.5988937166500616
MVSC + MDT,70,ari,0.4520314642418994
MVSC + MDT,71,chs,5.167327311332844
MVSC + MDT,71,ami,0.5914936833642931
MVSC + MDT,71,ari,0.4435843704115526
MVSC + MDT,72,chs,4.969494758767902
MVSC + MDT,72,ami,0.5599777764413852
MVSC + MDT,72,ari,0.40409095259581335
MVSC + MDT,73,chs,5.150350357652607
MVSC + MDT,73,ami,0.5895469902094885
MVSC + MDT,73,ari,0.4440778525432313
MVSC + MDT,74,chs,5.178604127338285
MVSC + MDT,74,ami,0.5892496562075672
MVSC + MDT,74,ari,0.4472280913572794
MVSC + MDT,75,chs,5.147572219292973
MVSC + MDT,75,ami,0.58063803881953
MVSC + MDT,75,ari,0.4401962906834091
MVSC + MDT,76,chs,5.171063277980598
MVSC + MDT,76,ami,0.5880844642723078
MVSC + MDT,76,ari,0.44481184065501495
MVSC + MDT,77,chs,5.170987045065206
MVSC + MDT,77,ami,0.594537296388642
MVSC + MDT,77,ari,0.44236693783096953
MVSC + MDT,78,chs,5.181453373363183
MVSC + MDT,78,ami,0.5827661771613629
MVSC + MDT,78,ari,0.436595525400438
MVSC + MDT,79,chs,5.157013160269427
MVSC + MDT,79,ami,0.5955755799321143
MVSC + MDT,79,ari,0.4536669718238226
MVSC + MDT,80,chs,5.171063277980598
MVSC + MDT,80,ami,0.5880844642723076
MVSC + MDT,80,ari,0.44481184065501495
MVSC + MDT,81,chs,5.159512225396882
MVSC + MDT,81,ami,0.5794700308648626
MVSC + MDT,81,ari,0.4377991462205166
MVSC + MDT,82,chs,4.922215471325871
MVSC + MDT,82,ami,0.5631617838845681
MVSC + MDT,82,ari,0.4030816516358636
MVSC + MDT,83,chs,5.190132941927401
MVSC + MDT,83,ami,0.5958668972590769
MVSC + MDT,83,ari,0.4441548824425742
MVSC + MDT,84,chs,5.182425750343454
MVSC + MDT,84,ami,0.5947030036210347
MVSC + MDT,84,ari,0.44177339063098325
MVSC + MDT,85,chs,5.182425750343455
MVSC + MDT,85,ami,0.5947030036210347
MVSC + MDT,85,ari,0.44177339063098325
MVSC + MDT,86,chs,5.193936727387556
MVSC + MDT,86,ami,0.5989128451890978
MVSC + MDT,86,ari,0.4429363627338354
MVSC + MDT,87,chs,5.171063277980598
MVSC + MDT,87,ami,0.5880844642723076
MVSC + MDT,87,ari,0.44481184065501495
MVSC + MDT,88,chs,4.813870908758088
MVSC + MDT,88,ami,0.575622309736564
MVSC + MDT,88,ari,0.4000232279044559
MVSC + MDT,89,chs,5.171063277980598
MVSC + MDT,89,ami,0.5880844642723076
MVSC + MDT,89,ari,0.44481184065501495
MVSC + MDT,90,chs,5.17469440450569
MVSC + MDT,90,ami,0.5911252975994205
MVSC + MDT,90,ari,0.4435843704115526
MVSC + MDT,91,chs,4.920155367881065
MVSC + MDT,91,ami,0.5786929464293362
MVSC + MDT,91,ari,0.4382844743224269
MVSC + MDT,92,chs,4.967053835155407
MVSC + MDT,92,ami,0.5715566082237705
MVSC + MDT,92,ari,0.44186968588924624
MVSC + MDT,93,chs,4.965931608668947
MVSC + MDT,93,ami,0.5791258764064044
MVSC + MDT,93,ari,0.4469268021478003
MVSC + MDT,94,chs,5.158499269083177
MVSC + MDT,94,ami,0.5854607613153006
MVSC + MDT,94,ari,0.4431944866727475
MVSC + MDT,95,chs,5.198066207638316
MVSC + MDT,95,ami,0.5893789748316404
MVSC + MDT,95,ari,0.43363258591101844
MVSC + MDT,96,chs,4.910578265911263
MVSC + MDT,96,ami,0.5692445842020325
MVSC + MDT,96,ari,0.4249503612014702
MVSC + MDT,97,chs,5.179056247328641
MVSC + MDT,97,ami,0.5985841277996301
MVSC + MDT,97,ari,0.4557861282482707
MVSC + MDT,98,chs,5.171063277980598
MVSC + MDT,98,ami,0.5880844642723078
MVSC + MDT,98,ari,0.44481184065501495
MVSC + MDT,99,chs,5.178604127338285
MVSC + MDT,99,ami,0.5892496562075671
MVSC + MDT,99,ari,0.4472280913572794
Random MDT (Dirichlet),0,chs,5.239354731813976
Random MDT (Dirichlet),0,ami,0.588441832709289
Random MDT (Dirichlet),0,ari,0.41594956003602856
Random MDT (Dirichlet),1,chs,5.208570370068357
Random MDT (Dirichlet),1,ami,0.5938603809519328
Random MDT (Dirichlet),1,ari,0.4353721256428784
Random MDT (Dirichlet),2,chs,5.2138664032053414
Random MDT (Dirichlet),2,ami,0.5881788472470562
Random MDT (Dirichlet),2,ari,0.4241072055005964
Random MDT (Dirichlet),3,chs,5.219294482347524
Random MDT (Dirichlet),3,ami,0.5734722586789505
Random MDT (Dirichlet),3,ari,0.3747412796972814
Random MDT (Dirichlet),4,chs,5.23552409982856
Random MDT (Dirichlet),4,ami,0.5855072622834319
Random MDT (Dirichlet),4,ari,0.4173104494647903
Random MDT (Dirichlet),5,chs,5.163067912614643
Random MDT (Dirichlet),5,ami,0.5818146724729386
Random MDT (Dirichlet),5,ari,0.42665475329390573
Random MDT (Dirichlet),6,chs,5.1720360291790834
Random MDT (Dirichlet),6,ami,0.5881948989845067
Random MDT (Dirichlet),6,ari,0.4090830160956388
Random MDT (Dirichlet),7,chs,5.199738414936352
Random MDT (Dirichlet),7,ami,0.5768148321020992
Random MDT (Dirichlet),7,ari,0.38913374156558367
Random MDT (Dirichlet),8,chs,5.239354731813975
Random MDT (Dirichlet),8,ami,0.5884418327092891
Random MDT (Dirichlet),8,ari,0.41594956003602856
Random MDT (Dirichlet),9,chs,5.188099287104428
Random MDT (Dirichlet),9,ami,0.5845225558964725
Random MDT (Dirichlet),9,ari,0.41594956003602856
Random MDT (Dirichlet),10,chs,5.179672218393692
Random MDT (Dirichlet),10,ami,0.5841439854014162
Random MDT (Dirichlet),10,ari,0.40758782974858604
Random MDT (Dirichlet),11,chs,5.126532625931719
Random MDT (Dirichlet),11,ami,0.5433831194123829
Random MDT (Dirichlet),11,ari,0.38579335025591943
Random MDT (Dirichlet),12,chs,5.123134431973986
Random MDT (Dirichlet),12,ami,0.5592059764411218
Random MDT (Dirichlet),12,ari,0.4140091849435598
Random MDT (Dirichlet),13,chs,5.026695275440599
Random MDT (Dirichlet),13,ami,0.5651681482369831
Random MDT (Dirichlet),13,ari,0.42073467796940467
Random MDT (Dirichlet),14,chs,5.214292864220823
Random MDT (Dirichlet),14,ami,0.5819466818797001
Random MDT (Dirichlet),14,ari,0.42180593559250684
Random MDT (Dirichlet),15,chs,5.1400988047557234
Random MDT (Dirichlet),15,ami,0.5707476384917474
Random MDT (Dirichlet),15,ari,0.38269698490522336
Random MDT (Dirichlet),16,chs,5.191161056106259
Random MDT (Dirichlet),16,ami,0.580307069351346
Random MDT (Dirichlet),16,ari,0.3948257982842444
Random MDT (Dirichlet),17,chs,5.155716014219386
Random MDT (Dirichlet),17,ami,0.5753968242195091
Random MDT (Dirichlet),17,ari,0.36824623837173004
Random MDT (Dirichlet),18,chs,5.1813400456967145
Random MDT (Dirichlet),18,ami,0.5848447288370205
Random MDT (Dirichlet),18,ari,0.40423009816065314
Random MDT (Dirichlet),19,chs,5.147379865519183
Random MDT (Dirichlet),19,ami,0.5856932053435474
Random MDT (Dirichlet),19,ari,0.4181727117158479
Random MDT (Dirichlet),20,chs,5.184587135725644
Random MDT (Dirichlet),20,ami,0.5711439424503612
Random MDT (Dirichlet),20,ari,0.3976185671039354
Random MDT (Dirichlet),21,chs,5.214080198274417
Random MDT (Dirichlet),21,ami,0.5825237402772915
Random MDT (Dirichlet),21,ari,0.42011163805766566
Random MDT (Dirichlet),22,chs,5.155479460420816
Random MDT (Dirichlet),22,ami,0.5795806759584633
Random MDT (Dirichlet),22,ari,0.41751082342062124
Random MDT (Dirichlet),23,chs,5.115062869837833
Random MDT (Dirichlet),23,ami,0.5585633596809186
Random MDT (Dirichlet),23,ari,0.3954830684946823
Random MDT (Dirichlet),24,chs,5.112841604156593
Random MDT (Dirichlet),24,ami,0.5738000981382605
Random MDT (Dirichlet),24,ari,0.40550141682217156
Random MDT (Dirichlet),25,chs,5.175680403847123
Random MDT (Dirichlet),25,ami,0.578369510457372
Random MDT (Dirichlet),25,ari,0.38233005497939865
Random MDT (Dirichlet),26,chs,5.204698024856579
Random MDT (Dirichlet),26,ami,0.6022839113395336
Random MDT (Dirichlet),26,ari,0.4183019439070294
Random MDT (Dirichlet),27,chs,5.206030759783436
Random MDT (Dirichlet),27,ami,0.5874438737030093
Random MDT (Dirichlet),27,ari,0.4215591780860188
Random MDT (Dirichlet),28,chs,5.165950830840488
Random MDT (Dirichlet),28,ami,0.5524690131623031
Random MDT (Dirichlet),28,ari,0.39663271669091665
Random MDT (Dirichlet),29,chs,5.213003476091269
Random MDT (Dirichlet),29,ami,0.5791422662122474
Random MDT (Dirichlet),29,ari,0.3954928677028809
Random MDT (Dirichlet),30,chs,5.113519272969822
Random MDT (Dirichlet),30,ami,0.5698363423762631
Random MDT (Dirichlet),30,ari,0.41149719320685
Random MDT (Dirichlet),31,chs,5.079637850853664
Random MDT (Dirichlet),31,ami,0.5344789210025129
Random MDT (Dirichlet),31,ari,0.391719244030502
Random MDT (Dirichlet),32,chs,5.206657160672381
Random MDT (Dirichlet),32,ami,0.5799387366347565
Random MDT (Dirichlet),32,ari,0.3869178602221107
Random MDT (Dirichlet),33,chs,5.191033946575306
Random MDT (Dirichlet),33,ami,0.583217941296869
Random MDT (Dirichlet),33,ari,0.42699458597389517
Random MDT (Dirichlet),34,chs,5.143387631148664
Random MDT (Dirichlet),34,ami,0.5733387838799288
Random MDT (Dirichlet),34,ari,0.3941231282071473
Random MDT (Dirichlet),35,chs,5.215549932248822
Random MDT (Dirichlet),35,ami,0.5854433839756633
Random MDT (Dirichlet),35,ari,0.4258091812989211
Random MDT (Dirichlet),36,chs,5.178477943823831
Random MDT (Dirichlet),36,ami,0.5869382802370934
Random MDT (Dirichlet),36,ari,0.4204137507158921
Random MDT (Dirichlet),37,chs,5.216506103922118
Random MDT (Dirichlet),37,ami,0.5635890762270792
Random MDT (Dirichlet),37,ari,0.39756721266155226
Random MDT (Dirichlet),38,chs,5.217152110535053
Random MDT (Dirichlet),38,ami,0.5761753803302615
Random MDT (Dirichlet),38,ari,0.41753708908371434
Random MDT (Dirichlet),39,chs,4.997650136668892
Random MDT (Dirichlet),39,ami,0.5375944415663967
Random MDT (Dirichlet),39,ari,0.3889708257834338
Random MDT (Dirichlet),40,chs,5.2031550627769
Random MDT (Dirichlet),40,ami,0.5881163547940202
Random MDT (Dirichlet),40,ari,0.40105815968828595
Random MDT (Dirichlet),41,chs,5.167918769324683
Random MDT (Dirichlet),41,ami,0.5705415961468774
Random MDT (Dirichlet),41,ari,0.42203765696286566
Random MDT (Dirichlet),42,chs,5.174970933777096
Random MDT (Dirichlet),42,ami,0.5824882117288428
Random MDT (Dirichlet),42,ari,0.42208931755324375
Random MDT (Dirichlet),43,chs,5.148859695389919
Random MDT (Dirichlet),43,ami,0.6069435671604924
Random MDT (Dirichlet),43,ari,0.44109000916088986
Random MDT (Dirichlet),44,chs,5.231709293033428
Random MDT (Dirichlet),44,ami,0.5930514498914861
Random MDT (Dirichlet),44,ari,0.43072361116966706
Random MDT (Dirichlet),45,chs,5.1331629856264955
Random MDT (Dirichlet),45,ami,0.5689166414716047
Random MDT (Dirichlet),45,ari,0.3900526717864179
Random MDT (Dirichlet),46,chs,5.163368784398181
Random MDT (Dirichlet),46,ami,0.5913755212651077
Random MDT (Dirichlet),46,ari,0.415062492464735
Random MDT (Dirichlet),47,chs,5.1959174052281325
Random MDT (Dirichlet),47,ami,0.5762146175719443
Random MDT (Dirichlet),47,ari,0.4103963824499939
Random MDT (Dirichlet),48,chs,5.198027639638631
Random MDT (Dirichlet),48,ami,0.5754679083969805
Random MDT (Dirichlet),48,ari,0.408268518903631
Random MDT (Dirichlet),49,chs,5.1620108811189604
Random MDT (Dirichlet),49,ami,0.5827661771613627
Random MDT (Dirichlet),49,ari,0.436595525400438
